-- phpMyAdmin SQL Dump
-- version 4.1.11
-- http://www.phpmyadmin.net
--
-- Machine: localhost
-- Gegenereerd op: 25 aug 2016 om 15:55
-- Serverversie: 5.5.36
-- PHP-versie: 5.4.26

SET SQL_MODE = "NO_AUTO_VALUE_ON_ZERO";
SET time_zone = "+00:00";


/*!40101 SET @OLD_CHARACTER_SET_CLIENT=@@CHARACTER_SET_CLIENT */;
/*!40101 SET @OLD_CHARACTER_SET_RESULTS=@@CHARACTER_SET_RESULTS */;
/*!40101 SET @OLD_COLLATION_CONNECTION=@@COLLATION_CONNECTION */;
/*!40101 SET NAMES utf8 */;

--
-- Databank: `peni232507_cx`
--

-- --------------------------------------------------------

--
-- Tabelstructuur voor tabel `Country`
--

CREATE TABLE IF NOT EXISTS `Country` (
  `country` varchar(10) NOT NULL,
  `CountryName` varchar(50) NOT NULL
) ENGINE=MyISAM DEFAULT CHARSET=latin1;

--
-- Gegevens worden geëxporteerd voor tabel `Country`
--

INSERT INTO `Country` (`country`, `CountryName`) VALUES
('nl', 'Netherlands'),
('de', 'Germay'),
('be', 'Belgium'),
('se', 'Sweden');

-- --------------------------------------------------------

--
-- Tabelstructuur voor tabel `Evaluations`
--

CREATE TABLE IF NOT EXISTS `Evaluations` (
  `RowNumber` int(11) NOT NULL,
  `PersonID` int(11) NOT NULL,
  `State` varchar(50) NOT NULL,
  `score` int(11) NOT NULL,
  `scoreName` varchar(50) NOT NULL,
  `Channel` int(11) NOT NULL
) ENGINE=MyISAM DEFAULT CHARSET=latin1;

--
-- Gegevens worden geëxporteerd voor tabel `Evaluations`
--

INSERT INTO `Evaluations` (`RowNumber`, `PersonID`, `State`, `score`, `scoreName`, `Channel`) VALUES
(0, 0, 'State', 0, ' scoreName', 0),
(1, 4, 's2', 4, 'first contact experience', 1),
(2, 6, 's2', 3, 'first contact experience', 2),
(3, 18, 's2', 10, 'first contact experience', 0),
(4, 22, 's5', 1, 'NPS', 1),
(5, 30, 's9', 10, 'CES', 3),
(6, 30, 's9', 7, 'NPS', 1),
(7, 31, 's5', 5, 'NPS', 3),
(8, 32, 's2', 10, 'first contact experience', 1),
(9, 37, 's5', 4, 'NPS', 3),
(10, 37, 's5', 10, 'NPS', 1),
(11, 39, 's4', 7, 'CES', 1),
(12, 42, 's5', 9, 'NPS', 3),
(13, 42, 's4', 10, 'CES', 0),
(14, 47, 's2', 10, 'first contact experience', 0),
(15, 49, 's9', 10, 'CES', 1),
(16, 49, 's9', 9, 'NPS', 1),
(17, 51, 's7', 10, 'CES', 2),
(18, 51, 's4', 10, 'CES', 2),
(19, 66, 's2', 5, 'first contact experience', 2),
(20, 67, 's7', 10, 'CES', 1),
(21, 72, 's4', 3, 'CES', 3),
(22, 74, 's7', 10, 'CES', 0),
(23, 74, 's9', 8, 'CES', 2),
(24, 74, 's9', 6, 'NPS', 0),
(25, 74, 's7', 5, 'CES', 3),
(26, 74, 's8', 10, 'CES', 3),
(27, 75, 's9', 9, 'CES', 3),
(28, 75, 's9', 4, 'NPS', 2),
(29, 80, 's7', 10, 'CES', 3),
(30, 80, 's9', 10, 'CES', 1),
(31, 80, 's9', 10, 'NPS', 1),
(32, 80, 's7', 10, 'CES', 3),
(33, 82, 's5', 7, 'NPS', 2),
(34, 84, 's7', 7, 'CES', 3),
(35, 84, 's7', 10, 'CES', 3),
(36, 85, 's2', 7, 'first contact experience', 3),
(37, 91, 's5', 10, 'NPS', 0),
(38, 91, 's4', 10, 'CES', 0),
(39, 92, 's5', 10, 'NPS', 0),
(40, 93, 's2', 4, 'first contact experience', 0),
(41, 93, 's7', 10, 'CES', 2),
(42, 103, 's4', 5, 'CES', 2),
(43, 103, 's4', 10, 'CES', 3),
(44, 112, 's5', 10, 'NPS', 2),
(45, 112, 's7', 6, 'CES', 3),
(46, 113, 's5', 3, 'NPS', 3),
(47, 115, 's5', 8, 'NPS', 2),
(48, 115, 's5', 10, 'NPS', 3),
(49, 115, 's5', 5, 'NPS', 2),
(50, 116, 's4', 10, 'CES', 2),
(51, 116, 's7', 7, 'CES', 0),
(52, 116, 's8', 10, 'CES', 3),
(53, 117, 's2', 9, 'first contact experience', 1),
(54, 118, 's4', 6, 'CES', 0),
(55, 119, 's2', 4, 'first contact experience', 2),
(56, 119, 's5', 10, 'NPS', 0),
(57, 119, 's9', 10, 'CES', 1),
(58, 119, 's9', 10, 'NPS', 1),
(59, 120, 's9', 5, 'CES', 3),
(60, 120, 's9', 9, 'NPS', 3),
(61, 120, 's7', 6, 'CES', 2),
(62, 127, 's5', 7, 'NPS', 3),
(63, 127, 's9', 7, 'CES', 1),
(64, 127, 's9', 10, 'NPS', 1),
(65, 127, 's7', 10, 'CES', 1),
(66, 128, 's4', 10, 'CES', 3),
(67, 128, 's7', 10, 'CES', 3),
(68, 128, 's9', 10, 'CES', 1),
(69, 128, 's9', 10, 'NPS', 2),
(70, 130, 's5', 3, 'NPS', 2),
(71, 130, 's5', 4, 'NPS', 2),
(72, 130, 's7', 10, 'CES', 1),
(73, 130, 's9', 10, 'CES', 1),
(74, 130, 's9', 5, 'NPS', 2),
(75, 131, 's5', 6, 'NPS', 2),
(76, 131, 's5', 3, 'NPS', 2),
(77, 131, 's4', 3, 'CES', 3),
(78, 131, 's7', 4, 'CES', 2),
(79, 131, 's4', 10, 'CES', 3),
(80, 131, 's9', 10, 'CES', 2),
(81, 131, 's9', 10, 'NPS', 3),
(82, 131, 's7', 10, 'CES', 2),
(83, 133, 's7', 7, 'CES', 1),
(84, 135, 's7', 10, 'CES', 0),
(85, 135, 's8', 10, 'CES', 3),
(86, 135, 's7', 10, 'CES', 1),
(87, 136, 's4', 7, 'CES', 0),
(88, 136, 's5', 5, 'NPS', 2),
(89, 136, 's9', 4, 'CES', 2),
(90, 136, 's9', 10, 'NPS', 1),
(91, 146, 's4', 1, 'CES', 2),
(92, 146, 's7', 8, 'CES', 2),
(93, 151, 's4', 6, 'CES', 1),
(94, 151, 's7', 4, 'CES', 1),
(95, 156, 's4', 10, 'CES', 0),
(96, 158, 's2', 10, 'first contact experience', 0),
(97, 158, 's4', 10, 'CES', 2),
(98, 158, 's7', 10, 'CES', 2),
(99, 163, 's2', 8, 'first contact experience', 3),
(100, 164, 's2', 6, 'first contact experience', 0),
(101, 164, 's5', 8, 'NPS', 2),
(102, 164, 's4', 6, 'CES', 2),
(103, 164, 's5', 10, 'NPS', 3),
(104, 164, 's4', 5, 'CES', 1),
(105, 170, 's2', 6, 'first contact experience', 1),
(106, 170, 's4', 9, 'CES', 0),
(107, 171, 's2', 9, 'first contact experience', 0),
(108, 174, 's2', 2, 'first contact experience', 1),
(109, 174, 's5', 7, 'NPS', 2),
(110, 182, 's4', 10, 'CES', 1),
(111, 182, 's9', 1, 'CES', 1),
(112, 182, 's9', 4, 'NPS', 0),
(113, 188, 's2', 10, 'first contact experience', 3),
(114, 189, 's4', 8, 'CES', 2),
(115, 189, 's7', 4, 'CES', 0),
(116, 189, 's7', 7, 'CES', 3),
(117, 189, 's7', 6, 'CES', 2),
(118, 194, 's4', 8, 'CES', 2),
(119, 194, 's7', 5, 'CES', 3),
(120, 194, 's9', 6, 'CES', 3),
(121, 194, 's9', 6, 'NPS', 3),
(122, 198, 's7', 3, 'CES', 3),
(123, 198, 's4', 10, 'CES', 3),
(124, 198, 's7', 7, 'CES', 0),
(125, 198, 's9', 9, 'CES', 3),
(126, 198, 's9', 8, 'NPS', 1),
(127, 199, 's5', 4, 'NPS', 1),
(128, 203, 's5', 5, 'NPS', 3),
(129, 203, 's7', 5, 'CES', 1),
(130, 203, 's8', 2, 'CES', 0),
(131, 203, 's9', 6, 'CES', 1),
(132, 203, 's9', 10, 'NPS', 0),
(133, 205, 's5', 10, 'NPS', 3),
(134, 205, 's4', 10, 'CES', 0),
(135, 205, 's4', 10, 'CES', 3),
(136, 205, 's7', 10, 'CES', 1),
(137, 208, 's5', 9, 'NPS', 3),
(138, 208, 's7', 10, 'CES', 1),
(139, 208, 's9', 10, 'CES', 1),
(140, 208, 's9', 8, 'NPS', 2),
(141, 211, 's2', 10, 'first contact experience', 1),
(142, 211, 's5', 8, 'NPS', 3),
(143, 211, 's4', 10, 'CES', 3),
(144, 213, 's2', 10, 'first contact experience', 0),
(145, 218, 's7', 10, 'CES', 3),
(146, 218, 's7', 10, 'CES', 2),
(147, 218, 's7', 6, 'CES', 1),
(148, 218, 's9', 10, 'CES', 1),
(149, 218, 's9', 5, 'NPS', 3),
(150, 220, 's5', 5, 'NPS', 1),
(151, 224, 's4', 8, 'CES', 1),
(152, 224, 's7', 6, 'CES', 3),
(153, 224, 's4', 7, 'CES', 1),
(154, 226, 's7', 8, 'CES', 3),
(155, 226, 's9', 10, 'CES', 0),
(156, 226, 's9', 9, 'NPS', 1),
(157, 226, 's7', 10, 'CES', 0),
(158, 226, 's7', 10, 'CES', 3),
(159, 226, 's4', 8, 'CES', 0),
(160, 226, 's7', 10, 'CES', 2),
(161, 226, 's8', 10, 'CES', 0),
(162, 228, 's5', 9, 'NPS', 2),
(163, 228, 's4', 5, 'CES', 0),
(164, 229, 's5', 9, 'NPS', 2),
(165, 229, 's7', 10, 'CES', 2),
(166, 229, 's7', 10, 'CES', 0),
(167, 230, 's5', 10, 'NPS', 2),
(168, 233, 's9', 3, 'CES', 2),
(169, 233, 's9', 6, 'NPS', 0),
(170, 238, 's2', 3, 'first contact experience', 2),
(171, 238, 's5', 6, 'NPS', 0),
(172, 238, 's7', 9, 'CES', 1),
(173, 238, 's9', 10, 'CES', 3),
(174, 238, 's9', 7, 'NPS', 2),
(175, 238, 's9', 5, 'CES', 1),
(176, 238, 's9', 5, 'NPS', 2),
(177, 243, 's9', 6, 'CES', 2),
(178, 243, 's9', 8, 'NPS', 3),
(179, 248, 's7', 10, 'CES', 2),
(180, 248, 's9', 10, 'CES', 0),
(181, 248, 's9', 10, 'NPS', 3),
(182, 249, 's2', 5, 'first contact experience', 0),
(183, 249, 's7', 9, 'CES', 0),
(184, 252, 's2', 2, 'first contact experience', 0),
(185, 252, 's9', 6, 'CES', 2),
(186, 252, 's9', 3, 'NPS', 0),
(187, 254, 's5', 10, 'NPS', 0),
(188, 260, 's2', 4, 'first contact experience', 0),
(189, 260, 's7', 7, 'CES', 3),
(190, 261, 's4', 4, 'CES', 1),
(191, 263, 's9', 7, 'CES', 0),
(192, 263, 's9', 10, 'NPS', 3),
(193, 266, 's2', 9, 'first contact experience', 1),
(194, 267, 's2', 10, 'first contact experience', 3),
(195, 267, 's5', 10, 'NPS', 2),
(196, 270, 's4', 2, 'CES', 2),
(197, 272, 's7', 4, 'CES', 2),
(198, 272, 's9', 6, 'CES', 0),
(199, 272, 's9', 4, 'NPS', 0),
(200, 273, 's4', 4, 'CES', 3),
(201, 273, 's5', 3, 'NPS', 3),
(202, 273, 's5', 3, 'NPS', 1),
(203, 273, 's4', 3, 'CES', 3),
(204, 283, 's7', 6, 'CES', 1),
(205, 283, 's9', 4, 'CES', 2),
(206, 283, 's9', 9, 'NPS', 1),
(207, 283, 's9', 10, 'CES', 0),
(208, 283, 's9', 8, 'NPS', 2),
(209, 284, 's2', 9, 'first contact experience', 1),
(210, 284, 's7', 10, 'CES', 1),
(211, 284, 's9', 10, 'CES', 2),
(212, 284, 's9', 10, 'NPS', 1),
(213, 284, 's9', 10, 'CES', 3),
(214, 284, 's9', 10, 'NPS', 3),
(215, 286, 's4', 10, 'CES', 3),
(216, 289, 's5', 1, 'NPS', 1),
(217, 297, 's7', 10, 'CES', 0),
(218, 301, 's5', 5, 'NPS', 0),
(219, 301, 's5', 2, 'NPS', 3),
(220, 310, 's5', 8, 'NPS', 2),
(221, 310, 's4', 6, 'CES', 2),
(222, 310, 's7', 10, 'CES', 2),
(223, 310, 's7', 10, 'CES', 0),
(224, 311, 's2', 6, 'first contact experience', 3),
(225, 314, 's2', 5, 'first contact experience', 1),
(226, 314, 's9', 7, 'CES', 1),
(227, 314, 's9', 10, 'NPS', 1),
(228, 315, 's9', 8, 'CES', 0),
(229, 315, 's9', 3, 'NPS', 2),
(230, 319, 's5', 10, 'NPS', 0),
(231, 319, 's4', 6, 'CES', 3),
(232, 320, 's2', 10, 'first contact experience', 3),
(233, 323, 's7', 9, 'CES', 2),
(234, 324, 's7', 8, 'CES', 1),
(235, 324, 's9', 10, 'CES', 3),
(236, 324, 's9', 7, 'NPS', 0),
(237, 326, 's5', 9, 'NPS', 2),
(238, 326, 's7', 10, 'CES', 3),
(239, 326, 's7', 10, 'CES', 3),
(240, 331, 's5', 10, 'NPS', 3),
(241, 331, 's4', 10, 'CES', 0),
(242, 332, 's2', 8, 'first contact experience', 2),
(243, 336, 's5', 6, 'NPS', 2),
(244, 336, 's9', 2, 'CES', 0),
(245, 336, 's9', 4, 'NPS', 0),
(246, 336, 's7', 9, 'CES', 1),
(247, 339, 's5', 6, 'NPS', 3),
(248, 339, 's5', 7, 'NPS', 0),
(249, 340, 's2', 9, 'first contact experience', 1),
(250, 341, 's2', 8, 'first contact experience', 0),
(251, 343, 's2', 10, 'first contact experience', 2),
(252, 343, 's4', 3, 'CES', 3),
(253, 343, 's7', 8, 'CES', 3),
(254, 343, 's7', 10, 'CES', 3),
(255, 344, 's4', 6, 'CES', 0),
(256, 344, 's7', 8, 'CES', 3),
(257, 345, 's2', 4, 'first contact experience', 3),
(258, 347, 's2', 7, 'first contact experience', 0),
(259, 347, 's5', 5, 'NPS', 2),
(260, 347, 's7', 2, 'CES', 3),
(261, 348, 's2', 9, 'first contact experience', 0),
(262, 348, 's7', 4, 'CES', 2),
(263, 348, 's9', 10, 'CES', 0),
(264, 348, 's9', 8, 'NPS', 0),
(265, 351, 's5', 5, 'NPS', 0),
(266, 351, 's5', 9, 'NPS', 0),
(267, 355, 's4', 5, 'CES', 1),
(268, 355, 's7', 10, 'CES', 1),
(269, 357, 's9', 10, 'CES', 1),
(270, 357, 's9', 6, 'NPS', 3),
(271, 358, 's5', 7, 'NPS', 2),
(272, 358, 's7', 8, 'CES', 2),
(273, 360, 's4', 10, 'CES', 0),
(274, 360, 's7', 8, 'CES', 0),
(275, 360, 's9', 7, 'CES', 2),
(276, 360, 's9', 7, 'NPS', 1),
(277, 374, 's4', 10, 'CES', 0),
(278, 376, 's2', 4, 'first contact experience', 1),
(279, 380, 's7', 5, 'CES', 0),
(280, 380, 's4', 6, 'CES', 2),
(281, 384, 's4', 7, 'CES', 2),
(282, 386, 's5', 8, 'NPS', 0),
(283, 391, 's5', 10, 'NPS', 2),
(284, 393, 's2', 10, 'first contact experience', 1),
(285, 394, 's2', 8, 'first contact experience', 1),
(286, 394, 's4', 10, 'CES', 2),
(287, 401, 's5', 10, 'NPS', 3),
(288, 403, 's9', 10, 'CES', 2),
(289, 403, 's9', 10, 'NPS', 3),
(290, 404, 's4', 8, 'CES', 0),
(291, 404, 's5', 2, 'NPS', 1),
(292, 404, 's4', 3, 'CES', 1),
(293, 404, 's5', 5, 'NPS', 1),
(294, 405, 's2', 8, 'first contact experience', 1),
(295, 407, 's4', 7, 'CES', 0),
(296, 407, 's5', 10, 'NPS', 0),
(297, 407, 's4', 8, 'CES', 1),
(298, 407, 's7', 6, 'CES', 0),
(299, 408, 's2', 4, 'first contact experience', 2),
(300, 411, 's4', 5, 'CES', 2),
(301, 411, 's7', 8, 'CES', 0),
(302, 411, 's9', 10, 'CES', 1),
(303, 411, 's9', 10, 'NPS', 3),
(304, 413, 's2', 10, 'first contact experience', 0),
(305, 416, 's7', 9, 'CES', 0),
(306, 418, 's7', 10, 'CES', 1),
(307, 419, 's4', 7, 'CES', 3),
(308, 419, 's9', 10, 'CES', 0),
(309, 419, 's9', 10, 'NPS', 0),
(310, 420, 's2', 9, 'first contact experience', 0),
(311, 420, 's5', 10, 'NPS', 3),
(312, 420, 's8', 10, 'CES', 0),
(313, 422, 's5', 10, 'NPS', 3),
(314, 422, 's4', 5, 'CES', 1),
(315, 423, 's5', 8, 'NPS', 2),
(316, 429, 's2', 4, 'first contact experience', 2),
(317, 436, 's2', 10, 'first contact experience', 1),
(318, 439, 's7', 5, 'CES', 2),
(319, 440, 's4', 3, 'CES', 3),
(320, 440, 's7', 2, 'CES', 2),
(321, 440, 's9', 10, 'CES', 2),
(322, 440, 's9', 9, 'NPS', 2),
(323, 441, 's4', 10, 'CES', 1),
(324, 441, 's7', 10, 'CES', 1),
(325, 441, 's8', 7, 'CES', 1),
(326, 441, 's7', 10, 'CES', 0),
(327, 441, 's7', 10, 'CES', 1),
(328, 441, 's9', 10, 'CES', 1),
(329, 441, 's9', 6, 'NPS', 3),
(330, 441, 's4', 10, 'CES', 1),
(331, 443, 's7', 10, 'CES', 0),
(332, 443, 's9', 8, 'CES', 1),
(333, 443, 's9', 6, 'NPS', 2),
(334, 445, 's9', 2, 'CES', 3),
(335, 445, 's9', 5, 'NPS', 1),
(336, 446, 's2', 5, 'first contact experience', 1),
(337, 448, 's2', 6, 'first contact experience', 3),
(338, 449, 's4', 9, 'CES', 2),
(339, 449, 's7', 9, 'CES', 2),
(340, 449, 's7', 8, 'CES', 1),
(341, 449, 's9', 7, 'CES', 1),
(342, 449, 's9', 6, 'NPS', 0),
(343, 449, 's7', 9, 'CES', 0),
(344, 457, 's2', 5, 'first contact experience', 1),
(345, 457, 's4', 2, 'CES', 1),
(346, 460, 's5', 10, 'NPS', 1),
(347, 460, 's4', 5, 'CES', 3),
(348, 462, 's4', 10, 'CES', 3),
(349, 462, 's9', 3, 'CES', 3),
(350, 462, 's9', 4, 'NPS', 1),
(351, 464, 's2', 4, 'first contact experience', 3),
(352, 464, 's7', 7, 'CES', 3),
(353, 464, 's7', 10, 'CES', 2),
(354, 470, 's7', 4, 'CES', 0),
(355, 470, 's9', 7, 'CES', 1),
(356, 470, 's9', 9, 'NPS', 0),
(357, 471, 's5', 4, 'NPS', 3),
(358, 476, 's5', 10, 'NPS', 1),
(359, 476, 's7', 5, 'CES', 0),
(360, 476, 's4', 10, 'CES', 2),
(361, 479, 's2', 6, 'first contact experience', 1),
(362, 479, 's7', 6, 'CES', 1),
(363, 479, 's9', 10, 'CES', 0),
(364, 479, 's9', 6, 'NPS', 1),
(365, 482, 's2', 1, 'first contact experience', 0),
(366, 482, 's9', 5, 'CES', 0),
(367, 482, 's9', 10, 'NPS', 3),
(368, 483, 's4', 5, 'CES', 3),
(369, 483, 's7', 3, 'CES', 2),
(370, 483, 's9', 10, 'CES', 3),
(371, 483, 's9', 10, 'NPS', 1),
(372, 484, 's2', 10, 'first contact experience', 0),
(373, 485, 's5', 10, 'NPS', 3),
(374, 485, 's9', 8, 'CES', 0),
(375, 485, 's9', 10, 'NPS', 3),
(376, 489, 's5', 3, 'NPS', 2),
(377, 489, 's4', 8, 'CES', 0),
(378, 489, 's7', 10, 'CES', 3),
(379, 496, 's2', 1, 'first contact experience', 2),
(380, 496, 's4', 10, 'CES', 2),
(381, 501, 's9', 9, 'CES', 0),
(382, 501, 's9', 3, 'NPS', 1),
(383, 502, 's2', 1, 'first contact experience', 1),
(384, 502, 's7', 8, 'CES', 1),
(385, 503, 's4', 8, 'CES', 3),
(386, 506, 's9', 10, 'CES', 0),
(387, 506, 's9', 6, 'NPS', 2),
(388, 507, 's5', 10, 'NPS', 3),
(389, 508, 's4', 8, 'CES', 2),
(390, 508, 's7', 5, 'CES', 1),
(391, 508, 's9', 6, 'CES', 1),
(392, 508, 's9', 10, 'NPS', 0),
(393, 508, 's7', 10, 'CES', 2),
(394, 508, 's9', 10, 'CES', 1),
(395, 508, 's9', 8, 'NPS', 2),
(396, 509, 's2', 8, 'first contact experience', 0),
(397, 514, 's9', 10, 'CES', 1),
(398, 514, 's9', 9, 'NPS', 0),
(399, 515, 's8', 5, 'CES', 1),
(400, 515, 's7', 10, 'CES', 3),
(401, 515, 's9', 10, 'CES', 1),
(402, 515, 's9', 6, 'NPS', 3),
(403, 520, 's5', 10, 'NPS', 1),
(404, 521, 's5', 7, 'NPS', 0),
(405, 522, 's7', 6, 'CES', 1),
(406, 523, 's7', 8, 'CES', 2),
(407, 523, 's9', 10, 'CES', 1),
(408, 523, 's9', 6, 'NPS', 2),
(409, 523, 's9', 10, 'CES', 0),
(410, 523, 's9', 10, 'NPS', 3),
(411, 524, 's4', 10, 'CES', 1),
(412, 525, 's4', 10, 'CES', 3),
(413, 525, 's5', 9, 'NPS', 2),
(414, 537, 's5', 10, 'NPS', 1),
(415, 537, 's5', 7, 'NPS', 3),
(416, 538, 's2', 7, 'first contact experience', 3),
(417, 538, 's4', 9, 'CES', 3),
(418, 544, 's4', 7, 'CES', 2),
(419, 544, 's8', 7, 'CES', 2),
(420, 546, 's5', 10, 'NPS', 0),
(421, 552, 's4', 10, 'CES', 0),
(422, 553, 's7', 1, 'CES', 0),
(423, 553, 's9', 6, 'CES', 1),
(424, 553, 's9', 5, 'NPS', 1),
(425, 553, 's4', 10, 'CES', 1),
(426, 556, 's5', 10, 'NPS', 0),
(427, 556, 's4', 10, 'CES', 1),
(428, 561, 's5', 10, 'NPS', 1),
(429, 561, 's4', 10, 'CES', 0),
(430, 562, 's4', 10, 'CES', 3),
(431, 562, 's7', 10, 'CES', 2),
(432, 565, 's2', 3, 'first contact experience', 0),
(433, 565, 's5', 10, 'NPS', 0),
(434, 565, 's7', 10, 'CES', 0),
(435, 567, 's7', 9, 'CES', 3),
(436, 567, 's9', 9, 'CES', 2),
(437, 567, 's9', 8, 'NPS', 0),
(438, 569, 's5', 5, 'NPS', 3),
(439, 569, 's4', 9, 'CES', 3),
(440, 572, 's2', 2, 'first contact experience', 0),
(441, 573, 's5', 6, 'NPS', 0),
(442, 573, 's4', 6, 'CES', 1),
(443, 573, 's9', 10, 'CES', 0),
(444, 573, 's9', 7, 'NPS', 1),
(445, 574, 's4', 10, 'CES', 0),
(446, 574, 's5', 10, 'NPS', 2),
(447, 574, 's7', 10, 'CES', 3),
(448, 577, 's5', 5, 'NPS', 2),
(449, 579, 's2', 6, 'first contact experience', 3),
(450, 580, 's2', 6, 'first contact experience', 2),
(451, 580, 's4', 4, 'CES', 3),
(452, 583, 's5', 6, 'NPS', 1),
(453, 583, 's9', 10, 'CES', 2),
(454, 583, 's9', 10, 'NPS', 0),
(455, 586, 's4', 10, 'CES', 1),
(456, 589, 's5', 8, 'NPS', 2),
(457, 589, 's4', 6, 'CES', 1),
(458, 589, 's7', 10, 'CES', 3),
(459, 590, 's7', 8, 'CES', 3),
(460, 590, 's9', 5, 'CES', 0),
(461, 590, 's9', 10, 'NPS', 0),
(462, 592, 's5', 9, 'NPS', 1),
(463, 592, 's7', 4, 'CES', 0),
(464, 592, 's7', 10, 'CES', 3),
(465, 596, 's5', 10, 'NPS', 0),
(466, 596, 's7', 6, 'CES', 2),
(467, 598, 's4', 3, 'CES', 3),
(468, 598, 's5', 5, 'NPS', 0),
(469, 598, 's9', 4, 'CES', 3),
(470, 598, 's9', 4, 'NPS', 1),
(471, 598, 's4', 10, 'CES', 3),
(472, 598, 's7', 9, 'CES', 2),
(473, 598, 's7', 10, 'CES', 1),
(474, 599, 's5', 4, 'NPS', 2),
(475, 599, 's4', 9, 'CES', 3),
(476, 599, 's5', 7, 'NPS', 2),
(477, 606, 's5', 10, 'NPS', 1),
(478, 606, 's5', 4, 'NPS', 1),
(479, 606, 's4', 5, 'CES', 2),
(480, 609, 's2', 10, 'first contact experience', 2),
(481, 611, 's2', 9, 'first contact experience', 1),
(482, 611, 's9', 7, 'CES', 3),
(483, 611, 's9', 10, 'NPS', 0),
(484, 613, 's5', 10, 'NPS', 2),
(485, 613, 's4', 1, 'CES', 3),
(486, 614, 's4', 10, 'CES', 1),
(487, 618, 's4', 6, 'CES', 2),
(488, 619, 's5', 4, 'NPS', 2),
(489, 619, 's7', 8, 'CES', 0),
(490, 621, 's4', 4, 'CES', 0),
(491, 624, 's5', 3, 'NPS', 3),
(492, 631, 's4', 10, 'CES', 2),
(493, 632, 's4', 10, 'CES', 3),
(494, 632, 's4', 10, 'CES', 3),
(495, 632, 's7', 8, 'CES', 2),
(496, 633, 's2', 7, 'first contact experience', 1),
(497, 638, 's9', 4, 'CES', 2),
(498, 638, 's9', 7, 'NPS', 1),
(499, 638, 's7', 10, 'CES', 2),
(500, 638, 's4', 10, 'CES', 0),
(501, 638, 's8', 8, 'CES', 3),
(502, 640, 's9', 8, 'CES', 2),
(503, 640, 's9', 8, 'NPS', 0),
(504, 640, 's7', 9, 'CES', 1),
(505, 641, 's4', 3, 'CES', 0),
(506, 641, 's5', 2, 'NPS', 2),
(507, 642, 's7', 10, 'CES', 3),
(508, 642, 's7', 5, 'CES', 2),
(509, 642, 's7', 7, 'CES', 1),
(510, 642, 's7', 9, 'CES', 1),
(511, 643, 's4', 5, 'CES', 3),
(512, 643, 's7', 8, 'CES', 3),
(513, 643, 's7', 6, 'CES', 3),
(514, 646, 's2', 3, 'first contact experience', 2),
(515, 648, 's7', 8, 'CES', 2),
(516, 648, 's8', 10, 'CES', 1),
(517, 649, 's4', 3, 'CES', 1),
(518, 651, 's7', 8, 'CES', 1),
(519, 653, 's2', 1, 'first contact experience', 1),
(520, 661, 's9', 6, 'CES', 3),
(521, 661, 's9', 6, 'NPS', 3),
(522, 662, 's2', 1, 'first contact experience', 2),
(523, 662, 's5', 10, 'NPS', 2),
(524, 662, 's5', 10, 'NPS', 2),
(525, 662, 's7', 10, 'CES', 1),
(526, 663, 's2', 8, 'first contact experience', 0),
(527, 663, 's7', 10, 'CES', 3),
(528, 663, 's9', 7, 'CES', 3),
(529, 663, 's9', 10, 'NPS', 0),
(530, 664, 's7', 10, 'CES', 1),
(531, 664, 's9', 10, 'CES', 1),
(532, 664, 's9', 10, 'NPS', 3),
(533, 666, 's2', 7, 'first contact experience', 3),
(534, 666, 's5', 2, 'NPS', 0),
(535, 666, 's4', 5, 'CES', 0),
(536, 668, 's5', 4, 'NPS', 2),
(537, 673, 's7', 10, 'CES', 3),
(538, 673, 's8', 8, 'CES', 3),
(539, 673, 's4', 9, 'CES', 3),
(540, 673, 's7', 8, 'CES', 3),
(541, 673, 's7', 8, 'CES', 1),
(542, 675, 's2', 5, 'first contact experience', 3),
(543, 681, 's4', 4, 'CES', 1),
(544, 681, 's5', 10, 'NPS', 2),
(545, 681, 's9', 4, 'CES', 3),
(546, 681, 's9', 10, 'NPS', 0),
(547, 681, 's4', 10, 'CES', 2),
(548, 681, 's9', 10, 'CES', 1),
(549, 681, 's9', 10, 'NPS', 0),
(550, 691, 's7', 4, 'CES', 2),
(551, 693, 's9', 9, 'CES', 2),
(552, 693, 's9', 7, 'NPS', 3),
(553, 696, 's2', 5, 'first contact experience', 1),
(554, 698, 's2', 3, 'first contact experience', 0),
(555, 703, 's5', 8, 'NPS', 0),
(556, 703, 's5', 9, 'NPS', 2),
(557, 703, 's5', 7, 'NPS', 0),
(558, 707, 's4', 10, 'CES', 1),
(559, 708, 's5', 8, 'NPS', 3),
(560, 708, 's7', 8, 'CES', 3),
(561, 709, 's4', 1, 'CES', 3),
(562, 709, 's9', 2, 'CES', 2),
(563, 709, 's9', 9, 'NPS', 1),
(564, 709, 's4', 10, 'CES', 3),
(565, 709, 's9', 7, 'CES', 3),
(566, 709, 's9', 10, 'NPS', 3),
(567, 713, 's2', 7, 'first contact experience', 3),
(568, 713, 's4', 10, 'CES', 3),
(569, 715, 's2', 8, 'first contact experience', 3),
(570, 716, 's5', 5, 'NPS', 2),
(571, 716, 's7', 5, 'CES', 3),
(572, 716, 's7', 9, 'CES', 1),
(573, 716, 's9', 5, 'CES', 0),
(574, 716, 's9', 6, 'NPS', 1),
(575, 721, 's2', 8, 'first contact experience', 1),
(576, 721, 's5', 8, 'NPS', 3),
(577, 721, 's7', 3, 'CES', 3),
(578, 721, 's9', 5, 'CES', 3),
(579, 721, 's9', 3, 'NPS', 3),
(580, 724, 's5', 7, 'NPS', 3),
(581, 724, 's4', 10, 'CES', 1),
(582, 724, 's7', 8, 'CES', 2),
(583, 724, 's9', 9, 'CES', 1),
(584, 724, 's9', 10, 'NPS', 1),
(585, 728, 's2', 5, 'first contact experience', 2),
(586, 729, 's7', 6, 'CES', 1),
(587, 730, 's7', 6, 'CES', 2),
(588, 730, 's9', 10, 'CES', 0),
(589, 730, 's9', 4, 'NPS', 2),
(590, 731, 's2', 9, 'first contact experience', 0),
(591, 733, 's5', 10, 'NPS', 1),
(592, 733, 's8', 10, 'CES', 2),
(593, 733, 's9', 10, 'CES', 1),
(594, 733, 's9', 5, 'NPS', 2),
(595, 734, 's2', 8, 'first contact experience', 1),
(596, 734, 's4', 3, 'CES', 2),
(597, 736, 's2', 10, 'first contact experience', 3),
(598, 738, 's2', 10, 'first contact experience', 1),
(599, 749, 's5', 6, 'NPS', 3),
(600, 749, 's4', 7, 'CES', 0),
(601, 749, 's9', 10, 'CES', 2),
(602, 749, 's9', 10, 'NPS', 0),
(603, 750, 's5', 10, 'NPS', 0),
(604, 750, 's4', 9, 'CES', 1),
(605, 751, 's9', 7, 'CES', 2),
(606, 751, 's9', 3, 'NPS', 3),
(607, 754, 's4', 7, 'CES', 0),
(608, 754, 's7', 7, 'CES', 1),
(609, 755, 's2', 3, 'first contact experience', 2),
(610, 756, 's7', 5, 'CES', 0),
(611, 756, 's9', 6, 'CES', 1),
(612, 756, 's9', 10, 'NPS', 0),
(613, 756, 's4', 10, 'CES', 2),
(614, 759, 's9', 3, 'CES', 2),
(615, 759, 's9', 2, 'NPS', 1),
(616, 761, 's2', 6, 'first contact experience', 1),
(617, 761, 's9', 2, 'CES', 1),
(618, 761, 's9', 7, 'NPS', 2),
(619, 765, 's2', 6, 'first contact experience', 1),
(620, 766, 's2', 5, 'first contact experience', 0),
(621, 766, 's5', 10, 'NPS', 0),
(622, 767, 's9', 3, 'CES', 3),
(623, 767, 's9', 3, 'NPS', 1),
(624, 767, 's8', 9, 'CES', 3),
(625, 767, 's7', 10, 'CES', 1),
(626, 767, 's4', 8, 'CES', 0),
(627, 768, 's5', 2, 'NPS', 0),
(628, 768, 's7', 10, 'CES', 0),
(629, 769, 's2', 6, 'first contact experience', 0),
(630, 769, 's5', 6, 'NPS', 0),
(631, 769, 's4', 5, 'CES', 3),
(632, 771, 's7', 10, 'CES', 1),
(633, 773, 's9', 10, 'CES', 3),
(634, 773, 's9', 10, 'NPS', 1),
(635, 774, 's4', 9, 'CES', 1),
(636, 776, 's5', 10, 'NPS', 3),
(637, 776, 's4', 10, 'CES', 0),
(638, 777, 's2', 5, 'first contact experience', 0),
(639, 777, 's4', 7, 'CES', 0),
(640, 777, 's4', 10, 'CES', 0),
(641, 779, 's9', 7, 'CES', 0),
(642, 779, 's9', 3, 'NPS', 0),
(643, 781, 's7', 2, 'CES', 3),
(644, 781, 's7', 10, 'CES', 0),
(645, 781, 's9', 5, 'CES', 1),
(646, 781, 's9', 10, 'NPS', 0),
(647, 781, 's9', 10, 'CES', 2),
(648, 781, 's9', 10, 'NPS', 1),
(649, 788, 's2', 4, 'first contact experience', 0),
(650, 789, 's5', 3, 'NPS', 3),
(651, 789, 's7', 8, 'CES', 0),
(652, 792, 's5', 10, 'NPS', 1),
(653, 792, 's4', 3, 'CES', 2),
(654, 792, 's7', 6, 'CES', 3),
(655, 793, 's4', 6, 'CES', 1),
(656, 793, 's7', 9, 'CES', 3),
(657, 793, 's7', 9, 'CES', 0),
(658, 793, 's7', 9, 'CES', 3),
(659, 793, 's9', 6, 'CES', 1),
(660, 793, 's9', 10, 'NPS', 0),
(661, 794, 's4', 10, 'CES', 0),
(662, 794, 's4', 9, 'CES', 0),
(663, 796, 's5', 6, 'NPS', 1),
(664, 796, 's9', 5, 'CES', 1),
(665, 796, 's9', 9, 'NPS', 3),
(666, 796, 's7', 7, 'CES', 1),
(667, 797, 's2', 1, 'first contact experience', 0),
(668, 801, 's4', 10, 'CES', 1),
(669, 803, 's4', 10, 'CES', 0),
(670, 805, 's9', 10, 'CES', 3),
(671, 805, 's9', 7, 'NPS', 2),
(672, 806, 's5', 10, 'NPS', 1),
(673, 813, 's2', 10, 'first contact experience', 2),
(674, 818, 's4', 5, 'CES', 0),
(675, 818, 's5', 8, 'NPS', 1),
(676, 818, 's7', 10, 'CES', 0),
(677, 822, 's2', 9, 'first contact experience', 3),
(678, 831, 's9', 8, 'CES', 3),
(679, 831, 's9', 10, 'NPS', 1),
(680, 832, 's4', 10, 'CES', 0),
(681, 832, 's5', 10, 'NPS', 0),
(682, 832, 's9', 5, 'CES', 3),
(683, 832, 's9', 8, 'NPS', 2),
(684, 832, 's4', 9, 'CES', 2),
(685, 832, 's7', 6, 'CES', 2),
(686, 833, 's4', 10, 'CES', 3),
(687, 833, 's9', 8, 'CES', 2),
(688, 833, 's9', 10, 'NPS', 2),
(689, 838, 's5', 6, 'NPS', 3),
(690, 838, 's4', 10, 'CES', 3),
(691, 838, 's7', 10, 'CES', 2),
(692, 838, 's4', 5, 'CES', 0),
(693, 839, 's5', 10, 'NPS', 0),
(694, 841, 's5', 7, 'NPS', 1),
(695, 841, 's7', 7, 'CES', 0),
(696, 843, 's4', 4, 'CES', 0),
(697, 845, 's4', 7, 'CES', 1),
(698, 845, 's7', 10, 'CES', 1),
(699, 847, 's5', 10, 'NPS', 1),
(700, 849, 's7', 6, 'CES', 1),
(701, 849, 's7', 9, 'CES', 2),
(702, 849, 's9', 10, 'CES', 3),
(703, 849, 's9', 10, 'NPS', 1),
(704, 849, 's7', 9, 'CES', 2),
(705, 853, 's7', 8, 'CES', 3),
(706, 854, 's5', 10, 'NPS', 3),
(707, 855, 's2', 6, 'first contact experience', 1),
(708, 856, 's2', 7, 'first contact experience', 1),
(709, 858, 's4', 6, 'CES', 1),
(710, 867, 's4', 8, 'CES', 3),
(711, 867, 's4', 10, 'CES', 3),
(712, 867, 's9', 10, 'CES', 0),
(713, 867, 's9', 8, 'NPS', 2),
(714, 872, 's5', 10, 'NPS', 3),
(715, 873, 's5', 3, 'NPS', 2),
(716, 873, 's5', 7, 'NPS', 0),
(717, 873, 's4', 1, 'CES', 2),
(718, 880, 's8', 7, 'CES', 1),
(719, 880, 's9', 10, 'CES', 0),
(720, 880, 's9', 4, 'NPS', 2),
(721, 882, 's5', 1, 'NPS', 1),
(722, 884, 's5', 2, 'NPS', 1),
(723, 891, 's2', 10, 'first contact experience', 3),
(724, 893, 's5', 3, 'NPS', 1),
(725, 893, 's7', 2, 'CES', 0),
(726, 901, 's4', 8, 'CES', 0),
(727, 901, 's7', 9, 'CES', 2),
(728, 902, 's9', 10, 'CES', 1),
(729, 902, 's9', 10, 'NPS', 0),
(730, 903, 's5', 10, 'NPS', 2),
(731, 903, 's4', 10, 'CES', 1),
(732, 903, 's5', 6, 'NPS', 1),
(733, 905, 's9', 10, 'CES', 2),
(734, 905, 's9', 6, 'NPS', 2),
(735, 905, 's7', 10, 'CES', 3),
(736, 906, 's7', 5, 'CES', 2),
(737, 907, 's5', 9, 'NPS', 1),
(738, 907, 's7', 10, 'CES', 3),
(739, 909, 's5', 9, 'NPS', 3),
(740, 909, 's4', 6, 'CES', 1),
(741, 909, 's7', 9, 'CES', 2),
(742, 910, 's7', 10, 'CES', 0),
(743, 910, 's9', 6, 'CES', 0),
(744, 910, 's9', 5, 'NPS', 3),
(745, 912, 's5', 10, 'NPS', 2),
(746, 915, 's5', 10, 'NPS', 2),
(747, 917, 's2', 2, 'first contact experience', 2),
(748, 917, 's5', 5, 'NPS', 0),
(749, 927, 's2', 1, 'first contact experience', 3),
(750, 928, 's4', 10, 'CES', 1),
(751, 930, 's5', 9, 'NPS', 1),
(752, 934, 's4', 9, 'CES', 1),
(753, 934, 's7', 10, 'CES', 1),
(754, 934, 's9', 10, 'CES', 3),
(755, 934, 's9', 6, 'NPS', 0),
(756, 934, 's7', 10, 'CES', 2),
(757, 934, 's9', 8, 'CES', 3),
(758, 934, 's9', 10, 'NPS', 1),
(759, 938, 's5', 5, 'NPS', 3),
(760, 938, 's9', 5, 'CES', 3),
(761, 938, 's9', 9, 'NPS', 1),
(762, 938, 's9', 10, 'CES', 3),
(763, 938, 's9', 8, 'NPS', 2),
(764, 940, 's4', 2, 'CES', 2),
(765, 953, 's2', 3, 'first contact experience', 0),
(766, 954, 's2', 2, 'first contact experience', 0),
(767, 958, 's2', 9, 'first contact experience', 2),
(768, 961, 's5', 10, 'NPS', 0),
(769, 966, 's5', 6, 'NPS', 2),
(770, 966, 's4', 10, 'CES', 2),
(771, 971, 's7', 4, 'CES', 1),
(772, 971, 's9', 9, 'CES', 1),
(773, 971, 's9', 9, 'NPS', 1),
(774, 971, 's7', 9, 'CES', 0),
(775, 971, 's4', 10, 'CES', 3),
(776, 971, 's9', 10, 'CES', 0),
(777, 971, 's9', 10, 'NPS', 1),
(778, 974, 's2', 10, 'first contact experience', 2),
(779, 980, 's7', 7, 'CES', 1),
(780, 980, 's9', 10, 'CES', 1),
(781, 980, 's9', 6, 'NPS', 3),
(782, 980, 's7', 10, 'CES', 0),
(783, 981, 's5', 2, 'NPS', 3),
(784, 982, 's2', 7, 'first contact experience', 0),
(785, 982, 's5', 9, 'NPS', 3),
(786, 982, 's5', 7, 'NPS', 0),
(787, 984, 's4', 4, 'CES', 0),
(788, 989, 's5', 7, 'NPS', 1),
(789, 989, 's7', 10, 'CES', 3),
(790, 993, 's7', 3, 'CES', 1),
(791, 993, 's9', 8, 'CES', 2),
(792, 993, 's9', 4, 'NPS', 2),
(793, 995, 's5', 3, 'NPS', 2),
(794, 995, 's4', 3, 'CES', 3),
(795, 995, 's4', 10, 'CES', 0),
(796, 995, 's9', 10, 'CES', 1),
(797, 995, 's9', 7, 'NPS', 0),
(798, 996, 's4', 10, 'CES', 3),
(799, 999, 's4', 5, 'CES', 1);

-- --------------------------------------------------------

--
-- Tabelstructuur voor tabel `Eventlog`
--

CREATE TABLE IF NOT EXISTS `Eventlog` (
  `RowNumber` int(11) NOT NULL,
  `PersonId` int(11) NOT NULL,
  `State` varchar(40) NOT NULL,
  PRIMARY KEY (`RowNumber`)
) ENGINE=MyISAM DEFAULT CHARSET=latin1;

--
-- Gegevens worden geëxporteerd voor tabel `Eventlog`
--

INSERT INTO `Eventlog` (`RowNumber`, `PersonId`, `State`) VALUES
(1, 0, 's1'),
(2, 0, 's10'),
(3, 1, 's1'),
(4, 1, 's2'),
(5, 1, 's10'),
(6, 2, 's1'),
(7, 2, 's2'),
(8, 2, 's10'),
(9, 3, 's1'),
(10, 3, 's2'),
(11, 3, 's10'),
(12, 4, 's1'),
(13, 4, 's2'),
(14, 4, 's10'),
(15, 5, 's1'),
(16, 5, 's2'),
(17, 5, 's10'),
(18, 6, 's1'),
(19, 6, 's2'),
(20, 6, 's3'),
(21, 6, 's5'),
(22, 6, 's4'),
(23, 6, 's10'),
(24, 7, 's1'),
(25, 7, 's2'),
(26, 7, 's3'),
(27, 7, 's10'),
(28, 8, 's1'),
(29, 8, 's2'),
(30, 8, 's10'),
(31, 9, 's1'),
(32, 9, 's2'),
(33, 9, 's3'),
(34, 9, 's5'),
(35, 9, 's4'),
(36, 9, 's10'),
(37, 10, 's1'),
(38, 10, 's10'),
(39, 11, 's1'),
(40, 11, 's2'),
(41, 11, 's10'),
(42, 12, 's1'),
(43, 12, 's2'),
(44, 12, 's10'),
(45, 13, 's1'),
(46, 13, 's2'),
(47, 13, 's10'),
(48, 14, 's1'),
(49, 14, 's2'),
(50, 14, 's10'),
(51, 15, 's1'),
(52, 15, 's2'),
(53, 15, 's3'),
(54, 15, 's5'),
(55, 15, 's4'),
(56, 15, 's10'),
(57, 16, 's1'),
(58, 16, 's2'),
(59, 16, 's3'),
(60, 16, 's10'),
(61, 17, 's1'),
(62, 17, 's2'),
(63, 17, 's3'),
(64, 17, 's5'),
(65, 17, 's4'),
(66, 17, 's4'),
(67, 17, 's10'),
(68, 18, 's1'),
(69, 18, 's2'),
(70, 18, 's10'),
(71, 19, 's1'),
(72, 19, 's2'),
(73, 19, 's10'),
(74, 20, 's1'),
(75, 20, 's10'),
(76, 21, 's1'),
(77, 21, 's2'),
(78, 21, 's10'),
(79, 22, 's1'),
(80, 22, 's2'),
(81, 22, 's3'),
(82, 22, 's5'),
(83, 22, 's4'),
(84, 22, 's5'),
(85, 22, 's4'),
(86, 22, 's10'),
(87, 23, 's1'),
(88, 23, 's2'),
(89, 23, 's10'),
(90, 24, 's1'),
(91, 24, 's2'),
(92, 24, 's3'),
(93, 24, 's5'),
(94, 24, 's4'),
(95, 24, 's10'),
(96, 25, 's1'),
(97, 25, 's2'),
(98, 25, 's10'),
(99, 26, 's1'),
(100, 26, 's10'),
(101, 27, 's1'),
(102, 27, 's2'),
(103, 27, 's10'),
(104, 28, 's1'),
(105, 28, 's2'),
(106, 28, 's10'),
(107, 29, 's1'),
(108, 29, 's2'),
(109, 29, 's10'),
(110, 30, 's1'),
(111, 30, 's2'),
(112, 30, 's3'),
(113, 30, 's4'),
(114, 30, 's6'),
(115, 30, 's7'),
(116, 30, 's8'),
(117, 30, 's9'),
(118, 30, 's10'),
(119, 31, 's1'),
(120, 31, 's2'),
(121, 31, 's3'),
(122, 31, 's5'),
(123, 31, 's4'),
(124, 31, 's10'),
(125, 32, 's1'),
(126, 32, 's2'),
(127, 32, 's10'),
(128, 33, 's1'),
(129, 33, 's2'),
(130, 33, 's10'),
(131, 34, 's1'),
(132, 34, 's10'),
(133, 35, 's1'),
(134, 35, 's10'),
(135, 36, 's1'),
(136, 36, 's10'),
(137, 37, 's1'),
(138, 37, 's2'),
(139, 37, 's3'),
(140, 37, 's5'),
(141, 37, 's4'),
(142, 37, 's5'),
(143, 37, 's4'),
(144, 37, 's10'),
(145, 38, 's1'),
(146, 38, 's2'),
(147, 38, 's10'),
(148, 39, 's1'),
(149, 39, 's2'),
(150, 39, 's3'),
(151, 39, 's5'),
(152, 39, 's4'),
(153, 39, 's10'),
(154, 40, 's1'),
(155, 40, 's2'),
(156, 40, 's3'),
(157, 40, 's5'),
(158, 40, 's4'),
(159, 40, 's5'),
(160, 40, 's4'),
(161, 40, 's10'),
(162, 41, 's1'),
(163, 41, 's2'),
(164, 41, 's10'),
(165, 42, 's1'),
(166, 42, 's2'),
(167, 42, 's3'),
(168, 42, 's5'),
(169, 42, 's4'),
(170, 42, 's10'),
(171, 43, 's1'),
(172, 43, 's2'),
(173, 43, 's3'),
(174, 43, 's10'),
(175, 44, 's1'),
(176, 44, 's10'),
(177, 45, 's1'),
(178, 45, 's10'),
(179, 46, 's1'),
(180, 46, 's2'),
(181, 46, 's10'),
(182, 47, 's1'),
(183, 47, 's2'),
(184, 47, 's10'),
(185, 48, 's1'),
(186, 48, 's2'),
(187, 48, 's10'),
(188, 49, 's1'),
(189, 49, 's2'),
(190, 49, 's3'),
(191, 49, 's4'),
(192, 49, 's4'),
(193, 49, 's5'),
(194, 49, 's4'),
(195, 49, 's6'),
(196, 49, 's7'),
(197, 49, 's9'),
(198, 49, 's10'),
(199, 50, 's1'),
(200, 50, 's2'),
(201, 50, 's3'),
(202, 50, 's5'),
(203, 50, 's4'),
(204, 50, 's6'),
(205, 50, 's7'),
(206, 50, 's9'),
(207, 50, 's10'),
(208, 51, 's1'),
(209, 51, 's2'),
(210, 51, 's3'),
(211, 51, 's5'),
(212, 51, 's4'),
(213, 51, 's6'),
(214, 51, 's7'),
(215, 51, 's8'),
(216, 51, 's6'),
(217, 51, 's7'),
(218, 51, 's9'),
(219, 51, 's4'),
(220, 51, 's6'),
(221, 51, 's7'),
(222, 51, 's9'),
(223, 51, 's10'),
(224, 52, 's1'),
(225, 52, 's2'),
(226, 52, 's10'),
(227, 53, 's1'),
(228, 53, 's2'),
(229, 53, 's3'),
(230, 53, 's10'),
(231, 54, 's1'),
(232, 54, 's2'),
(233, 54, 's10'),
(234, 55, 's1'),
(235, 55, 's10'),
(236, 56, 's1'),
(237, 56, 's2'),
(238, 56, 's10'),
(239, 57, 's1'),
(240, 57, 's2'),
(241, 57, 's10'),
(242, 58, 's1'),
(243, 58, 's10'),
(244, 59, 's1'),
(245, 59, 's2'),
(246, 59, 's10'),
(247, 60, 's1'),
(248, 60, 's2'),
(249, 60, 's3'),
(250, 60, 's5'),
(251, 60, 's4'),
(252, 60, 's10'),
(253, 61, 's1'),
(254, 61, 's2'),
(255, 61, 's3'),
(256, 61, 's5'),
(257, 61, 's4'),
(258, 61, 's6'),
(259, 61, 's7'),
(260, 61, 's9'),
(261, 61, 's10'),
(262, 62, 's1'),
(263, 62, 's2'),
(264, 62, 's3'),
(265, 62, 's5'),
(266, 62, 's4'),
(267, 62, 's5'),
(268, 62, 's4'),
(269, 62, 's5'),
(270, 62, 's4'),
(271, 62, 's10'),
(272, 63, 's1'),
(273, 63, 's2'),
(274, 63, 's3'),
(275, 63, 's4'),
(276, 63, 's10'),
(277, 64, 's1'),
(278, 64, 's2'),
(279, 64, 's10'),
(280, 65, 's1'),
(281, 65, 's2'),
(282, 65, 's10'),
(283, 66, 's1'),
(284, 66, 's2'),
(285, 66, 's10'),
(286, 67, 's1'),
(287, 67, 's2'),
(288, 67, 's3'),
(289, 67, 's5'),
(290, 67, 's4'),
(291, 67, 's5'),
(292, 67, 's4'),
(293, 67, 's4'),
(294, 67, 's6'),
(295, 67, 's7'),
(296, 67, 's9'),
(297, 67, 's10'),
(298, 68, 's1'),
(299, 68, 's2'),
(300, 68, 's3'),
(301, 68, 's5'),
(302, 68, 's4'),
(303, 68, 's6'),
(304, 68, 's7'),
(305, 68, 's8'),
(306, 68, 's6'),
(307, 68, 's7'),
(308, 68, 's9'),
(309, 68, 's10'),
(310, 69, 's1'),
(311, 69, 's2'),
(312, 69, 's10'),
(313, 70, 's1'),
(314, 70, 's2'),
(315, 70, 's3'),
(316, 70, 's10'),
(317, 71, 's1'),
(318, 71, 's2'),
(319, 71, 's3'),
(320, 71, 's5'),
(321, 71, 's4'),
(322, 71, 's4'),
(323, 71, 's5'),
(324, 71, 's4'),
(325, 71, 's10'),
(326, 72, 's1'),
(327, 72, 's2'),
(328, 72, 's3'),
(329, 72, 's5'),
(330, 72, 's4'),
(331, 72, 's10'),
(332, 73, 's1'),
(333, 73, 's2'),
(334, 73, 's10'),
(335, 74, 's1'),
(336, 74, 's2'),
(337, 74, 's3'),
(338, 74, 's5'),
(339, 74, 's4'),
(340, 74, 's6'),
(341, 74, 's7'),
(342, 74, 's9'),
(343, 74, 's4'),
(344, 74, 's6'),
(345, 74, 's7'),
(346, 74, 's9'),
(347, 74, 's4'),
(348, 74, 's6'),
(349, 74, 's7'),
(350, 74, 's8'),
(351, 74, 's9'),
(352, 74, 's10'),
(353, 75, 's1'),
(354, 75, 's2'),
(355, 75, 's3'),
(356, 75, 's5'),
(357, 75, 's4'),
(358, 75, 's6'),
(359, 75, 's7'),
(360, 75, 's9'),
(361, 75, 's10'),
(362, 76, 's1'),
(363, 76, 's10'),
(364, 77, 's1'),
(365, 77, 's2'),
(366, 77, 's3'),
(367, 77, 's4'),
(368, 77, 's5'),
(369, 77, 's4'),
(370, 77, 's4'),
(371, 77, 's6'),
(372, 77, 's7'),
(373, 77, 's9'),
(374, 77, 's4'),
(375, 77, 's6'),
(376, 77, 's7'),
(377, 77, 's9'),
(378, 77, 's10'),
(379, 78, 's1'),
(380, 78, 's10'),
(381, 79, 's1'),
(382, 79, 's10'),
(383, 80, 's1'),
(384, 80, 's2'),
(385, 80, 's3'),
(386, 80, 's5'),
(387, 80, 's4'),
(388, 80, 's4'),
(389, 80, 's6'),
(390, 80, 's7'),
(391, 80, 's9'),
(392, 80, 's4'),
(393, 80, 's6'),
(394, 80, 's7'),
(395, 80, 's6'),
(396, 80, 's7'),
(397, 80, 's8'),
(398, 80, 's6'),
(399, 80, 's7'),
(400, 80, 's9'),
(401, 80, 's4'),
(402, 80, 's6'),
(403, 80, 's7'),
(404, 80, 's9'),
(405, 80, 's10'),
(406, 81, 's1'),
(407, 81, 's10'),
(408, 82, 's1'),
(409, 82, 's2'),
(410, 82, 's3'),
(411, 82, 's4'),
(412, 82, 's5'),
(413, 82, 's4'),
(414, 82, 's10'),
(415, 83, 's1'),
(416, 83, 's2'),
(417, 83, 's10'),
(418, 84, 's1'),
(419, 84, 's2'),
(420, 84, 's3'),
(421, 84, 's5'),
(422, 84, 's4'),
(423, 84, 's6'),
(424, 84, 's7'),
(425, 84, 's6'),
(426, 84, 's7'),
(427, 84, 's9'),
(428, 84, 's10'),
(429, 85, 's1'),
(430, 85, 's2'),
(431, 85, 's10'),
(432, 86, 's1'),
(433, 86, 's2'),
(434, 86, 's3'),
(435, 86, 's5'),
(436, 86, 's4'),
(437, 86, 's5'),
(438, 86, 's4'),
(439, 86, 's10'),
(440, 87, 's1'),
(441, 87, 's2'),
(442, 87, 's3'),
(443, 87, 's10'),
(444, 88, 's1'),
(445, 88, 's2'),
(446, 88, 's10'),
(447, 89, 's1'),
(448, 89, 's2'),
(449, 89, 's3'),
(450, 89, 's10'),
(451, 90, 's1'),
(452, 90, 's2'),
(453, 90, 's3'),
(454, 90, 's5'),
(455, 90, 's4'),
(456, 90, 's5'),
(457, 90, 's4'),
(458, 90, 's10'),
(459, 91, 's1'),
(460, 91, 's2'),
(461, 91, 's3'),
(462, 91, 's5'),
(463, 91, 's4'),
(464, 91, 's10'),
(465, 92, 's1'),
(466, 92, 's2'),
(467, 92, 's3'),
(468, 92, 's5'),
(469, 92, 's4'),
(470, 92, 's5'),
(471, 92, 's4'),
(472, 92, 's10'),
(473, 93, 's1'),
(474, 93, 's2'),
(475, 93, 's3'),
(476, 93, 's5'),
(477, 93, 's4'),
(478, 93, 's6'),
(479, 93, 's7'),
(480, 93, 's6'),
(481, 93, 's7'),
(482, 93, 's8'),
(483, 93, 's9'),
(484, 93, 's10'),
(485, 94, 's1'),
(486, 94, 's2'),
(487, 94, 's3'),
(488, 94, 's5'),
(489, 94, 's4'),
(490, 94, 's10'),
(491, 95, 's1'),
(492, 95, 's2'),
(493, 95, 's3'),
(494, 95, 's5'),
(495, 95, 's4'),
(496, 95, 's10'),
(497, 96, 's1'),
(498, 96, 's2'),
(499, 96, 's3'),
(500, 96, 's5'),
(501, 96, 's4'),
(502, 96, 's10'),
(503, 97, 's1'),
(504, 97, 's10'),
(505, 98, 's1'),
(506, 98, 's2'),
(507, 98, 's3'),
(508, 98, 's10'),
(509, 99, 's1'),
(510, 99, 's10'),
(511, 100, 's1'),
(512, 100, 's2'),
(513, 100, 's3'),
(514, 100, 's5'),
(515, 100, 's4'),
(516, 100, 's4'),
(517, 100, 's5'),
(518, 100, 's4'),
(519, 100, 's5'),
(520, 100, 's4'),
(521, 100, 's10'),
(522, 101, 's1'),
(523, 101, 's2'),
(524, 101, 's10'),
(525, 102, 's1'),
(526, 102, 's2'),
(527, 102, 's10'),
(528, 103, 's1'),
(529, 103, 's2'),
(530, 103, 's3'),
(531, 103, 's4'),
(532, 103, 's5'),
(533, 103, 's4'),
(534, 103, 's10'),
(535, 104, 's1'),
(536, 104, 's2'),
(537, 104, 's10'),
(538, 105, 's1'),
(539, 105, 's2'),
(540, 105, 's10'),
(541, 106, 's1'),
(542, 106, 's2'),
(543, 106, 's10'),
(544, 107, 's1'),
(545, 107, 's2'),
(546, 107, 's3'),
(547, 107, 's10'),
(548, 108, 's1'),
(549, 108, 's2'),
(550, 108, 's3'),
(551, 108, 's10'),
(552, 109, 's1'),
(553, 109, 's2'),
(554, 109, 's3'),
(555, 109, 's5'),
(556, 109, 's4'),
(557, 109, 's10'),
(558, 110, 's1'),
(559, 110, 's10'),
(560, 111, 's1'),
(561, 111, 's10'),
(562, 112, 's1'),
(563, 112, 's2'),
(564, 112, 's3'),
(565, 112, 's5'),
(566, 112, 's4'),
(567, 112, 's5'),
(568, 112, 's4'),
(569, 112, 's6'),
(570, 112, 's7'),
(571, 112, 's9'),
(572, 112, 's10'),
(573, 113, 's1'),
(574, 113, 's2'),
(575, 113, 's3'),
(576, 113, 's5'),
(577, 113, 's4'),
(578, 113, 's10'),
(579, 114, 's1'),
(580, 114, 's10'),
(581, 115, 's1'),
(582, 115, 's2'),
(583, 115, 's3'),
(584, 115, 's5'),
(585, 115, 's4'),
(586, 115, 's5'),
(587, 115, 's4'),
(588, 115, 's5'),
(589, 115, 's4'),
(590, 115, 's5'),
(591, 115, 's4'),
(592, 115, 's10'),
(593, 116, 's1'),
(594, 116, 's2'),
(595, 116, 's3'),
(596, 116, 's5'),
(597, 116, 's4'),
(598, 116, 's4'),
(599, 116, 's6'),
(600, 116, 's7'),
(601, 116, 's8'),
(602, 116, 's9'),
(603, 116, 's10'),
(604, 117, 's1'),
(605, 117, 's2'),
(606, 117, 's10'),
(607, 118, 's1'),
(608, 118, 's2'),
(609, 118, 's3'),
(610, 118, 's5'),
(611, 118, 's4'),
(612, 118, 's5'),
(613, 118, 's4'),
(614, 118, 's10'),
(615, 119, 's1'),
(616, 119, 's2'),
(617, 119, 's3'),
(618, 119, 's5'),
(619, 119, 's4'),
(620, 119, 's5'),
(621, 119, 's4'),
(622, 119, 's6'),
(623, 119, 's7'),
(624, 119, 's9'),
(625, 119, 's4'),
(626, 119, 's6'),
(627, 119, 's7'),
(628, 119, 's9'),
(629, 119, 's4'),
(630, 119, 's6'),
(631, 119, 's7'),
(632, 119, 's9'),
(633, 119, 's10'),
(634, 120, 's1'),
(635, 120, 's2'),
(636, 120, 's3'),
(637, 120, 's4'),
(638, 120, 's6'),
(639, 120, 's7'),
(640, 120, 's9'),
(641, 120, 's4'),
(642, 120, 's6'),
(643, 120, 's7'),
(644, 120, 's9'),
(645, 120, 's4'),
(646, 120, 's6'),
(647, 120, 's7'),
(648, 120, 's9'),
(649, 120, 's10'),
(650, 121, 's1'),
(651, 121, 's2'),
(652, 121, 's10'),
(653, 122, 's1'),
(654, 122, 's2'),
(655, 122, 's3'),
(656, 122, 's5'),
(657, 122, 's4'),
(658, 122, 's6'),
(659, 122, 's7'),
(660, 122, 's9'),
(661, 122, 's10'),
(662, 123, 's1'),
(663, 123, 's2'),
(664, 123, 's3'),
(665, 123, 's4'),
(666, 123, 's10'),
(667, 124, 's1'),
(668, 124, 's2'),
(669, 124, 's10'),
(670, 125, 's1'),
(671, 125, 's2'),
(672, 125, 's10'),
(673, 126, 's1'),
(674, 126, 's10'),
(675, 127, 's1'),
(676, 127, 's2'),
(677, 127, 's3'),
(678, 127, 's5'),
(679, 127, 's4'),
(680, 127, 's6'),
(681, 127, 's7'),
(682, 127, 's9'),
(683, 127, 's4'),
(684, 127, 's6'),
(685, 127, 's7'),
(686, 127, 's9'),
(687, 127, 's10'),
(688, 128, 's1'),
(689, 128, 's2'),
(690, 128, 's3'),
(691, 128, 's4'),
(692, 128, 's6'),
(693, 128, 's7'),
(694, 128, 's6'),
(695, 128, 's7'),
(696, 128, 's9'),
(697, 128, 's4'),
(698, 128, 's6'),
(699, 128, 's7'),
(700, 128, 's9'),
(701, 128, 's10'),
(702, 129, 's1'),
(703, 129, 's2'),
(704, 129, 's10'),
(705, 130, 's1'),
(706, 130, 's2'),
(707, 130, 's3'),
(708, 130, 's5'),
(709, 130, 's4'),
(710, 130, 's5'),
(711, 130, 's4'),
(712, 130, 's5'),
(713, 130, 's4'),
(714, 130, 's5'),
(715, 130, 's4'),
(716, 130, 's5'),
(717, 130, 's4'),
(718, 130, 's6'),
(719, 130, 's7'),
(720, 130, 's9'),
(721, 130, 's10'),
(722, 131, 's1'),
(723, 131, 's2'),
(724, 131, 's3'),
(725, 131, 's5'),
(726, 131, 's4'),
(727, 131, 's5'),
(728, 131, 's4'),
(729, 131, 's6'),
(730, 131, 's7'),
(731, 131, 's9'),
(732, 131, 's4'),
(733, 131, 's6'),
(734, 131, 's7'),
(735, 131, 's9'),
(736, 131, 's4'),
(737, 131, 's6'),
(738, 131, 's7'),
(739, 131, 's9'),
(740, 131, 's4'),
(741, 131, 's6'),
(742, 131, 's7'),
(743, 131, 's8'),
(744, 131, 's9'),
(745, 131, 's10'),
(746, 132, 's1'),
(747, 132, 's2'),
(748, 132, 's3'),
(749, 132, 's10'),
(750, 133, 's1'),
(751, 133, 's2'),
(752, 133, 's3'),
(753, 133, 's5'),
(754, 133, 's4'),
(755, 133, 's5'),
(756, 133, 's4'),
(757, 133, 's5'),
(758, 133, 's4'),
(759, 133, 's6'),
(760, 133, 's7'),
(761, 133, 's9'),
(762, 133, 's10'),
(763, 134, 's1'),
(764, 134, 's2'),
(765, 134, 's10'),
(766, 135, 's1'),
(767, 135, 's2'),
(768, 135, 's3'),
(769, 135, 's5'),
(770, 135, 's4'),
(771, 135, 's6'),
(772, 135, 's7'),
(773, 135, 's8'),
(774, 135, 's6'),
(775, 135, 's7'),
(776, 135, 's9'),
(777, 135, 's10'),
(778, 136, 's1'),
(779, 136, 's2'),
(780, 136, 's3'),
(781, 136, 's5'),
(782, 136, 's4'),
(783, 136, 's5'),
(784, 136, 's4'),
(785, 136, 's6'),
(786, 136, 's7'),
(787, 136, 's9'),
(788, 136, 's10'),
(789, 137, 's1'),
(790, 137, 's10'),
(791, 138, 's1'),
(792, 138, 's2'),
(793, 138, 's3'),
(794, 138, 's4'),
(795, 138, 's10'),
(796, 139, 's1'),
(797, 139, 's2'),
(798, 139, 's10'),
(799, 140, 's1'),
(800, 140, 's10'),
(801, 141, 's1'),
(802, 141, 's2'),
(803, 141, 's3'),
(804, 141, 's10'),
(805, 142, 's1'),
(806, 142, 's2'),
(807, 142, 's3'),
(808, 142, 's4'),
(809, 142, 's10'),
(810, 143, 's1'),
(811, 143, 's10'),
(812, 144, 's1'),
(813, 144, 's2'),
(814, 144, 's3'),
(815, 144, 's5'),
(816, 144, 's4'),
(817, 144, 's10'),
(818, 145, 's1'),
(819, 145, 's10'),
(820, 146, 's1'),
(821, 146, 's2'),
(822, 146, 's3'),
(823, 146, 's5'),
(824, 146, 's4'),
(825, 146, 's6'),
(826, 146, 's7'),
(827, 146, 's9'),
(828, 146, 's10'),
(829, 147, 's1'),
(830, 147, 's2'),
(831, 147, 's10'),
(832, 148, 's1'),
(833, 148, 's2'),
(834, 148, 's10'),
(835, 149, 's1'),
(836, 149, 's2'),
(837, 149, 's10'),
(838, 150, 's1'),
(839, 150, 's2'),
(840, 150, 's10'),
(841, 151, 's1'),
(842, 151, 's2'),
(843, 151, 's3'),
(844, 151, 's4'),
(845, 151, 's6'),
(846, 151, 's7'),
(847, 151, 's9'),
(848, 151, 's4'),
(849, 151, 's6'),
(850, 151, 's7'),
(851, 151, 's9'),
(852, 151, 's10'),
(853, 152, 's1'),
(854, 152, 's2'),
(855, 152, 's10'),
(856, 153, 's1'),
(857, 153, 's10'),
(858, 154, 's1'),
(859, 154, 's10'),
(860, 155, 's1'),
(861, 155, 's10'),
(862, 156, 's1'),
(863, 156, 's2'),
(864, 156, 's3'),
(865, 156, 's4'),
(866, 156, 's5'),
(867, 156, 's4'),
(868, 156, 's10'),
(869, 157, 's1'),
(870, 157, 's2'),
(871, 157, 's10'),
(872, 158, 's1'),
(873, 158, 's2'),
(874, 158, 's3'),
(875, 158, 's5'),
(876, 158, 's4'),
(877, 158, 's4'),
(878, 158, 's6'),
(879, 158, 's7'),
(880, 158, 's9'),
(881, 158, 's4'),
(882, 158, 's6'),
(883, 158, 's7'),
(884, 158, 's9'),
(885, 158, 's10'),
(886, 159, 's1'),
(887, 159, 's2'),
(888, 159, 's3'),
(889, 159, 's5'),
(890, 159, 's4'),
(891, 159, 's10'),
(892, 160, 's1'),
(893, 160, 's10'),
(894, 161, 's1'),
(895, 161, 's2'),
(896, 161, 's10'),
(897, 162, 's1'),
(898, 162, 's2'),
(899, 162, 's3'),
(900, 162, 's5'),
(901, 162, 's4'),
(902, 162, 's10'),
(903, 163, 's1'),
(904, 163, 's2'),
(905, 163, 's3'),
(906, 163, 's10'),
(907, 164, 's1'),
(908, 164, 's2'),
(909, 164, 's3'),
(910, 164, 's5'),
(911, 164, 's4'),
(912, 164, 's4'),
(913, 164, 's5'),
(914, 164, 's4'),
(915, 164, 's5'),
(916, 164, 's4'),
(917, 164, 's5'),
(918, 164, 's4'),
(919, 164, 's10'),
(920, 165, 's1'),
(921, 165, 's2'),
(922, 165, 's10'),
(923, 166, 's1'),
(924, 166, 's2'),
(925, 166, 's10'),
(926, 167, 's1'),
(927, 167, 's10'),
(928, 168, 's1'),
(929, 168, 's10'),
(930, 169, 's1'),
(931, 169, 's2'),
(932, 169, 's3'),
(933, 169, 's5'),
(934, 169, 's4'),
(935, 169, 's4'),
(936, 169, 's10'),
(937, 170, 's1'),
(938, 170, 's2'),
(939, 170, 's3'),
(940, 170, 's5'),
(941, 170, 's4'),
(942, 170, 's10'),
(943, 171, 's1'),
(944, 171, 's2'),
(945, 171, 's3'),
(946, 171, 's5'),
(947, 171, 's4'),
(948, 171, 's10'),
(949, 172, 's1'),
(950, 172, 's2'),
(951, 172, 's10'),
(952, 173, 's1'),
(953, 173, 's2'),
(954, 173, 's10'),
(955, 174, 's1'),
(956, 174, 's2'),
(957, 174, 's3'),
(958, 174, 's5'),
(959, 174, 's4'),
(960, 174, 's5'),
(961, 174, 's4'),
(962, 174, 's10'),
(963, 175, 's1'),
(964, 175, 's10'),
(965, 176, 's1'),
(966, 176, 's2'),
(967, 176, 's10'),
(968, 177, 's1'),
(969, 177, 's2'),
(970, 177, 's10'),
(971, 178, 's1'),
(972, 178, 's10'),
(973, 179, 's1'),
(974, 179, 's2'),
(975, 179, 's10'),
(976, 180, 's1'),
(977, 180, 's10'),
(978, 181, 's1'),
(979, 181, 's2'),
(980, 181, 's10'),
(981, 182, 's1'),
(982, 182, 's2'),
(983, 182, 's3'),
(984, 182, 's5'),
(985, 182, 's4'),
(986, 182, 's6'),
(987, 182, 's7'),
(988, 182, 's9'),
(989, 182, 's10'),
(990, 183, 's1'),
(991, 183, 's2'),
(992, 183, 's3'),
(993, 183, 's5'),
(994, 183, 's4'),
(995, 183, 's10'),
(996, 184, 's1'),
(997, 184, 's2'),
(998, 184, 's3'),
(999, 184, 's10'),
(1000, 185, 's1'),
(1001, 185, 's10'),
(1002, 186, 's1'),
(1003, 186, 's2'),
(1004, 186, 's10'),
(1005, 187, 's1'),
(1006, 187, 's10'),
(1007, 188, 's1'),
(1008, 188, 's2'),
(1009, 188, 's10'),
(1010, 189, 's1'),
(1011, 189, 's2'),
(1012, 189, 's3'),
(1013, 189, 's5'),
(1014, 189, 's4'),
(1015, 189, 's6'),
(1016, 189, 's7'),
(1017, 189, 's9'),
(1018, 189, 's4'),
(1019, 189, 's6'),
(1020, 189, 's7'),
(1021, 189, 's6'),
(1022, 189, 's7'),
(1023, 189, 's9'),
(1024, 189, 's10'),
(1025, 190, 's1'),
(1026, 190, 's2'),
(1027, 190, 's10'),
(1028, 191, 's1'),
(1029, 191, 's10'),
(1030, 192, 's1'),
(1031, 192, 's2'),
(1032, 192, 's3'),
(1033, 192, 's10'),
(1034, 193, 's1'),
(1035, 193, 's2'),
(1036, 193, 's10'),
(1037, 194, 's1'),
(1038, 194, 's2'),
(1039, 194, 's3'),
(1040, 194, 's4'),
(1041, 194, 's6'),
(1042, 194, 's7'),
(1043, 194, 's9'),
(1044, 194, 's4'),
(1045, 194, 's6'),
(1046, 194, 's7'),
(1047, 194, 's9'),
(1048, 194, 's10'),
(1049, 195, 's1'),
(1050, 195, 's10'),
(1051, 196, 's1'),
(1052, 196, 's2'),
(1053, 196, 's10'),
(1054, 197, 's1'),
(1055, 197, 's2'),
(1056, 197, 's10'),
(1057, 198, 's1'),
(1058, 198, 's2'),
(1059, 198, 's3'),
(1060, 198, 's5'),
(1061, 198, 's4'),
(1062, 198, 's6'),
(1063, 198, 's7'),
(1064, 198, 's9'),
(1065, 198, 's4'),
(1066, 198, 's6'),
(1067, 198, 's7'),
(1068, 198, 's9'),
(1069, 198, 's4'),
(1070, 198, 's6'),
(1071, 198, 's7'),
(1072, 198, 's9'),
(1073, 198, 's10'),
(1074, 199, 's1'),
(1075, 199, 's2'),
(1076, 199, 's3'),
(1077, 199, 's5'),
(1078, 199, 's4'),
(1079, 199, 's10'),
(1080, 200, 's1'),
(1081, 200, 's2'),
(1082, 200, 's3'),
(1083, 200, 's5'),
(1084, 200, 's4'),
(1085, 200, 's6'),
(1086, 200, 's7'),
(1087, 200, 's9'),
(1088, 200, 's4'),
(1089, 200, 's6'),
(1090, 200, 's7'),
(1091, 200, 's9'),
(1092, 200, 's10'),
(1093, 201, 's1'),
(1094, 201, 's10'),
(1095, 202, 's1'),
(1096, 202, 's2'),
(1097, 202, 's10'),
(1098, 203, 's1'),
(1099, 203, 's2'),
(1100, 203, 's3'),
(1101, 203, 's5'),
(1102, 203, 's4'),
(1103, 203, 's6'),
(1104, 203, 's7'),
(1105, 203, 's9'),
(1106, 203, 's4'),
(1107, 203, 's6'),
(1108, 203, 's7'),
(1109, 203, 's8'),
(1110, 203, 's9'),
(1111, 203, 's10'),
(1112, 204, 's1'),
(1113, 204, 's2'),
(1114, 204, 's3'),
(1115, 204, 's10'),
(1116, 205, 's1'),
(1117, 205, 's2'),
(1118, 205, 's3'),
(1119, 205, 's5'),
(1120, 205, 's4'),
(1121, 205, 's5'),
(1122, 205, 's4'),
(1123, 205, 's5'),
(1124, 205, 's4'),
(1125, 205, 's5'),
(1126, 205, 's4'),
(1127, 205, 's6'),
(1128, 205, 's7'),
(1129, 205, 's9'),
(1130, 205, 's4'),
(1131, 205, 's6'),
(1132, 205, 's7'),
(1133, 205, 's9'),
(1134, 205, 's4'),
(1135, 205, 's6'),
(1136, 205, 's7'),
(1137, 205, 's9'),
(1138, 205, 's10'),
(1139, 206, 's1'),
(1140, 206, 's2'),
(1141, 206, 's10'),
(1142, 207, 's1'),
(1143, 207, 's2'),
(1144, 207, 's10'),
(1145, 208, 's1'),
(1146, 208, 's2'),
(1147, 208, 's3'),
(1148, 208, 's5'),
(1149, 208, 's4'),
(1150, 208, 's5'),
(1151, 208, 's4'),
(1152, 208, 's6'),
(1153, 208, 's7'),
(1154, 208, 's9'),
(1155, 208, 's10'),
(1156, 209, 's1'),
(1157, 209, 's2'),
(1158, 209, 's3'),
(1159, 209, 's5'),
(1160, 209, 's4'),
(1161, 209, 's10'),
(1162, 210, 's1'),
(1163, 210, 's10'),
(1164, 211, 's1'),
(1165, 211, 's2'),
(1166, 211, 's3'),
(1167, 211, 's5'),
(1168, 211, 's4'),
(1169, 211, 's5'),
(1170, 211, 's4'),
(1171, 211, 's10'),
(1172, 212, 's1'),
(1173, 212, 's2'),
(1174, 212, 's10'),
(1175, 213, 's1'),
(1176, 213, 's2'),
(1177, 213, 's10'),
(1178, 214, 's1'),
(1179, 214, 's2'),
(1180, 214, 's3'),
(1181, 214, 's5'),
(1182, 214, 's4'),
(1183, 214, 's10'),
(1184, 215, 's1'),
(1185, 215, 's2'),
(1186, 215, 's10'),
(1187, 216, 's1'),
(1188, 216, 's10'),
(1189, 217, 's1'),
(1190, 217, 's2'),
(1191, 217, 's10'),
(1192, 218, 's1'),
(1193, 218, 's2'),
(1194, 218, 's3'),
(1195, 218, 's5'),
(1196, 218, 's4'),
(1197, 218, 's6'),
(1198, 218, 's7'),
(1199, 218, 's9'),
(1200, 218, 's4'),
(1201, 218, 's6'),
(1202, 218, 's7'),
(1203, 218, 's6'),
(1204, 218, 's7'),
(1205, 218, 's9'),
(1206, 218, 's10'),
(1207, 219, 's1'),
(1208, 219, 's10'),
(1209, 220, 's1'),
(1210, 220, 's2'),
(1211, 220, 's3'),
(1212, 220, 's5'),
(1213, 220, 's4'),
(1214, 220, 's5'),
(1215, 220, 's4'),
(1216, 220, 's10'),
(1217, 221, 's1'),
(1218, 221, 's10'),
(1219, 222, 's1'),
(1220, 222, 's10'),
(1221, 223, 's1'),
(1222, 223, 's2'),
(1223, 223, 's3'),
(1224, 223, 's4'),
(1225, 223, 's10'),
(1226, 224, 's1'),
(1227, 224, 's2'),
(1228, 224, 's3'),
(1229, 224, 's4'),
(1230, 224, 's6'),
(1231, 224, 's7'),
(1232, 224, 's6'),
(1233, 224, 's7'),
(1234, 224, 's9'),
(1235, 224, 's4'),
(1236, 224, 's6'),
(1237, 224, 's7'),
(1238, 224, 's9'),
(1239, 224, 's10'),
(1240, 225, 's1'),
(1241, 225, 's10'),
(1242, 226, 's1'),
(1243, 226, 's2'),
(1244, 226, 's3'),
(1245, 226, 's4'),
(1246, 226, 's5'),
(1247, 226, 's4'),
(1248, 226, 's6'),
(1249, 226, 's7'),
(1250, 226, 's9'),
(1251, 226, 's4'),
(1252, 226, 's6'),
(1253, 226, 's7'),
(1254, 226, 's9'),
(1255, 226, 's4'),
(1256, 226, 's6'),
(1257, 226, 's7'),
(1258, 226, 's9'),
(1259, 226, 's4'),
(1260, 226, 's6'),
(1261, 226, 's7'),
(1262, 226, 's9'),
(1263, 226, 's4'),
(1264, 226, 's6'),
(1265, 226, 's7'),
(1266, 226, 's9'),
(1267, 226, 's4'),
(1268, 226, 's6'),
(1269, 226, 's7'),
(1270, 226, 's8'),
(1271, 226, 's9'),
(1272, 226, 's10'),
(1273, 227, 's1'),
(1274, 227, 's2'),
(1275, 227, 's10'),
(1276, 228, 's1'),
(1277, 228, 's2'),
(1278, 228, 's3'),
(1279, 228, 's5'),
(1280, 228, 's4'),
(1281, 228, 's5'),
(1282, 228, 's4'),
(1283, 228, 's10'),
(1284, 229, 's1'),
(1285, 229, 's2'),
(1286, 229, 's3'),
(1287, 229, 's5'),
(1288, 229, 's4'),
(1289, 229, 's6'),
(1290, 229, 's7'),
(1291, 229, 's6'),
(1292, 229, 's7'),
(1293, 229, 's6'),
(1294, 229, 's7'),
(1295, 229, 's9'),
(1296, 229, 's10'),
(1297, 230, 's1'),
(1298, 230, 's2'),
(1299, 230, 's3'),
(1300, 230, 's5'),
(1301, 230, 's4'),
(1302, 230, 's5'),
(1303, 230, 's4'),
(1304, 230, 's5'),
(1305, 230, 's4'),
(1306, 230, 's10'),
(1307, 231, 's1'),
(1308, 231, 's2'),
(1309, 231, 's3'),
(1310, 231, 's5'),
(1311, 231, 's4'),
(1312, 231, 's4'),
(1313, 231, 's6'),
(1314, 231, 's7'),
(1315, 231, 's9'),
(1316, 231, 's10'),
(1317, 232, 's1'),
(1318, 232, 's2'),
(1319, 232, 's3'),
(1320, 232, 's5'),
(1321, 232, 's4'),
(1322, 232, 's10'),
(1323, 233, 's1'),
(1324, 233, 's2'),
(1325, 233, 's3'),
(1326, 233, 's5'),
(1327, 233, 's4'),
(1328, 233, 's6'),
(1329, 233, 's7'),
(1330, 233, 's9'),
(1331, 233, 's10'),
(1332, 234, 's1'),
(1333, 234, 's10'),
(1334, 235, 's1'),
(1335, 235, 's2'),
(1336, 235, 's10'),
(1337, 236, 's1'),
(1338, 236, 's2'),
(1339, 236, 's10'),
(1340, 237, 's1'),
(1341, 237, 's10'),
(1342, 238, 's1'),
(1343, 238, 's2'),
(1344, 238, 's3'),
(1345, 238, 's5'),
(1346, 238, 's4'),
(1347, 238, 's6'),
(1348, 238, 's7'),
(1349, 238, 's9'),
(1350, 238, 's4'),
(1351, 238, 's6'),
(1352, 238, 's7'),
(1353, 238, 's9'),
(1354, 238, 's10'),
(1355, 239, 's1'),
(1356, 239, 's2'),
(1357, 239, 's3'),
(1358, 239, 's10'),
(1359, 240, 's1'),
(1360, 240, 's10'),
(1361, 241, 's1'),
(1362, 241, 's2'),
(1363, 241, 's10'),
(1364, 242, 's1'),
(1365, 242, 's10'),
(1366, 243, 's1'),
(1367, 243, 's2'),
(1368, 243, 's3'),
(1369, 243, 's5'),
(1370, 243, 's4'),
(1371, 243, 's6'),
(1372, 243, 's7'),
(1373, 243, 's9'),
(1374, 243, 's4'),
(1375, 243, 's6'),
(1376, 243, 's7'),
(1377, 243, 's9'),
(1378, 243, 's4'),
(1379, 243, 's6'),
(1380, 243, 's7'),
(1381, 243, 's9'),
(1382, 243, 's10'),
(1383, 244, 's1'),
(1384, 244, 's2'),
(1385, 244, 's3'),
(1386, 244, 's4'),
(1387, 244, 's10'),
(1388, 245, 's1'),
(1389, 245, 's10'),
(1390, 246, 's1'),
(1391, 246, 's10'),
(1392, 247, 's1'),
(1393, 247, 's10'),
(1394, 248, 's1'),
(1395, 248, 's2'),
(1396, 248, 's3'),
(1397, 248, 's5'),
(1398, 248, 's4'),
(1399, 248, 's6'),
(1400, 248, 's7'),
(1401, 248, 's9'),
(1402, 248, 's4'),
(1403, 248, 's6'),
(1404, 248, 's7'),
(1405, 248, 's9'),
(1406, 248, 's10'),
(1407, 249, 's1'),
(1408, 249, 's2'),
(1409, 249, 's3'),
(1410, 249, 's5'),
(1411, 249, 's4'),
(1412, 249, 's6'),
(1413, 249, 's7'),
(1414, 249, 's6'),
(1415, 249, 's7'),
(1416, 249, 's8'),
(1417, 249, 's9'),
(1418, 249, 's10'),
(1419, 250, 's1'),
(1420, 250, 's2'),
(1421, 250, 's10'),
(1422, 251, 's1'),
(1423, 251, 's2'),
(1424, 251, 's10'),
(1425, 252, 's1'),
(1426, 252, 's2'),
(1427, 252, 's3'),
(1428, 252, 's4'),
(1429, 252, 's6'),
(1430, 252, 's7'),
(1431, 252, 's8'),
(1432, 252, 's6'),
(1433, 252, 's7'),
(1434, 252, 's9'),
(1435, 252, 's4'),
(1436, 252, 's6'),
(1437, 252, 's7'),
(1438, 252, 's8'),
(1439, 252, 's9'),
(1440, 252, 's10'),
(1441, 253, 's1'),
(1442, 253, 's10'),
(1443, 254, 's1'),
(1444, 254, 's2'),
(1445, 254, 's3'),
(1446, 254, 's5'),
(1447, 254, 's4'),
(1448, 254, 's6'),
(1449, 254, 's7'),
(1450, 254, 's9'),
(1451, 254, 's10'),
(1452, 255, 's1'),
(1453, 255, 's2'),
(1454, 255, 's10'),
(1455, 256, 's1'),
(1456, 256, 's10'),
(1457, 257, 's1'),
(1458, 257, 's2'),
(1459, 257, 's3'),
(1460, 257, 's4'),
(1461, 257, 's10'),
(1462, 258, 's1'),
(1463, 258, 's2'),
(1464, 258, 's3'),
(1465, 258, 's10'),
(1466, 259, 's1'),
(1467, 259, 's2'),
(1468, 259, 's10'),
(1469, 260, 's1'),
(1470, 260, 's2'),
(1471, 260, 's3'),
(1472, 260, 's5'),
(1473, 260, 's4'),
(1474, 260, 's6'),
(1475, 260, 's7'),
(1476, 260, 's6'),
(1477, 260, 's7'),
(1478, 260, 's9'),
(1479, 260, 's10'),
(1480, 261, 's1'),
(1481, 261, 's2'),
(1482, 261, 's3'),
(1483, 261, 's4'),
(1484, 261, 's10'),
(1485, 262, 's1'),
(1486, 262, 's2'),
(1487, 262, 's10'),
(1488, 263, 's1'),
(1489, 263, 's2'),
(1490, 263, 's3'),
(1491, 263, 's4'),
(1492, 263, 's6'),
(1493, 263, 's7'),
(1494, 263, 's9'),
(1495, 263, 's10'),
(1496, 264, 's1'),
(1497, 264, 's2'),
(1498, 264, 's10'),
(1499, 265, 's1'),
(1500, 265, 's2'),
(1501, 265, 's3'),
(1502, 265, 's10'),
(1503, 266, 's1'),
(1504, 266, 's2'),
(1505, 266, 's10'),
(1506, 267, 's1'),
(1507, 267, 's2'),
(1508, 267, 's3'),
(1509, 267, 's4'),
(1510, 267, 's5'),
(1511, 267, 's4'),
(1512, 267, 's10'),
(1513, 268, 's1'),
(1514, 268, 's2'),
(1515, 268, 's10'),
(1516, 269, 's1'),
(1517, 269, 's2'),
(1518, 269, 's10'),
(1519, 270, 's1'),
(1520, 270, 's2'),
(1521, 270, 's3'),
(1522, 270, 's5'),
(1523, 270, 's4'),
(1524, 270, 's5'),
(1525, 270, 's4'),
(1526, 270, 's10'),
(1527, 271, 's1'),
(1528, 271, 's2'),
(1529, 271, 's3'),
(1530, 271, 's4'),
(1531, 271, 's4'),
(1532, 271, 's10'),
(1533, 272, 's1'),
(1534, 272, 's2'),
(1535, 272, 's3'),
(1536, 272, 's5'),
(1537, 272, 's4'),
(1538, 272, 's6'),
(1539, 272, 's7'),
(1540, 272, 's9'),
(1541, 272, 's10'),
(1542, 273, 's1'),
(1543, 273, 's2'),
(1544, 273, 's3'),
(1545, 273, 's4'),
(1546, 273, 's5'),
(1547, 273, 's4'),
(1548, 273, 's5'),
(1549, 273, 's4'),
(1550, 273, 's5'),
(1551, 273, 's4'),
(1552, 273, 's5'),
(1553, 273, 's4'),
(1554, 273, 's10'),
(1555, 274, 's1'),
(1556, 274, 's2'),
(1557, 274, 's10'),
(1558, 275, 's1'),
(1559, 275, 's2'),
(1560, 275, 's10'),
(1561, 276, 's1'),
(1562, 276, 's2'),
(1563, 276, 's3'),
(1564, 276, 's10'),
(1565, 277, 's1'),
(1566, 277, 's10'),
(1567, 278, 's1'),
(1568, 278, 's10'),
(1569, 279, 's1'),
(1570, 279, 's2'),
(1571, 279, 's10'),
(1572, 280, 's1'),
(1573, 280, 's10'),
(1574, 281, 's1'),
(1575, 281, 's10'),
(1576, 282, 's1'),
(1577, 282, 's10'),
(1578, 283, 's1'),
(1579, 283, 's2'),
(1580, 283, 's3'),
(1581, 283, 's4'),
(1582, 283, 's6'),
(1583, 283, 's7'),
(1584, 283, 's9'),
(1585, 283, 's4'),
(1586, 283, 's6'),
(1587, 283, 's7'),
(1588, 283, 's6'),
(1589, 283, 's7'),
(1590, 283, 's6'),
(1591, 283, 's7'),
(1592, 283, 's9'),
(1593, 283, 's10'),
(1594, 284, 's1'),
(1595, 284, 's2'),
(1596, 284, 's3'),
(1597, 284, 's5'),
(1598, 284, 's4'),
(1599, 284, 's6'),
(1600, 284, 's7'),
(1601, 284, 's6'),
(1602, 284, 's7'),
(1603, 284, 's9'),
(1604, 284, 's4'),
(1605, 284, 's6'),
(1606, 284, 's7'),
(1607, 284, 's9'),
(1608, 284, 's10'),
(1609, 285, 's1'),
(1610, 285, 's10'),
(1611, 286, 's1'),
(1612, 286, 's2'),
(1613, 286, 's3'),
(1614, 286, 's4'),
(1615, 286, 's4'),
(1616, 286, 's10'),
(1617, 287, 's1'),
(1618, 287, 's2'),
(1619, 287, 's3'),
(1620, 287, 's5'),
(1621, 287, 's4'),
(1622, 287, 's10'),
(1623, 288, 's1'),
(1624, 288, 's10'),
(1625, 289, 's1'),
(1626, 289, 's2'),
(1627, 289, 's3'),
(1628, 289, 's5'),
(1629, 289, 's4'),
(1630, 289, 's6'),
(1631, 289, 's7'),
(1632, 289, 's9'),
(1633, 289, 's10'),
(1634, 290, 's1'),
(1635, 290, 's2'),
(1636, 290, 's3'),
(1637, 290, 's10'),
(1638, 291, 's1'),
(1639, 291, 's2'),
(1640, 291, 's3'),
(1641, 291, 's4'),
(1642, 291, 's10'),
(1643, 292, 's1'),
(1644, 292, 's10'),
(1645, 293, 's1'),
(1646, 293, 's2'),
(1647, 293, 's3'),
(1648, 293, 's10'),
(1649, 294, 's1'),
(1650, 294, 's2'),
(1651, 294, 's3'),
(1652, 294, 's4'),
(1653, 294, 's4'),
(1654, 294, 's10'),
(1655, 295, 's1'),
(1656, 295, 's2'),
(1657, 295, 's10'),
(1658, 296, 's1'),
(1659, 296, 's10'),
(1660, 297, 's1'),
(1661, 297, 's2'),
(1662, 297, 's3'),
(1663, 297, 's5'),
(1664, 297, 's4'),
(1665, 297, 's5'),
(1666, 297, 's4'),
(1667, 297, 's5'),
(1668, 297, 's4'),
(1669, 297, 's6'),
(1670, 297, 's7'),
(1671, 297, 's9'),
(1672, 297, 's4'),
(1673, 297, 's6'),
(1674, 297, 's7'),
(1675, 297, 's9'),
(1676, 297, 's10'),
(1677, 298, 's1'),
(1678, 298, 's2'),
(1679, 298, 's3'),
(1680, 298, 's10'),
(1681, 299, 's1'),
(1682, 299, 's10'),
(1683, 300, 's1'),
(1684, 300, 's2'),
(1685, 300, 's10'),
(1686, 301, 's1'),
(1687, 301, 's2'),
(1688, 301, 's3'),
(1689, 301, 's5'),
(1690, 301, 's4'),
(1691, 301, 's5'),
(1692, 301, 's4'),
(1693, 301, 's10'),
(1694, 302, 's1'),
(1695, 302, 's2'),
(1696, 302, 's10'),
(1697, 303, 's1'),
(1698, 303, 's10'),
(1699, 304, 's1'),
(1700, 304, 's10'),
(1701, 305, 's1'),
(1702, 305, 's2'),
(1703, 305, 's10'),
(1704, 306, 's1'),
(1705, 306, 's2'),
(1706, 306, 's3'),
(1707, 306, 's5'),
(1708, 306, 's4'),
(1709, 306, 's10'),
(1710, 307, 's1'),
(1711, 307, 's2'),
(1712, 307, 's10'),
(1713, 308, 's1'),
(1714, 308, 's2'),
(1715, 308, 's3'),
(1716, 308, 's10'),
(1717, 309, 's1'),
(1718, 309, 's10'),
(1719, 310, 's1'),
(1720, 310, 's2'),
(1721, 310, 's3'),
(1722, 310, 's5'),
(1723, 310, 's4'),
(1724, 310, 's6'),
(1725, 310, 's7'),
(1726, 310, 's6'),
(1727, 310, 's7'),
(1728, 310, 's9'),
(1729, 310, 's4'),
(1730, 310, 's6'),
(1731, 310, 's7'),
(1732, 310, 's6'),
(1733, 310, 's7'),
(1734, 310, 's6'),
(1735, 310, 's7'),
(1736, 310, 's6'),
(1737, 310, 's7'),
(1738, 310, 's9'),
(1739, 310, 's4'),
(1740, 310, 's6'),
(1741, 310, 's7'),
(1742, 310, 's8'),
(1743, 310, 's6'),
(1744, 310, 's7'),
(1745, 310, 's9'),
(1746, 310, 's10'),
(1747, 311, 's1'),
(1748, 311, 's2'),
(1749, 311, 's3'),
(1750, 311, 's10'),
(1751, 312, 's1'),
(1752, 312, 's2'),
(1753, 312, 's10'),
(1754, 313, 's1'),
(1755, 313, 's2'),
(1756, 313, 's10'),
(1757, 314, 's1'),
(1758, 314, 's2'),
(1759, 314, 's3'),
(1760, 314, 's4'),
(1761, 314, 's6'),
(1762, 314, 's7'),
(1763, 314, 's6'),
(1764, 314, 's7'),
(1765, 314, 's9'),
(1766, 314, 's10'),
(1767, 315, 's1'),
(1768, 315, 's2'),
(1769, 315, 's3'),
(1770, 315, 's4'),
(1771, 315, 's6'),
(1772, 315, 's7'),
(1773, 315, 's9'),
(1774, 315, 's10'),
(1775, 316, 's1'),
(1776, 316, 's2'),
(1777, 316, 's10'),
(1778, 317, 's1'),
(1779, 317, 's2'),
(1780, 317, 's10'),
(1781, 318, 's1'),
(1782, 318, 's10'),
(1783, 319, 's1'),
(1784, 319, 's2'),
(1785, 319, 's3'),
(1786, 319, 's5'),
(1787, 319, 's4'),
(1788, 319, 's5'),
(1789, 319, 's4'),
(1790, 319, 's10'),
(1791, 320, 's1'),
(1792, 320, 's2'),
(1793, 320, 's3'),
(1794, 320, 's10'),
(1795, 321, 's1'),
(1796, 321, 's10'),
(1797, 322, 's1'),
(1798, 322, 's2'),
(1799, 322, 's10'),
(1800, 323, 's1'),
(1801, 323, 's2'),
(1802, 323, 's3'),
(1803, 323, 's5'),
(1804, 323, 's4'),
(1805, 323, 's6'),
(1806, 323, 's7'),
(1807, 323, 's9'),
(1808, 323, 's10'),
(1809, 324, 's1'),
(1810, 324, 's2'),
(1811, 324, 's3'),
(1812, 324, 's5'),
(1813, 324, 's4'),
(1814, 324, 's6'),
(1815, 324, 's7'),
(1816, 324, 's8'),
(1817, 324, 's6'),
(1818, 324, 's7'),
(1819, 324, 's6'),
(1820, 324, 's7'),
(1821, 324, 's9'),
(1822, 324, 's4'),
(1823, 324, 's6'),
(1824, 324, 's7'),
(1825, 324, 's9'),
(1826, 324, 's10'),
(1827, 325, 's1'),
(1828, 325, 's10'),
(1829, 326, 's1'),
(1830, 326, 's2'),
(1831, 326, 's3'),
(1832, 326, 's5'),
(1833, 326, 's4'),
(1834, 326, 's6'),
(1835, 326, 's7'),
(1836, 326, 's8'),
(1837, 326, 's6'),
(1838, 326, 's7'),
(1839, 326, 's6'),
(1840, 326, 's7'),
(1841, 326, 's9'),
(1842, 326, 's10'),
(1843, 327, 's1'),
(1844, 327, 's10'),
(1845, 328, 's1'),
(1846, 328, 's2'),
(1847, 328, 's10'),
(1848, 329, 's1'),
(1849, 329, 's2'),
(1850, 329, 's10'),
(1851, 330, 's1'),
(1852, 330, 's2'),
(1853, 330, 's10'),
(1854, 331, 's1'),
(1855, 331, 's2'),
(1856, 331, 's3'),
(1857, 331, 's5'),
(1858, 331, 's4'),
(1859, 331, 's10'),
(1860, 332, 's1'),
(1861, 332, 's2'),
(1862, 332, 's10'),
(1863, 333, 's1'),
(1864, 333, 's10'),
(1865, 334, 's1'),
(1866, 334, 's10'),
(1867, 335, 's1'),
(1868, 335, 's10'),
(1869, 336, 's1'),
(1870, 336, 's2'),
(1871, 336, 's3'),
(1872, 336, 's5'),
(1873, 336, 's4'),
(1874, 336, 's4'),
(1875, 336, 's5'),
(1876, 336, 's4'),
(1877, 336, 's5'),
(1878, 336, 's4'),
(1879, 336, 's6'),
(1880, 336, 's7'),
(1881, 336, 's9'),
(1882, 336, 's4'),
(1883, 336, 's6'),
(1884, 336, 's7'),
(1885, 336, 's9'),
(1886, 336, 's4'),
(1887, 336, 's6'),
(1888, 336, 's7'),
(1889, 336, 's6'),
(1890, 336, 's7'),
(1891, 336, 's8'),
(1892, 336, 's6'),
(1893, 336, 's7'),
(1894, 336, 's9'),
(1895, 336, 's10'),
(1896, 337, 's1'),
(1897, 337, 's2'),
(1898, 337, 's10'),
(1899, 338, 's1'),
(1900, 338, 's2'),
(1901, 338, 's3'),
(1902, 338, 's5'),
(1903, 338, 's4'),
(1904, 338, 's6'),
(1905, 338, 's7'),
(1906, 338, 's9'),
(1907, 338, 's10'),
(1908, 339, 's1'),
(1909, 339, 's2'),
(1910, 339, 's3'),
(1911, 339, 's5'),
(1912, 339, 's4'),
(1913, 339, 's5'),
(1914, 339, 's4'),
(1915, 339, 's6'),
(1916, 339, 's7'),
(1917, 339, 's9'),
(1918, 339, 's10'),
(1919, 340, 's1'),
(1920, 340, 's2'),
(1921, 340, 's10'),
(1922, 341, 's1'),
(1923, 341, 's2'),
(1924, 341, 's10'),
(1925, 342, 's1'),
(1926, 342, 's2'),
(1927, 342, 's10'),
(1928, 343, 's1'),
(1929, 343, 's2'),
(1930, 343, 's3'),
(1931, 343, 's4'),
(1932, 343, 's4'),
(1933, 343, 's6'),
(1934, 343, 's7'),
(1935, 343, 's6'),
(1936, 343, 's7'),
(1937, 343, 's9'),
(1938, 343, 's10'),
(1939, 344, 's1'),
(1940, 344, 's2'),
(1941, 344, 's3'),
(1942, 344, 's5'),
(1943, 344, 's4'),
(1944, 344, 's5'),
(1945, 344, 's4'),
(1946, 344, 's6'),
(1947, 344, 's7'),
(1948, 344, 's9'),
(1949, 344, 's4'),
(1950, 344, 's6'),
(1951, 344, 's7'),
(1952, 344, 's9'),
(1953, 344, 's10'),
(1954, 345, 's1'),
(1955, 345, 's2'),
(1956, 345, 's10'),
(1957, 346, 's1'),
(1958, 346, 's2'),
(1959, 346, 's3'),
(1960, 346, 's10'),
(1961, 347, 's1'),
(1962, 347, 's2'),
(1963, 347, 's3'),
(1964, 347, 's5'),
(1965, 347, 's4'),
(1966, 347, 's6'),
(1967, 347, 's7'),
(1968, 347, 's9'),
(1969, 347, 's10'),
(1970, 348, 's1'),
(1971, 348, 's2'),
(1972, 348, 's3'),
(1973, 348, 's5'),
(1974, 348, 's4'),
(1975, 348, 's6'),
(1976, 348, 's7'),
(1977, 348, 's9'),
(1978, 348, 's10'),
(1979, 349, 's1'),
(1980, 349, 's2'),
(1981, 349, 's10'),
(1982, 350, 's1'),
(1983, 350, 's2'),
(1984, 350, 's10'),
(1985, 351, 's1'),
(1986, 351, 's2'),
(1987, 351, 's3'),
(1988, 351, 's5'),
(1989, 351, 's4'),
(1990, 351, 's5'),
(1991, 351, 's4'),
(1992, 351, 's10'),
(1993, 352, 's1'),
(1994, 352, 's10'),
(1995, 353, 's1'),
(1996, 353, 's2'),
(1997, 353, 's3'),
(1998, 353, 's10'),
(1999, 354, 's1'),
(2000, 354, 's10'),
(2001, 355, 's1'),
(2002, 355, 's2'),
(2003, 355, 's3'),
(2004, 355, 's4'),
(2005, 355, 's5'),
(2006, 355, 's4'),
(2007, 355, 's6'),
(2008, 355, 's7'),
(2009, 355, 's9'),
(2010, 355, 's4'),
(2011, 355, 's6'),
(2012, 355, 's7'),
(2013, 355, 's6'),
(2014, 355, 's7'),
(2015, 355, 's9'),
(2016, 355, 's10'),
(2017, 356, 's1'),
(2018, 356, 's2'),
(2019, 356, 's3'),
(2020, 356, 's4'),
(2021, 356, 's6'),
(2022, 356, 's7'),
(2023, 356, 's9'),
(2024, 356, 's10'),
(2025, 357, 's1'),
(2026, 357, 's2'),
(2027, 357, 's3'),
(2028, 357, 's5'),
(2029, 357, 's4'),
(2030, 357, 's6'),
(2031, 357, 's7'),
(2032, 357, 's9'),
(2033, 357, 's10'),
(2034, 358, 's1'),
(2035, 358, 's2'),
(2036, 358, 's3'),
(2037, 358, 's5'),
(2038, 358, 's4'),
(2039, 358, 's6'),
(2040, 358, 's7'),
(2041, 358, 's9'),
(2042, 358, 's4'),
(2043, 358, 's6'),
(2044, 358, 's7'),
(2045, 358, 's8'),
(2046, 358, 's6'),
(2047, 358, 's7'),
(2048, 358, 's9'),
(2049, 358, 's10'),
(2050, 359, 's1'),
(2051, 359, 's2'),
(2052, 359, 's10'),
(2053, 360, 's1'),
(2054, 360, 's2'),
(2055, 360, 's3'),
(2056, 360, 's4'),
(2057, 360, 's4'),
(2058, 360, 's6'),
(2059, 360, 's7'),
(2060, 360, 's9'),
(2061, 360, 's4'),
(2062, 360, 's6'),
(2063, 360, 's7'),
(2064, 360, 's6'),
(2065, 360, 's7'),
(2066, 360, 's9'),
(2067, 360, 's10'),
(2068, 361, 's1'),
(2069, 361, 's2'),
(2070, 361, 's3'),
(2071, 361, 's5'),
(2072, 361, 's4'),
(2073, 361, 's10'),
(2074, 362, 's1'),
(2075, 362, 's2'),
(2076, 362, 's10'),
(2077, 363, 's1'),
(2078, 363, 's10'),
(2079, 364, 's1'),
(2080, 364, 's2'),
(2081, 364, 's3'),
(2082, 364, 's10'),
(2083, 365, 's1'),
(2084, 365, 's2'),
(2085, 365, 's3'),
(2086, 365, 's5'),
(2087, 365, 's4'),
(2088, 365, 's10'),
(2089, 366, 's1'),
(2090, 366, 's10'),
(2091, 367, 's1'),
(2092, 367, 's10'),
(2093, 368, 's1'),
(2094, 368, 's2'),
(2095, 368, 's10'),
(2096, 369, 's1'),
(2097, 369, 's2'),
(2098, 369, 's10'),
(2099, 370, 's1'),
(2100, 370, 's2'),
(2101, 370, 's3'),
(2102, 370, 's5'),
(2103, 370, 's4'),
(2104, 370, 's6'),
(2105, 370, 's7'),
(2106, 370, 's9'),
(2107, 370, 's10'),
(2108, 371, 's1'),
(2109, 371, 's2'),
(2110, 371, 's10'),
(2111, 372, 's1'),
(2112, 372, 's2'),
(2113, 372, 's3'),
(2114, 372, 's5'),
(2115, 372, 's4'),
(2116, 372, 's10'),
(2117, 373, 's1'),
(2118, 373, 's2'),
(2119, 373, 's10'),
(2120, 374, 's1'),
(2121, 374, 's2'),
(2122, 374, 's3'),
(2123, 374, 's5'),
(2124, 374, 's4'),
(2125, 374, 's6'),
(2126, 374, 's7'),
(2127, 374, 's9'),
(2128, 374, 's10'),
(2129, 375, 's1'),
(2130, 375, 's10'),
(2131, 376, 's1'),
(2132, 376, 's2'),
(2133, 376, 's3'),
(2134, 376, 's10'),
(2135, 377, 's1'),
(2136, 377, 's2'),
(2137, 377, 's10'),
(2138, 378, 's1'),
(2139, 378, 's2'),
(2140, 378, 's10'),
(2141, 379, 's1'),
(2142, 379, 's2'),
(2143, 379, 's3'),
(2144, 379, 's10'),
(2145, 380, 's1'),
(2146, 380, 's2'),
(2147, 380, 's3'),
(2148, 380, 's4'),
(2149, 380, 's6'),
(2150, 380, 's7'),
(2151, 380, 's9'),
(2152, 380, 's4'),
(2153, 380, 's6'),
(2154, 380, 's7'),
(2155, 380, 's9'),
(2156, 380, 's10'),
(2157, 381, 's1'),
(2158, 381, 's10'),
(2159, 382, 's1'),
(2160, 382, 's2'),
(2161, 382, 's10'),
(2162, 383, 's1'),
(2163, 383, 's10'),
(2164, 384, 's1'),
(2165, 384, 's2'),
(2166, 384, 's3'),
(2167, 384, 's5'),
(2168, 384, 's4'),
(2169, 384, 's5'),
(2170, 384, 's4'),
(2171, 384, 's6'),
(2172, 384, 's7'),
(2173, 384, 's9'),
(2174, 384, 's10'),
(2175, 385, 's1'),
(2176, 385, 's2'),
(2177, 385, 's10'),
(2178, 386, 's1'),
(2179, 386, 's2'),
(2180, 386, 's3'),
(2181, 386, 's5'),
(2182, 386, 's4'),
(2183, 386, 's10'),
(2184, 387, 's1'),
(2185, 387, 's2'),
(2186, 387, 's10'),
(2187, 388, 's1'),
(2188, 388, 's2'),
(2189, 388, 's3'),
(2190, 388, 's10'),
(2191, 389, 's1'),
(2192, 389, 's2'),
(2193, 389, 's10'),
(2194, 390, 's1'),
(2195, 390, 's2'),
(2196, 390, 's3'),
(2197, 390, 's5'),
(2198, 390, 's4'),
(2199, 390, 's10'),
(2200, 391, 's1'),
(2201, 391, 's2'),
(2202, 391, 's3'),
(2203, 391, 's4'),
(2204, 391, 's5'),
(2205, 391, 's4'),
(2206, 391, 's10'),
(2207, 392, 's1'),
(2208, 392, 's2'),
(2209, 392, 's3'),
(2210, 392, 's5'),
(2211, 392, 's4'),
(2212, 392, 's6'),
(2213, 392, 's7'),
(2214, 392, 's9'),
(2215, 392, 's10'),
(2216, 393, 's1'),
(2217, 393, 's2'),
(2218, 393, 's10'),
(2219, 394, 's1'),
(2220, 394, 's2'),
(2221, 394, 's3'),
(2222, 394, 's5'),
(2223, 394, 's4'),
(2224, 394, 's5'),
(2225, 394, 's4'),
(2226, 394, 's10'),
(2227, 395, 's1'),
(2228, 395, 's2'),
(2229, 395, 's10'),
(2230, 396, 's1'),
(2231, 396, 's2'),
(2232, 396, 's3'),
(2233, 396, 's10'),
(2234, 397, 's1'),
(2235, 397, 's10'),
(2236, 398, 's1'),
(2237, 398, 's2'),
(2238, 398, 's10'),
(2239, 399, 's1'),
(2240, 399, 's2'),
(2241, 399, 's10'),
(2242, 400, 's1'),
(2243, 400, 's10'),
(2244, 401, 's1'),
(2245, 401, 's2'),
(2246, 401, 's3'),
(2247, 401, 's5'),
(2248, 401, 's4'),
(2249, 401, 's5'),
(2250, 401, 's4'),
(2251, 401, 's4'),
(2252, 401, 's10'),
(2253, 402, 's1'),
(2254, 402, 's10'),
(2255, 403, 's1'),
(2256, 403, 's2'),
(2257, 403, 's3'),
(2258, 403, 's5'),
(2259, 403, 's4'),
(2260, 403, 's6'),
(2261, 403, 's7'),
(2262, 403, 's9'),
(2263, 403, 's10'),
(2264, 404, 's1'),
(2265, 404, 's2'),
(2266, 404, 's3'),
(2267, 404, 's5'),
(2268, 404, 's4'),
(2269, 404, 's5'),
(2270, 404, 's4'),
(2271, 404, 's5'),
(2272, 404, 's4'),
(2273, 404, 's5'),
(2274, 404, 's4'),
(2275, 404, 's10'),
(2276, 405, 's1'),
(2277, 405, 's2'),
(2278, 405, 's3'),
(2279, 405, 's5'),
(2280, 405, 's4'),
(2281, 405, 's5'),
(2282, 405, 's4'),
(2283, 405, 's10'),
(2284, 406, 's1'),
(2285, 406, 's10'),
(2286, 407, 's1'),
(2287, 407, 's2'),
(2288, 407, 's3'),
(2289, 407, 's5'),
(2290, 407, 's4'),
(2291, 407, 's5'),
(2292, 407, 's4'),
(2293, 407, 's6'),
(2294, 407, 's7'),
(2295, 407, 's9'),
(2296, 407, 's4'),
(2297, 407, 's6'),
(2298, 407, 's7'),
(2299, 407, 's9'),
(2300, 407, 's10'),
(2301, 408, 's1'),
(2302, 408, 's2'),
(2303, 408, 's3'),
(2304, 408, 's5'),
(2305, 408, 's4'),
(2306, 408, 's10'),
(2307, 409, 's1'),
(2308, 409, 's10'),
(2309, 410, 's1'),
(2310, 410, 's2'),
(2311, 410, 's10'),
(2312, 411, 's1'),
(2313, 411, 's2'),
(2314, 411, 's3'),
(2315, 411, 's5'),
(2316, 411, 's4'),
(2317, 411, 's6'),
(2318, 411, 's7'),
(2319, 411, 's9'),
(2320, 411, 's10'),
(2321, 412, 's1'),
(2322, 412, 's2'),
(2323, 412, 's10'),
(2324, 413, 's1'),
(2325, 413, 's2'),
(2326, 413, 's10'),
(2327, 414, 's1'),
(2328, 414, 's2'),
(2329, 414, 's10'),
(2330, 415, 's1'),
(2331, 415, 's2'),
(2332, 415, 's10'),
(2333, 416, 's1'),
(2334, 416, 's2'),
(2335, 416, 's3'),
(2336, 416, 's5'),
(2337, 416, 's4'),
(2338, 416, 's6'),
(2339, 416, 's7'),
(2340, 416, 's9'),
(2341, 416, 's4'),
(2342, 416, 's6'),
(2343, 416, 's7'),
(2344, 416, 's8'),
(2345, 416, 's9'),
(2346, 416, 's10'),
(2347, 417, 's1'),
(2348, 417, 's2'),
(2349, 417, 's10'),
(2350, 418, 's1'),
(2351, 418, 's2'),
(2352, 418, 's3'),
(2353, 418, 's4'),
(2354, 418, 's4'),
(2355, 418, 's6'),
(2356, 418, 's7'),
(2357, 418, 's9'),
(2358, 418, 's4'),
(2359, 418, 's6'),
(2360, 418, 's7'),
(2361, 418, 's9'),
(2362, 418, 's10'),
(2363, 419, 's1'),
(2364, 419, 's2'),
(2365, 419, 's3'),
(2366, 419, 's4'),
(2367, 419, 's6'),
(2368, 419, 's7'),
(2369, 419, 's9'),
(2370, 419, 's10'),
(2371, 420, 's1'),
(2372, 420, 's2'),
(2373, 420, 's3'),
(2374, 420, 's5'),
(2375, 420, 's4'),
(2376, 420, 's5'),
(2377, 420, 's4'),
(2378, 420, 's6'),
(2379, 420, 's7'),
(2380, 420, 's9'),
(2381, 420, 's4'),
(2382, 420, 's6'),
(2383, 420, 's7'),
(2384, 420, 's8'),
(2385, 420, 's9'),
(2386, 420, 's10'),
(2387, 421, 's1'),
(2388, 421, 's2'),
(2389, 421, 's3'),
(2390, 421, 's4'),
(2391, 421, 's10'),
(2392, 422, 's1'),
(2393, 422, 's2'),
(2394, 422, 's3'),
(2395, 422, 's5'),
(2396, 422, 's4'),
(2397, 422, 's10'),
(2398, 423, 's1'),
(2399, 423, 's2'),
(2400, 423, 's3'),
(2401, 423, 's5'),
(2402, 423, 's4'),
(2403, 423, 's5'),
(2404, 423, 's4'),
(2405, 423, 's10'),
(2406, 424, 's1'),
(2407, 424, 's10'),
(2408, 425, 's1'),
(2409, 425, 's10'),
(2410, 426, 's1'),
(2411, 426, 's2'),
(2412, 426, 's10'),
(2413, 427, 's1'),
(2414, 427, 's2'),
(2415, 427, 's10'),
(2416, 428, 's1'),
(2417, 428, 's2'),
(2418, 428, 's3'),
(2419, 428, 's10'),
(2420, 429, 's1'),
(2421, 429, 's2'),
(2422, 429, 's10'),
(2423, 430, 's1'),
(2424, 430, 's2'),
(2425, 430, 's3'),
(2426, 430, 's4'),
(2427, 430, 's10'),
(2428, 431, 's1'),
(2429, 431, 's2'),
(2430, 431, 's10'),
(2431, 432, 's1'),
(2432, 432, 's2'),
(2433, 432, 's3'),
(2434, 432, 's5'),
(2435, 432, 's4'),
(2436, 432, 's10'),
(2437, 433, 's1'),
(2438, 433, 's2'),
(2439, 433, 's10'),
(2440, 434, 's1'),
(2441, 434, 's2'),
(2442, 434, 's3'),
(2443, 434, 's10'),
(2444, 435, 's1'),
(2445, 435, 's2'),
(2446, 435, 's10'),
(2447, 436, 's1'),
(2448, 436, 's2'),
(2449, 436, 's3'),
(2450, 436, 's10'),
(2451, 437, 's1'),
(2452, 437, 's10'),
(2453, 438, 's1'),
(2454, 438, 's2'),
(2455, 438, 's10'),
(2456, 439, 's1'),
(2457, 439, 's2'),
(2458, 439, 's3'),
(2459, 439, 's5'),
(2460, 439, 's4'),
(2461, 439, 's6'),
(2462, 439, 's7'),
(2463, 439, 's9'),
(2464, 439, 's10'),
(2465, 440, 's1'),
(2466, 440, 's2'),
(2467, 440, 's3'),
(2468, 440, 's4'),
(2469, 440, 's5'),
(2470, 440, 's4'),
(2471, 440, 's5'),
(2472, 440, 's4'),
(2473, 440, 's6'),
(2474, 440, 's7'),
(2475, 440, 's8'),
(2476, 440, 's6'),
(2477, 440, 's7'),
(2478, 440, 's9'),
(2479, 440, 's10'),
(2480, 441, 's1'),
(2481, 441, 's2'),
(2482, 441, 's3'),
(2483, 441, 's5'),
(2484, 441, 's4'),
(2485, 441, 's5'),
(2486, 441, 's4'),
(2487, 441, 's6'),
(2488, 441, 's7'),
(2489, 441, 's9'),
(2490, 441, 's4'),
(2491, 441, 's6'),
(2492, 441, 's7'),
(2493, 441, 's8'),
(2494, 441, 's6'),
(2495, 441, 's7'),
(2496, 441, 's9'),
(2497, 441, 's4'),
(2498, 441, 's6'),
(2499, 441, 's7'),
(2500, 441, 's9'),
(2501, 441, 's4'),
(2502, 441, 's6'),
(2503, 441, 's7'),
(2504, 441, 's9'),
(2505, 441, 's10'),
(2506, 442, 's1'),
(2507, 442, 's2'),
(2508, 442, 's3'),
(2509, 442, 's10'),
(2510, 443, 's1'),
(2511, 443, 's2'),
(2512, 443, 's3'),
(2513, 443, 's5'),
(2514, 443, 's4'),
(2515, 443, 's6'),
(2516, 443, 's7'),
(2517, 443, 's9'),
(2518, 443, 's10'),
(2519, 444, 's1'),
(2520, 444, 's2'),
(2521, 444, 's10'),
(2522, 445, 's1'),
(2523, 445, 's2'),
(2524, 445, 's3'),
(2525, 445, 's5'),
(2526, 445, 's4'),
(2527, 445, 's5'),
(2528, 445, 's4'),
(2529, 445, 's6'),
(2530, 445, 's7'),
(2531, 445, 's9'),
(2532, 445, 's10'),
(2533, 446, 's1'),
(2534, 446, 's2'),
(2535, 446, 's3'),
(2536, 446, 's10'),
(2537, 447, 's1'),
(2538, 447, 's2'),
(2539, 447, 's3'),
(2540, 447, 's10'),
(2541, 448, 's1'),
(2542, 448, 's2'),
(2543, 448, 's10'),
(2544, 449, 's1'),
(2545, 449, 's2'),
(2546, 449, 's3'),
(2547, 449, 's5'),
(2548, 449, 's4'),
(2549, 449, 's6'),
(2550, 449, 's7'),
(2551, 449, 's9'),
(2552, 449, 's4'),
(2553, 449, 's6'),
(2554, 449, 's7'),
(2555, 449, 's9'),
(2556, 449, 's4'),
(2557, 449, 's6'),
(2558, 449, 's7'),
(2559, 449, 's9'),
(2560, 449, 's4'),
(2561, 449, 's6'),
(2562, 449, 's7'),
(2563, 449, 's9'),
(2564, 449, 's4'),
(2565, 449, 's6'),
(2566, 449, 's7'),
(2567, 449, 's6'),
(2568, 449, 's7'),
(2569, 449, 's9'),
(2570, 449, 's10'),
(2571, 450, 's1'),
(2572, 450, 's2'),
(2573, 450, 's10'),
(2574, 451, 's1'),
(2575, 451, 's2'),
(2576, 451, 's10'),
(2577, 452, 's1'),
(2578, 452, 's2'),
(2579, 452, 's10'),
(2580, 453, 's1'),
(2581, 453, 's2'),
(2582, 453, 's3'),
(2583, 453, 's5'),
(2584, 453, 's4'),
(2585, 453, 's10'),
(2586, 454, 's1'),
(2587, 454, 's10'),
(2588, 455, 's1'),
(2589, 455, 's10'),
(2590, 456, 's1'),
(2591, 456, 's2'),
(2592, 456, 's10'),
(2593, 457, 's1'),
(2594, 457, 's2'),
(2595, 457, 's3'),
(2596, 457, 's5'),
(2597, 457, 's4'),
(2598, 457, 's6'),
(2599, 457, 's7'),
(2600, 457, 's9'),
(2601, 457, 's10'),
(2602, 458, 's1'),
(2603, 458, 's2'),
(2604, 458, 's10'),
(2605, 459, 's1'),
(2606, 459, 's10'),
(2607, 460, 's1'),
(2608, 460, 's2'),
(2609, 460, 's3'),
(2610, 460, 's5'),
(2611, 460, 's4'),
(2612, 460, 's5'),
(2613, 460, 's4'),
(2614, 460, 's10'),
(2615, 461, 's1'),
(2616, 461, 's10'),
(2617, 462, 's1'),
(2618, 462, 's2'),
(2619, 462, 's3'),
(2620, 462, 's5'),
(2621, 462, 's4'),
(2622, 462, 's4'),
(2623, 462, 's6'),
(2624, 462, 's7'),
(2625, 462, 's9'),
(2626, 462, 's10'),
(2627, 463, 's1'),
(2628, 463, 's2'),
(2629, 463, 's3'),
(2630, 463, 's4'),
(2631, 463, 's5'),
(2632, 463, 's4'),
(2633, 463, 's5'),
(2634, 463, 's4'),
(2635, 463, 's10'),
(2636, 464, 's1'),
(2637, 464, 's2'),
(2638, 464, 's3'),
(2639, 464, 's5'),
(2640, 464, 's4'),
(2641, 464, 's6'),
(2642, 464, 's7'),
(2643, 464, 's6'),
(2644, 464, 's7'),
(2645, 464, 's9'),
(2646, 464, 's10'),
(2647, 465, 's1'),
(2648, 465, 's2'),
(2649, 465, 's10'),
(2650, 466, 's1'),
(2651, 466, 's2'),
(2652, 466, 's3'),
(2653, 466, 's5'),
(2654, 466, 's4'),
(2655, 466, 's6'),
(2656, 466, 's7'),
(2657, 466, 's9'),
(2658, 466, 's10'),
(2659, 467, 's1'),
(2660, 467, 's2'),
(2661, 467, 's10'),
(2662, 468, 's1'),
(2663, 468, 's10'),
(2664, 469, 's1'),
(2665, 469, 's2'),
(2666, 469, 's10'),
(2667, 470, 's1'),
(2668, 470, 's2'),
(2669, 470, 's3'),
(2670, 470, 's5'),
(2671, 470, 's4'),
(2672, 470, 's6'),
(2673, 470, 's7'),
(2674, 470, 's9'),
(2675, 470, 's10'),
(2676, 471, 's1'),
(2677, 471, 's2'),
(2678, 471, 's3'),
(2679, 471, 's5'),
(2680, 471, 's4'),
(2681, 471, 's4'),
(2682, 471, 's6'),
(2683, 471, 's7'),
(2684, 471, 's9'),
(2685, 471, 's10'),
(2686, 472, 's1'),
(2687, 472, 's2'),
(2688, 472, 's10'),
(2689, 473, 's1'),
(2690, 473, 's2'),
(2691, 473, 's3'),
(2692, 473, 's10'),
(2693, 474, 's1'),
(2694, 474, 's2'),
(2695, 474, 's10'),
(2696, 475, 's1'),
(2697, 475, 's2'),
(2698, 475, 's10'),
(2699, 476, 's1'),
(2700, 476, 's2'),
(2701, 476, 's3'),
(2702, 476, 's5'),
(2703, 476, 's4'),
(2704, 476, 's6'),
(2705, 476, 's7'),
(2706, 476, 's9'),
(2707, 476, 's4'),
(2708, 476, 's6'),
(2709, 476, 's7'),
(2710, 476, 's9'),
(2711, 476, 's4'),
(2712, 476, 's6'),
(2713, 476, 's7'),
(2714, 476, 's9'),
(2715, 476, 's10'),
(2716, 477, 's1'),
(2717, 477, 's10'),
(2718, 478, 's1'),
(2719, 478, 's2'),
(2720, 478, 's10'),
(2721, 479, 's1'),
(2722, 479, 's2'),
(2723, 479, 's3'),
(2724, 479, 's5'),
(2725, 479, 's4'),
(2726, 479, 's6'),
(2727, 479, 's7'),
(2728, 479, 's9'),
(2729, 479, 's10'),
(2730, 480, 's1'),
(2731, 480, 's2'),
(2732, 480, 's10'),
(2733, 481, 's1'),
(2734, 481, 's2'),
(2735, 481, 's10'),
(2736, 482, 's1'),
(2737, 482, 's2'),
(2738, 482, 's3'),
(2739, 482, 's4'),
(2740, 482, 's6'),
(2741, 482, 's7'),
(2742, 482, 's9'),
(2743, 482, 's4'),
(2744, 482, 's6'),
(2745, 482, 's7'),
(2746, 482, 's6'),
(2747, 482, 's7'),
(2748, 482, 's9'),
(2749, 482, 's10'),
(2750, 483, 's1'),
(2751, 483, 's2'),
(2752, 483, 's3'),
(2753, 483, 's5'),
(2754, 483, 's4'),
(2755, 483, 's6'),
(2756, 483, 's7'),
(2757, 483, 's9'),
(2758, 483, 's4'),
(2759, 483, 's6'),
(2760, 483, 's7'),
(2761, 483, 's9'),
(2762, 483, 's4'),
(2763, 483, 's6'),
(2764, 483, 's7'),
(2765, 483, 's9'),
(2766, 483, 's10'),
(2767, 484, 's1'),
(2768, 484, 's2'),
(2769, 484, 's3'),
(2770, 484, 's10'),
(2771, 485, 's1'),
(2772, 485, 's2'),
(2773, 485, 's3'),
(2774, 485, 's5'),
(2775, 485, 's4'),
(2776, 485, 's6'),
(2777, 485, 's7'),
(2778, 485, 's9'),
(2779, 485, 's10'),
(2780, 486, 's1'),
(2781, 486, 's2'),
(2782, 486, 's3'),
(2783, 486, 's5'),
(2784, 486, 's4'),
(2785, 486, 's10'),
(2786, 487, 's1'),
(2787, 487, 's10'),
(2788, 488, 's1'),
(2789, 488, 's10'),
(2790, 489, 's1'),
(2791, 489, 's2'),
(2792, 489, 's3'),
(2793, 489, 's5'),
(2794, 489, 's4'),
(2795, 489, 's5'),
(2796, 489, 's4'),
(2797, 489, 's5'),
(2798, 489, 's4'),
(2799, 489, 's6'),
(2800, 489, 's7'),
(2801, 489, 's9'),
(2802, 489, 's10'),
(2803, 490, 's1'),
(2804, 490, 's2'),
(2805, 490, 's3'),
(2806, 490, 's10'),
(2807, 491, 's1'),
(2808, 491, 's10'),
(2809, 492, 's1'),
(2810, 492, 's10'),
(2811, 493, 's1'),
(2812, 493, 's2'),
(2813, 493, 's3'),
(2814, 493, 's5'),
(2815, 493, 's4'),
(2816, 493, 's10'),
(2817, 494, 's1'),
(2818, 494, 's2'),
(2819, 494, 's3'),
(2820, 494, 's4'),
(2821, 494, 's10'),
(2822, 495, 's1'),
(2823, 495, 's2'),
(2824, 495, 's10'),
(2825, 496, 's1'),
(2826, 496, 's2'),
(2827, 496, 's3'),
(2828, 496, 's5'),
(2829, 496, 's4'),
(2830, 496, 's5'),
(2831, 496, 's4'),
(2832, 496, 's4'),
(2833, 496, 's10'),
(2834, 497, 's1'),
(2835, 497, 's2'),
(2836, 497, 's10'),
(2837, 498, 's1'),
(2838, 498, 's10'),
(2839, 499, 's1'),
(2840, 499, 's10'),
(2841, 500, 's1'),
(2842, 500, 's2'),
(2843, 500, 's3'),
(2844, 500, 's5'),
(2845, 500, 's4'),
(2846, 500, 's10'),
(2847, 501, 's1'),
(2848, 501, 's2'),
(2849, 501, 's3'),
(2850, 501, 's5'),
(2851, 501, 's4'),
(2852, 501, 's6'),
(2853, 501, 's7'),
(2854, 501, 's9'),
(2855, 501, 's10'),
(2856, 502, 's1'),
(2857, 502, 's2'),
(2858, 502, 's3'),
(2859, 502, 's5'),
(2860, 502, 's4'),
(2861, 502, 's5'),
(2862, 502, 's4'),
(2863, 502, 's6'),
(2864, 502, 's7'),
(2865, 502, 's9'),
(2866, 502, 's10'),
(2867, 503, 's1'),
(2868, 503, 's2'),
(2869, 503, 's3'),
(2870, 503, 's4'),
(2871, 503, 's4'),
(2872, 503, 's10'),
(2873, 504, 's1'),
(2874, 504, 's2'),
(2875, 504, 's3'),
(2876, 504, 's5'),
(2877, 504, 's4'),
(2878, 504, 's4'),
(2879, 504, 's10'),
(2880, 505, 's1'),
(2881, 505, 's2'),
(2882, 505, 's10'),
(2883, 506, 's1'),
(2884, 506, 's2'),
(2885, 506, 's3'),
(2886, 506, 's5'),
(2887, 506, 's4'),
(2888, 506, 's6'),
(2889, 506, 's7'),
(2890, 506, 's9'),
(2891, 506, 's10'),
(2892, 507, 's1'),
(2893, 507, 's2'),
(2894, 507, 's3'),
(2895, 507, 's5'),
(2896, 507, 's4'),
(2897, 507, 's6'),
(2898, 507, 's7'),
(2899, 507, 's8'),
(2900, 507, 's6'),
(2901, 507, 's7'),
(2902, 507, 's9'),
(2903, 507, 's10'),
(2904, 508, 's1'),
(2905, 508, 's2'),
(2906, 508, 's3'),
(2907, 508, 's4'),
(2908, 508, 's5'),
(2909, 508, 's4'),
(2910, 508, 's6'),
(2911, 508, 's7'),
(2912, 508, 's9'),
(2913, 508, 's4'),
(2914, 508, 's6'),
(2915, 508, 's7'),
(2916, 508, 's9'),
(2917, 508, 's10'),
(2918, 509, 's1'),
(2919, 509, 's2'),
(2920, 509, 's10'),
(2921, 510, 's1'),
(2922, 510, 's2'),
(2923, 510, 's3'),
(2924, 510, 's5'),
(2925, 510, 's4'),
(2926, 510, 's10'),
(2927, 511, 's1'),
(2928, 511, 's2'),
(2929, 511, 's10'),
(2930, 512, 's1'),
(2931, 512, 's10'),
(2932, 513, 's1'),
(2933, 513, 's10'),
(2934, 514, 's1'),
(2935, 514, 's2'),
(2936, 514, 's3'),
(2937, 514, 's5'),
(2938, 514, 's4'),
(2939, 514, 's6'),
(2940, 514, 's7'),
(2941, 514, 's9'),
(2942, 514, 's10'),
(2943, 515, 's1'),
(2944, 515, 's2'),
(2945, 515, 's3'),
(2946, 515, 's5'),
(2947, 515, 's4'),
(2948, 515, 's6'),
(2949, 515, 's7'),
(2950, 515, 's8'),
(2951, 515, 's6'),
(2952, 515, 's7'),
(2953, 515, 's9'),
(2954, 515, 's10'),
(2955, 516, 's1'),
(2956, 516, 's10'),
(2957, 517, 's1'),
(2958, 517, 's2'),
(2959, 517, 's10'),
(2960, 518, 's1'),
(2961, 518, 's2'),
(2962, 518, 's10'),
(2963, 519, 's1'),
(2964, 519, 's10'),
(2965, 520, 's1'),
(2966, 520, 's2'),
(2967, 520, 's3'),
(2968, 520, 's5'),
(2969, 520, 's4'),
(2970, 520, 's10'),
(2971, 521, 's1'),
(2972, 521, 's2'),
(2973, 521, 's3'),
(2974, 521, 's4'),
(2975, 521, 's5'),
(2976, 521, 's4'),
(2977, 521, 's10'),
(2978, 522, 's1'),
(2979, 522, 's2'),
(2980, 522, 's3'),
(2981, 522, 's5'),
(2982, 522, 's4'),
(2983, 522, 's5'),
(2984, 522, 's4'),
(2985, 522, 's6'),
(2986, 522, 's7'),
(2987, 522, 's8'),
(2988, 522, 's9'),
(2989, 522, 's10'),
(2990, 523, 's1'),
(2991, 523, 's2'),
(2992, 523, 's3'),
(2993, 523, 's5'),
(2994, 523, 's4'),
(2995, 523, 's5'),
(2996, 523, 's4'),
(2997, 523, 's6'),
(2998, 523, 's7'),
(2999, 523, 's9'),
(3000, 523, 's4'),
(3001, 523, 's6'),
(3002, 523, 's7'),
(3003, 523, 's9');
INSERT INTO `Eventlog` (`RowNumber`, `PersonId`, `State`) VALUES
(3004, 523, 's10'),
(3005, 524, 's1'),
(3006, 524, 's2'),
(3007, 524, 's3'),
(3008, 524, 's5'),
(3009, 524, 's4'),
(3010, 524, 's5'),
(3011, 524, 's4'),
(3012, 524, 's10'),
(3013, 525, 's1'),
(3014, 525, 's2'),
(3015, 525, 's3'),
(3016, 525, 's5'),
(3017, 525, 's4'),
(3018, 525, 's5'),
(3019, 525, 's4'),
(3020, 525, 's6'),
(3021, 525, 's7'),
(3022, 525, 's9'),
(3023, 525, 's10'),
(3024, 526, 's1'),
(3025, 526, 's10'),
(3026, 527, 's1'),
(3027, 527, 's10'),
(3028, 528, 's1'),
(3029, 528, 's2'),
(3030, 528, 's10'),
(3031, 529, 's1'),
(3032, 529, 's2'),
(3033, 529, 's3'),
(3034, 529, 's4'),
(3035, 529, 's6'),
(3036, 529, 's7'),
(3037, 529, 's9'),
(3038, 529, 's10'),
(3039, 530, 's1'),
(3040, 530, 's2'),
(3041, 530, 's10'),
(3042, 531, 's1'),
(3043, 531, 's2'),
(3044, 531, 's10'),
(3045, 532, 's1'),
(3046, 532, 's10'),
(3047, 533, 's1'),
(3048, 533, 's2'),
(3049, 533, 's10'),
(3050, 534, 's1'),
(3051, 534, 's10'),
(3052, 535, 's1'),
(3053, 535, 's2'),
(3054, 535, 's10'),
(3055, 536, 's1'),
(3056, 536, 's2'),
(3057, 536, 's10'),
(3058, 537, 's1'),
(3059, 537, 's2'),
(3060, 537, 's3'),
(3061, 537, 's5'),
(3062, 537, 's4'),
(3063, 537, 's5'),
(3064, 537, 's4'),
(3065, 537, 's5'),
(3066, 537, 's4'),
(3067, 537, 's6'),
(3068, 537, 's7'),
(3069, 537, 's9'),
(3070, 537, 's4'),
(3071, 537, 's6'),
(3072, 537, 's7'),
(3073, 537, 's9'),
(3074, 537, 's10'),
(3075, 538, 's1'),
(3076, 538, 's2'),
(3077, 538, 's3'),
(3078, 538, 's5'),
(3079, 538, 's4'),
(3080, 538, 's5'),
(3081, 538, 's4'),
(3082, 538, 's10'),
(3083, 539, 's1'),
(3084, 539, 's2'),
(3085, 539, 's3'),
(3086, 539, 's10'),
(3087, 540, 's1'),
(3088, 540, 's10'),
(3089, 541, 's1'),
(3090, 541, 's2'),
(3091, 541, 's10'),
(3092, 542, 's1'),
(3093, 542, 's10'),
(3094, 543, 's1'),
(3095, 543, 's10'),
(3096, 544, 's1'),
(3097, 544, 's2'),
(3098, 544, 's3'),
(3099, 544, 's5'),
(3100, 544, 's4'),
(3101, 544, 's6'),
(3102, 544, 's7'),
(3103, 544, 's8'),
(3104, 544, 's9'),
(3105, 544, 's10'),
(3106, 545, 's1'),
(3107, 545, 's2'),
(3108, 545, 's10'),
(3109, 546, 's1'),
(3110, 546, 's2'),
(3111, 546, 's3'),
(3112, 546, 's5'),
(3113, 546, 's4'),
(3114, 546, 's5'),
(3115, 546, 's4'),
(3116, 546, 's5'),
(3117, 546, 's4'),
(3118, 546, 's10'),
(3119, 547, 's1'),
(3120, 547, 's2'),
(3121, 547, 's3'),
(3122, 547, 's10'),
(3123, 548, 's1'),
(3124, 548, 's10'),
(3125, 549, 's1'),
(3126, 549, 's2'),
(3127, 549, 's3'),
(3128, 549, 's10'),
(3129, 550, 's1'),
(3130, 550, 's2'),
(3131, 550, 's10'),
(3132, 551, 's1'),
(3133, 551, 's2'),
(3134, 551, 's3'),
(3135, 551, 's5'),
(3136, 551, 's4'),
(3137, 551, 's10'),
(3138, 552, 's1'),
(3139, 552, 's2'),
(3140, 552, 's3'),
(3141, 552, 's5'),
(3142, 552, 's4'),
(3143, 552, 's10'),
(3144, 553, 's1'),
(3145, 553, 's2'),
(3146, 553, 's3'),
(3147, 553, 's4'),
(3148, 553, 's6'),
(3149, 553, 's7'),
(3150, 553, 's9'),
(3151, 553, 's4'),
(3152, 553, 's6'),
(3153, 553, 's7'),
(3154, 553, 's9'),
(3155, 553, 's10'),
(3156, 554, 's1'),
(3157, 554, 's2'),
(3158, 554, 's3'),
(3159, 554, 's10'),
(3160, 555, 's1'),
(3161, 555, 's2'),
(3162, 555, 's3'),
(3163, 555, 's5'),
(3164, 555, 's4'),
(3165, 555, 's6'),
(3166, 555, 's7'),
(3167, 555, 's9'),
(3168, 555, 's10'),
(3169, 556, 's1'),
(3170, 556, 's2'),
(3171, 556, 's3'),
(3172, 556, 's5'),
(3173, 556, 's4'),
(3174, 556, 's4'),
(3175, 556, 's5'),
(3176, 556, 's4'),
(3177, 556, 's10'),
(3178, 557, 's1'),
(3179, 557, 's2'),
(3180, 557, 's10'),
(3181, 558, 's1'),
(3182, 558, 's2'),
(3183, 558, 's3'),
(3184, 558, 's5'),
(3185, 558, 's4'),
(3186, 558, 's10'),
(3187, 559, 's1'),
(3188, 559, 's2'),
(3189, 559, 's10'),
(3190, 560, 's1'),
(3191, 560, 's10'),
(3192, 561, 's1'),
(3193, 561, 's2'),
(3194, 561, 's3'),
(3195, 561, 's5'),
(3196, 561, 's4'),
(3197, 561, 's10'),
(3198, 562, 's1'),
(3199, 562, 's2'),
(3200, 562, 's3'),
(3201, 562, 's5'),
(3202, 562, 's4'),
(3203, 562, 's5'),
(3204, 562, 's4'),
(3205, 562, 's5'),
(3206, 562, 's4'),
(3207, 562, 's6'),
(3208, 562, 's7'),
(3209, 562, 's9'),
(3210, 562, 's10'),
(3211, 563, 's1'),
(3212, 563, 's2'),
(3213, 563, 's3'),
(3214, 563, 's4'),
(3215, 563, 's10'),
(3216, 564, 's1'),
(3217, 564, 's10'),
(3218, 565, 's1'),
(3219, 565, 's2'),
(3220, 565, 's3'),
(3221, 565, 's5'),
(3222, 565, 's4'),
(3223, 565, 's6'),
(3224, 565, 's7'),
(3225, 565, 's6'),
(3226, 565, 's7'),
(3227, 565, 's9'),
(3228, 565, 's10'),
(3229, 566, 's1'),
(3230, 566, 's2'),
(3231, 566, 's3'),
(3232, 566, 's10'),
(3233, 567, 's1'),
(3234, 567, 's2'),
(3235, 567, 's3'),
(3236, 567, 's4'),
(3237, 567, 's6'),
(3238, 567, 's7'),
(3239, 567, 's9'),
(3240, 567, 's10'),
(3241, 568, 's1'),
(3242, 568, 's2'),
(3243, 568, 's10'),
(3244, 569, 's1'),
(3245, 569, 's2'),
(3246, 569, 's3'),
(3247, 569, 's5'),
(3248, 569, 's4'),
(3249, 569, 's5'),
(3250, 569, 's4'),
(3251, 569, 's4'),
(3252, 569, 's10'),
(3253, 570, 's1'),
(3254, 570, 's2'),
(3255, 570, 's10'),
(3256, 571, 's1'),
(3257, 571, 's2'),
(3258, 571, 's3'),
(3259, 571, 's10'),
(3260, 572, 's1'),
(3261, 572, 's2'),
(3262, 572, 's3'),
(3263, 572, 's10'),
(3264, 573, 's1'),
(3265, 573, 's2'),
(3266, 573, 's3'),
(3267, 573, 's5'),
(3268, 573, 's4'),
(3269, 573, 's5'),
(3270, 573, 's4'),
(3271, 573, 's6'),
(3272, 573, 's7'),
(3273, 573, 's9'),
(3274, 573, 's10'),
(3275, 574, 's1'),
(3276, 574, 's2'),
(3277, 574, 's3'),
(3278, 574, 's4'),
(3279, 574, 's5'),
(3280, 574, 's4'),
(3281, 574, 's6'),
(3282, 574, 's7'),
(3283, 574, 's8'),
(3284, 574, 's9'),
(3285, 574, 's10'),
(3286, 575, 's1'),
(3287, 575, 's10'),
(3288, 576, 's1'),
(3289, 576, 's2'),
(3290, 576, 's10'),
(3291, 577, 's1'),
(3292, 577, 's2'),
(3293, 577, 's3'),
(3294, 577, 's5'),
(3295, 577, 's4'),
(3296, 577, 's10'),
(3297, 578, 's1'),
(3298, 578, 's2'),
(3299, 578, 's10'),
(3300, 579, 's1'),
(3301, 579, 's2'),
(3302, 579, 's10'),
(3303, 580, 's1'),
(3304, 580, 's2'),
(3305, 580, 's3'),
(3306, 580, 's5'),
(3307, 580, 's4'),
(3308, 580, 's10'),
(3309, 581, 's1'),
(3310, 581, 's2'),
(3311, 581, 's10'),
(3312, 582, 's1'),
(3313, 582, 's10'),
(3314, 583, 's1'),
(3315, 583, 's2'),
(3316, 583, 's3'),
(3317, 583, 's5'),
(3318, 583, 's4'),
(3319, 583, 's6'),
(3320, 583, 's7'),
(3321, 583, 's6'),
(3322, 583, 's7'),
(3323, 583, 's9'),
(3324, 583, 's4'),
(3325, 583, 's6'),
(3326, 583, 's7'),
(3327, 583, 's9'),
(3328, 583, 's10'),
(3329, 584, 's1'),
(3330, 584, 's2'),
(3331, 584, 's3'),
(3332, 584, 's5'),
(3333, 584, 's4'),
(3334, 584, 's10'),
(3335, 585, 's1'),
(3336, 585, 's2'),
(3337, 585, 's3'),
(3338, 585, 's10'),
(3339, 586, 's1'),
(3340, 586, 's2'),
(3341, 586, 's3'),
(3342, 586, 's5'),
(3343, 586, 's4'),
(3344, 586, 's10'),
(3345, 587, 's1'),
(3346, 587, 's2'),
(3347, 587, 's3'),
(3348, 587, 's10'),
(3349, 588, 's1'),
(3350, 588, 's2'),
(3351, 588, 's10'),
(3352, 589, 's1'),
(3353, 589, 's2'),
(3354, 589, 's3'),
(3355, 589, 's5'),
(3356, 589, 's4'),
(3357, 589, 's6'),
(3358, 589, 's7'),
(3359, 589, 's9'),
(3360, 589, 's4'),
(3361, 589, 's6'),
(3362, 589, 's7'),
(3363, 589, 's9'),
(3364, 589, 's10'),
(3365, 590, 's1'),
(3366, 590, 's2'),
(3367, 590, 's3'),
(3368, 590, 's4'),
(3369, 590, 's6'),
(3370, 590, 's7'),
(3371, 590, 's9'),
(3372, 590, 's10'),
(3373, 591, 's1'),
(3374, 591, 's10'),
(3375, 592, 's1'),
(3376, 592, 's2'),
(3377, 592, 's3'),
(3378, 592, 's5'),
(3379, 592, 's4'),
(3380, 592, 's5'),
(3381, 592, 's4'),
(3382, 592, 's4'),
(3383, 592, 's6'),
(3384, 592, 's7'),
(3385, 592, 's9'),
(3386, 592, 's4'),
(3387, 592, 's6'),
(3388, 592, 's7'),
(3389, 592, 's9'),
(3390, 592, 's10'),
(3391, 593, 's1'),
(3392, 593, 's2'),
(3393, 593, 's10'),
(3394, 594, 's1'),
(3395, 594, 's2'),
(3396, 594, 's3'),
(3397, 594, 's10'),
(3398, 595, 's1'),
(3399, 595, 's2'),
(3400, 595, 's10'),
(3401, 596, 's1'),
(3402, 596, 's2'),
(3403, 596, 's3'),
(3404, 596, 's5'),
(3405, 596, 's4'),
(3406, 596, 's6'),
(3407, 596, 's7'),
(3408, 596, 's9'),
(3409, 596, 's4'),
(3410, 596, 's6'),
(3411, 596, 's7'),
(3412, 596, 's9'),
(3413, 596, 's4'),
(3414, 596, 's6'),
(3415, 596, 's7'),
(3416, 596, 's9'),
(3417, 596, 's10'),
(3418, 597, 's1'),
(3419, 597, 's2'),
(3420, 597, 's3'),
(3421, 597, 's5'),
(3422, 597, 's4'),
(3423, 597, 's10'),
(3424, 598, 's1'),
(3425, 598, 's2'),
(3426, 598, 's3'),
(3427, 598, 's4'),
(3428, 598, 's5'),
(3429, 598, 's4'),
(3430, 598, 's6'),
(3431, 598, 's7'),
(3432, 598, 's9'),
(3433, 598, 's4'),
(3434, 598, 's6'),
(3435, 598, 's7'),
(3436, 598, 's9'),
(3437, 598, 's4'),
(3438, 598, 's6'),
(3439, 598, 's7'),
(3440, 598, 's9'),
(3441, 598, 's4'),
(3442, 598, 's6'),
(3443, 598, 's7'),
(3444, 598, 's9'),
(3445, 598, 's10'),
(3446, 599, 's1'),
(3447, 599, 's2'),
(3448, 599, 's3'),
(3449, 599, 's5'),
(3450, 599, 's4'),
(3451, 599, 's5'),
(3452, 599, 's4'),
(3453, 599, 's10'),
(3454, 600, 's1'),
(3455, 600, 's10'),
(3456, 601, 's1'),
(3457, 601, 's2'),
(3458, 601, 's3'),
(3459, 601, 's5'),
(3460, 601, 's4'),
(3461, 601, 's5'),
(3462, 601, 's4'),
(3463, 601, 's10'),
(3464, 602, 's1'),
(3465, 602, 's10'),
(3466, 603, 's1'),
(3467, 603, 's2'),
(3468, 603, 's10'),
(3469, 604, 's1'),
(3470, 604, 's10'),
(3471, 605, 's1'),
(3472, 605, 's2'),
(3473, 605, 's3'),
(3474, 605, 's10'),
(3475, 606, 's1'),
(3476, 606, 's2'),
(3477, 606, 's3'),
(3478, 606, 's5'),
(3479, 606, 's4'),
(3480, 606, 's5'),
(3481, 606, 's4'),
(3482, 606, 's5'),
(3483, 606, 's4'),
(3484, 606, 's10'),
(3485, 607, 's1'),
(3486, 607, 's10'),
(3487, 608, 's1'),
(3488, 608, 's2'),
(3489, 608, 's3'),
(3490, 608, 's10'),
(3491, 609, 's1'),
(3492, 609, 's2'),
(3493, 609, 's10'),
(3494, 610, 's1'),
(3495, 610, 's2'),
(3496, 610, 's10'),
(3497, 611, 's1'),
(3498, 611, 's2'),
(3499, 611, 's3'),
(3500, 611, 's5'),
(3501, 611, 's4'),
(3502, 611, 's6'),
(3503, 611, 's7'),
(3504, 611, 's9'),
(3505, 611, 's10'),
(3506, 612, 's1'),
(3507, 612, 's10'),
(3508, 613, 's1'),
(3509, 613, 's2'),
(3510, 613, 's3'),
(3511, 613, 's5'),
(3512, 613, 's4'),
(3513, 613, 's5'),
(3514, 613, 's4'),
(3515, 613, 's4'),
(3516, 613, 's10'),
(3517, 614, 's1'),
(3518, 614, 's2'),
(3519, 614, 's3'),
(3520, 614, 's5'),
(3521, 614, 's4'),
(3522, 614, 's10'),
(3523, 615, 's1'),
(3524, 615, 's10'),
(3525, 616, 's1'),
(3526, 616, 's2'),
(3527, 616, 's3'),
(3528, 616, 's5'),
(3529, 616, 's4'),
(3530, 616, 's10'),
(3531, 617, 's1'),
(3532, 617, 's2'),
(3533, 617, 's3'),
(3534, 617, 's5'),
(3535, 617, 's4'),
(3536, 617, 's10'),
(3537, 618, 's1'),
(3538, 618, 's2'),
(3539, 618, 's3'),
(3540, 618, 's5'),
(3541, 618, 's4'),
(3542, 618, 's10'),
(3543, 619, 's1'),
(3544, 619, 's2'),
(3545, 619, 's3'),
(3546, 619, 's5'),
(3547, 619, 's4'),
(3548, 619, 's6'),
(3549, 619, 's7'),
(3550, 619, 's9'),
(3551, 619, 's10'),
(3552, 620, 's1'),
(3553, 620, 's10'),
(3554, 621, 's1'),
(3555, 621, 's2'),
(3556, 621, 's3'),
(3557, 621, 's5'),
(3558, 621, 's4'),
(3559, 621, 's10'),
(3560, 622, 's1'),
(3561, 622, 's2'),
(3562, 622, 's10'),
(3563, 623, 's1'),
(3564, 623, 's2'),
(3565, 623, 's3'),
(3566, 623, 's10'),
(3567, 624, 's1'),
(3568, 624, 's2'),
(3569, 624, 's3'),
(3570, 624, 's5'),
(3571, 624, 's4'),
(3572, 624, 's10'),
(3573, 625, 's1'),
(3574, 625, 's2'),
(3575, 625, 's3'),
(3576, 625, 's4'),
(3577, 625, 's6'),
(3578, 625, 's7'),
(3579, 625, 's9'),
(3580, 625, 's10'),
(3581, 626, 's1'),
(3582, 626, 's2'),
(3583, 626, 's10'),
(3584, 627, 's1'),
(3585, 627, 's2'),
(3586, 627, 's3'),
(3587, 627, 's5'),
(3588, 627, 's4'),
(3589, 627, 's10'),
(3590, 628, 's1'),
(3591, 628, 's2'),
(3592, 628, 's10'),
(3593, 629, 's1'),
(3594, 629, 's10'),
(3595, 630, 's1'),
(3596, 630, 's2'),
(3597, 630, 's10'),
(3598, 631, 's1'),
(3599, 631, 's2'),
(3600, 631, 's3'),
(3601, 631, 's4'),
(3602, 631, 's6'),
(3603, 631, 's7'),
(3604, 631, 's9'),
(3605, 631, 's10'),
(3606, 632, 's1'),
(3607, 632, 's2'),
(3608, 632, 's3'),
(3609, 632, 's5'),
(3610, 632, 's4'),
(3611, 632, 's4'),
(3612, 632, 's6'),
(3613, 632, 's7'),
(3614, 632, 's9'),
(3615, 632, 's4'),
(3616, 632, 's6'),
(3617, 632, 's7'),
(3618, 632, 's6'),
(3619, 632, 's7'),
(3620, 632, 's6'),
(3621, 632, 's7'),
(3622, 632, 's9'),
(3623, 632, 's10'),
(3624, 633, 's1'),
(3625, 633, 's2'),
(3626, 633, 's3'),
(3627, 633, 's10'),
(3628, 634, 's1'),
(3629, 634, 's2'),
(3630, 634, 's3'),
(3631, 634, 's5'),
(3632, 634, 's4'),
(3633, 634, 's10'),
(3634, 635, 's1'),
(3635, 635, 's10'),
(3636, 636, 's1'),
(3637, 636, 's2'),
(3638, 636, 's3'),
(3639, 636, 's5'),
(3640, 636, 's4'),
(3641, 636, 's10'),
(3642, 637, 's1'),
(3643, 637, 's2'),
(3644, 637, 's3'),
(3645, 637, 's10'),
(3646, 638, 's1'),
(3647, 638, 's2'),
(3648, 638, 's3'),
(3649, 638, 's5'),
(3650, 638, 's4'),
(3651, 638, 's6'),
(3652, 638, 's7'),
(3653, 638, 's9'),
(3654, 638, 's4'),
(3655, 638, 's6'),
(3656, 638, 's7'),
(3657, 638, 's9'),
(3658, 638, 's4'),
(3659, 638, 's6'),
(3660, 638, 's7'),
(3661, 638, 's8'),
(3662, 638, 's9'),
(3663, 638, 's10'),
(3664, 639, 's1'),
(3665, 639, 's10'),
(3666, 640, 's1'),
(3667, 640, 's2'),
(3668, 640, 's3'),
(3669, 640, 's5'),
(3670, 640, 's4'),
(3671, 640, 's6'),
(3672, 640, 's7'),
(3673, 640, 's6'),
(3674, 640, 's7'),
(3675, 640, 's6'),
(3676, 640, 's7'),
(3677, 640, 's9'),
(3678, 640, 's4'),
(3679, 640, 's6'),
(3680, 640, 's7'),
(3681, 640, 's9'),
(3682, 640, 's10'),
(3683, 641, 's1'),
(3684, 641, 's2'),
(3685, 641, 's3'),
(3686, 641, 's4'),
(3687, 641, 's5'),
(3688, 641, 's4'),
(3689, 641, 's6'),
(3690, 641, 's7'),
(3691, 641, 's9'),
(3692, 641, 's10'),
(3693, 642, 's1'),
(3694, 642, 's2'),
(3695, 642, 's3'),
(3696, 642, 's4'),
(3697, 642, 's6'),
(3698, 642, 's7'),
(3699, 642, 's9'),
(3700, 642, 's4'),
(3701, 642, 's6'),
(3702, 642, 's7'),
(3703, 642, 's9'),
(3704, 642, 's4'),
(3705, 642, 's6'),
(3706, 642, 's7'),
(3707, 642, 's6'),
(3708, 642, 's7'),
(3709, 642, 's9'),
(3710, 642, 's10'),
(3711, 643, 's1'),
(3712, 643, 's2'),
(3713, 643, 's3'),
(3714, 643, 's5'),
(3715, 643, 's4'),
(3716, 643, 's6'),
(3717, 643, 's7'),
(3718, 643, 's9'),
(3719, 643, 's4'),
(3720, 643, 's6'),
(3721, 643, 's7'),
(3722, 643, 's8'),
(3723, 643, 's6'),
(3724, 643, 's7'),
(3725, 643, 's9'),
(3726, 643, 's10'),
(3727, 644, 's1'),
(3728, 644, 's2'),
(3729, 644, 's10'),
(3730, 645, 's1'),
(3731, 645, 's2'),
(3732, 645, 's10'),
(3733, 646, 's1'),
(3734, 646, 's2'),
(3735, 646, 's10'),
(3736, 647, 's1'),
(3737, 647, 's2'),
(3738, 647, 's10'),
(3739, 648, 's1'),
(3740, 648, 's2'),
(3741, 648, 's3'),
(3742, 648, 's5'),
(3743, 648, 's4'),
(3744, 648, 's6'),
(3745, 648, 's7'),
(3746, 648, 's8'),
(3747, 648, 's9'),
(3748, 648, 's10'),
(3749, 649, 's1'),
(3750, 649, 's2'),
(3751, 649, 's3'),
(3752, 649, 's5'),
(3753, 649, 's4'),
(3754, 649, 's10'),
(3755, 650, 's1'),
(3756, 650, 's10'),
(3757, 651, 's1'),
(3758, 651, 's2'),
(3759, 651, 's3'),
(3760, 651, 's5'),
(3761, 651, 's4'),
(3762, 651, 's6'),
(3763, 651, 's7'),
(3764, 651, 's9'),
(3765, 651, 's4'),
(3766, 651, 's6'),
(3767, 651, 's7'),
(3768, 651, 's9'),
(3769, 651, 's10'),
(3770, 652, 's1'),
(3771, 652, 's10'),
(3772, 653, 's1'),
(3773, 653, 's2'),
(3774, 653, 's3'),
(3775, 653, 's10'),
(3776, 654, 's1'),
(3777, 654, 's10'),
(3778, 655, 's1'),
(3779, 655, 's10'),
(3780, 656, 's1'),
(3781, 656, 's2'),
(3782, 656, 's10'),
(3783, 657, 's1'),
(3784, 657, 's10'),
(3785, 658, 's1'),
(3786, 658, 's2'),
(3787, 658, 's3'),
(3788, 658, 's10'),
(3789, 659, 's1'),
(3790, 659, 's10'),
(3791, 660, 's1'),
(3792, 660, 's2'),
(3793, 660, 's10'),
(3794, 661, 's1'),
(3795, 661, 's2'),
(3796, 661, 's3'),
(3797, 661, 's5'),
(3798, 661, 's4'),
(3799, 661, 's4'),
(3800, 661, 's5'),
(3801, 661, 's4'),
(3802, 661, 's6'),
(3803, 661, 's7'),
(3804, 661, 's9'),
(3805, 661, 's10'),
(3806, 662, 's1'),
(3807, 662, 's2'),
(3808, 662, 's3'),
(3809, 662, 's5'),
(3810, 662, 's4'),
(3811, 662, 's5'),
(3812, 662, 's4'),
(3813, 662, 's5'),
(3814, 662, 's4'),
(3815, 662, 's6'),
(3816, 662, 's7'),
(3817, 662, 's6'),
(3818, 662, 's7'),
(3819, 662, 's9'),
(3820, 662, 's10'),
(3821, 663, 's1'),
(3822, 663, 's2'),
(3823, 663, 's3'),
(3824, 663, 's5'),
(3825, 663, 's4'),
(3826, 663, 's6'),
(3827, 663, 's7'),
(3828, 663, 's9'),
(3829, 663, 's4'),
(3830, 663, 's6'),
(3831, 663, 's7'),
(3832, 663, 's9'),
(3833, 663, 's4'),
(3834, 663, 's6'),
(3835, 663, 's7'),
(3836, 663, 's9'),
(3837, 663, 's10'),
(3838, 664, 's1'),
(3839, 664, 's2'),
(3840, 664, 's3'),
(3841, 664, 's4'),
(3842, 664, 's6'),
(3843, 664, 's7'),
(3844, 664, 's9'),
(3845, 664, 's10'),
(3846, 665, 's1'),
(3847, 665, 's2'),
(3848, 665, 's10'),
(3849, 666, 's1'),
(3850, 666, 's2'),
(3851, 666, 's3'),
(3852, 666, 's5'),
(3853, 666, 's4'),
(3854, 666, 's5'),
(3855, 666, 's4'),
(3856, 666, 's10'),
(3857, 667, 's1'),
(3858, 667, 's2'),
(3859, 667, 's3'),
(3860, 667, 's5'),
(3861, 667, 's4'),
(3862, 667, 's10'),
(3863, 668, 's1'),
(3864, 668, 's2'),
(3865, 668, 's3'),
(3866, 668, 's5'),
(3867, 668, 's4'),
(3868, 668, 's6'),
(3869, 668, 's7'),
(3870, 668, 's9'),
(3871, 668, 's10'),
(3872, 669, 's1'),
(3873, 669, 's2'),
(3874, 669, 's10'),
(3875, 670, 's1'),
(3876, 670, 's10'),
(3877, 671, 's1'),
(3878, 671, 's10'),
(3879, 672, 's1'),
(3880, 672, 's10'),
(3881, 673, 's1'),
(3882, 673, 's2'),
(3883, 673, 's3'),
(3884, 673, 's5'),
(3885, 673, 's4'),
(3886, 673, 's6'),
(3887, 673, 's7'),
(3888, 673, 's8'),
(3889, 673, 's6'),
(3890, 673, 's7'),
(3891, 673, 's9'),
(3892, 673, 's4'),
(3893, 673, 's6'),
(3894, 673, 's7'),
(3895, 673, 's9'),
(3896, 673, 's4'),
(3897, 673, 's6'),
(3898, 673, 's7'),
(3899, 673, 's9'),
(3900, 673, 's10'),
(3901, 674, 's1'),
(3902, 674, 's2'),
(3903, 674, 's10'),
(3904, 675, 's1'),
(3905, 675, 's2'),
(3906, 675, 's3'),
(3907, 675, 's10'),
(3908, 676, 's1'),
(3909, 676, 's10'),
(3910, 677, 's1'),
(3911, 677, 's2'),
(3912, 677, 's3'),
(3913, 677, 's10'),
(3914, 678, 's1'),
(3915, 678, 's2'),
(3916, 678, 's10'),
(3917, 679, 's1'),
(3918, 679, 's2'),
(3919, 679, 's10'),
(3920, 680, 's1'),
(3921, 680, 's10'),
(3922, 681, 's1'),
(3923, 681, 's2'),
(3924, 681, 's3'),
(3925, 681, 's5'),
(3926, 681, 's4'),
(3927, 681, 's5'),
(3928, 681, 's4'),
(3929, 681, 's5'),
(3930, 681, 's4'),
(3931, 681, 's6'),
(3932, 681, 's7'),
(3933, 681, 's9'),
(3934, 681, 's4'),
(3935, 681, 's6'),
(3936, 681, 's7'),
(3937, 681, 's9'),
(3938, 681, 's4'),
(3939, 681, 's6'),
(3940, 681, 's7'),
(3941, 681, 's9'),
(3942, 681, 's4'),
(3943, 681, 's6'),
(3944, 681, 's7'),
(3945, 681, 's9'),
(3946, 681, 's10'),
(3947, 682, 's1'),
(3948, 682, 's10'),
(3949, 683, 's1'),
(3950, 683, 's10'),
(3951, 684, 's1'),
(3952, 684, 's2'),
(3953, 684, 's3'),
(3954, 684, 's10'),
(3955, 685, 's1'),
(3956, 685, 's2'),
(3957, 685, 's10'),
(3958, 686, 's1'),
(3959, 686, 's2'),
(3960, 686, 's10'),
(3961, 687, 's1'),
(3962, 687, 's2'),
(3963, 687, 's3'),
(3964, 687, 's10'),
(3965, 688, 's1'),
(3966, 688, 's10'),
(3967, 689, 's1'),
(3968, 689, 's2'),
(3969, 689, 's3'),
(3970, 689, 's5'),
(3971, 689, 's4'),
(3972, 689, 's10'),
(3973, 690, 's1'),
(3974, 690, 's2'),
(3975, 690, 's10'),
(3976, 691, 's1'),
(3977, 691, 's2'),
(3978, 691, 's3'),
(3979, 691, 's4'),
(3980, 691, 's6'),
(3981, 691, 's7'),
(3982, 691, 's9'),
(3983, 691, 's10'),
(3984, 692, 's1'),
(3985, 692, 's2'),
(3986, 692, 's10'),
(3987, 693, 's1'),
(3988, 693, 's2'),
(3989, 693, 's3'),
(3990, 693, 's5'),
(3991, 693, 's4'),
(3992, 693, 's5'),
(3993, 693, 's4'),
(3994, 693, 's6'),
(3995, 693, 's7'),
(3996, 693, 's9'),
(3997, 693, 's10'),
(3998, 694, 's1'),
(3999, 694, 's2'),
(4000, 694, 's10'),
(4001, 695, 's1'),
(4002, 695, 's2'),
(4003, 695, 's10'),
(4004, 696, 's1'),
(4005, 696, 's2'),
(4006, 696, 's3'),
(4007, 696, 's5'),
(4008, 696, 's4'),
(4009, 696, 's4'),
(4010, 696, 's5'),
(4011, 696, 's4'),
(4012, 696, 's5'),
(4013, 696, 's4'),
(4014, 696, 's10'),
(4015, 697, 's1'),
(4016, 697, 's2'),
(4017, 697, 's10'),
(4018, 698, 's1'),
(4019, 698, 's2'),
(4020, 698, 's3'),
(4021, 698, 's5'),
(4022, 698, 's4'),
(4023, 698, 's10'),
(4024, 699, 's1'),
(4025, 699, 's2'),
(4026, 699, 's10'),
(4027, 700, 's1'),
(4028, 700, 's10'),
(4029, 701, 's1'),
(4030, 701, 's2'),
(4031, 701, 's10'),
(4032, 702, 's1'),
(4033, 702, 's2'),
(4034, 702, 's10'),
(4035, 703, 's1'),
(4036, 703, 's2'),
(4037, 703, 's3'),
(4038, 703, 's5'),
(4039, 703, 's4'),
(4040, 703, 's5'),
(4041, 703, 's4'),
(4042, 703, 's5'),
(4043, 703, 's4'),
(4044, 703, 's5'),
(4045, 703, 's4'),
(4046, 703, 's5'),
(4047, 703, 's4'),
(4048, 703, 's10'),
(4049, 704, 's1'),
(4050, 704, 's2'),
(4051, 704, 's3'),
(4052, 704, 's5'),
(4053, 704, 's4'),
(4054, 704, 's10'),
(4055, 705, 's1'),
(4056, 705, 's2'),
(4057, 705, 's10'),
(4058, 706, 's1'),
(4059, 706, 's2'),
(4060, 706, 's10'),
(4061, 707, 's1'),
(4062, 707, 's2'),
(4063, 707, 's3'),
(4064, 707, 's4'),
(4065, 707, 's6'),
(4066, 707, 's7'),
(4067, 707, 's6'),
(4068, 707, 's7'),
(4069, 707, 's9'),
(4070, 707, 's10'),
(4071, 708, 's1'),
(4072, 708, 's2'),
(4073, 708, 's3'),
(4074, 708, 's5'),
(4075, 708, 's4'),
(4076, 708, 's6'),
(4077, 708, 's7'),
(4078, 708, 's9'),
(4079, 708, 's10'),
(4080, 709, 's1'),
(4081, 709, 's2'),
(4082, 709, 's3'),
(4083, 709, 's4'),
(4084, 709, 's6'),
(4085, 709, 's7'),
(4086, 709, 's9'),
(4087, 709, 's4'),
(4088, 709, 's6'),
(4089, 709, 's7'),
(4090, 709, 's9'),
(4091, 709, 's4'),
(4092, 709, 's6'),
(4093, 709, 's7'),
(4094, 709, 's9'),
(4095, 709, 's10'),
(4096, 710, 's1'),
(4097, 710, 's2'),
(4098, 710, 's3'),
(4099, 710, 's10'),
(4100, 711, 's1'),
(4101, 711, 's10'),
(4102, 712, 's1'),
(4103, 712, 's2'),
(4104, 712, 's10'),
(4105, 713, 's1'),
(4106, 713, 's2'),
(4107, 713, 's3'),
(4108, 713, 's5'),
(4109, 713, 's4'),
(4110, 713, 's10'),
(4111, 714, 's1'),
(4112, 714, 's2'),
(4113, 714, 's10'),
(4114, 715, 's1'),
(4115, 715, 's2'),
(4116, 715, 's10'),
(4117, 716, 's1'),
(4118, 716, 's2'),
(4119, 716, 's3'),
(4120, 716, 's5'),
(4121, 716, 's4'),
(4122, 716, 's5'),
(4123, 716, 's4'),
(4124, 716, 's6'),
(4125, 716, 's7'),
(4126, 716, 's9'),
(4127, 716, 's4'),
(4128, 716, 's6'),
(4129, 716, 's7'),
(4130, 716, 's9'),
(4131, 716, 's4'),
(4132, 716, 's6'),
(4133, 716, 's7'),
(4134, 716, 's9'),
(4135, 716, 's4'),
(4136, 716, 's6'),
(4137, 716, 's7'),
(4138, 716, 's6'),
(4139, 716, 's7'),
(4140, 716, 's9'),
(4141, 716, 's10'),
(4142, 717, 's1'),
(4143, 717, 's10'),
(4144, 718, 's1'),
(4145, 718, 's2'),
(4146, 718, 's10'),
(4147, 719, 's1'),
(4148, 719, 's2'),
(4149, 719, 's3'),
(4150, 719, 's10'),
(4151, 720, 's1'),
(4152, 720, 's2'),
(4153, 720, 's10'),
(4154, 721, 's1'),
(4155, 721, 's2'),
(4156, 721, 's3'),
(4157, 721, 's5'),
(4158, 721, 's4'),
(4159, 721, 's6'),
(4160, 721, 's7'),
(4161, 721, 's9'),
(4162, 721, 's10'),
(4163, 722, 's1'),
(4164, 722, 's2'),
(4165, 722, 's10'),
(4166, 723, 's1'),
(4167, 723, 's2'),
(4168, 723, 's3'),
(4169, 723, 's5'),
(4170, 723, 's4'),
(4171, 723, 's5'),
(4172, 723, 's4'),
(4173, 723, 's5'),
(4174, 723, 's4'),
(4175, 723, 's10'),
(4176, 724, 's1'),
(4177, 724, 's2'),
(4178, 724, 's3'),
(4179, 724, 's5'),
(4180, 724, 's4'),
(4181, 724, 's5'),
(4182, 724, 's4'),
(4183, 724, 's5'),
(4184, 724, 's4'),
(4185, 724, 's6'),
(4186, 724, 's7'),
(4187, 724, 's9'),
(4188, 724, 's10'),
(4189, 725, 's1'),
(4190, 725, 's10'),
(4191, 726, 's1'),
(4192, 726, 's2'),
(4193, 726, 's3'),
(4194, 726, 's5'),
(4195, 726, 's4'),
(4196, 726, 's10'),
(4197, 727, 's1'),
(4198, 727, 's2'),
(4199, 727, 's10'),
(4200, 728, 's1'),
(4201, 728, 's2'),
(4202, 728, 's10'),
(4203, 729, 's1'),
(4204, 729, 's2'),
(4205, 729, 's3'),
(4206, 729, 's4'),
(4207, 729, 's6'),
(4208, 729, 's7'),
(4209, 729, 's9'),
(4210, 729, 's10'),
(4211, 730, 's1'),
(4212, 730, 's2'),
(4213, 730, 's3'),
(4214, 730, 's5'),
(4215, 730, 's4'),
(4216, 730, 's6'),
(4217, 730, 's7'),
(4218, 730, 's9'),
(4219, 730, 's10'),
(4220, 731, 's1'),
(4221, 731, 's2'),
(4222, 731, 's10'),
(4223, 732, 's1'),
(4224, 732, 's2'),
(4225, 732, 's10'),
(4226, 733, 's1'),
(4227, 733, 's2'),
(4228, 733, 's3'),
(4229, 733, 's5'),
(4230, 733, 's4'),
(4231, 733, 's6'),
(4232, 733, 's7'),
(4233, 733, 's8'),
(4234, 733, 's6'),
(4235, 733, 's7'),
(4236, 733, 's8'),
(4237, 733, 's9'),
(4238, 733, 's10'),
(4239, 734, 's1'),
(4240, 734, 's2'),
(4241, 734, 's3'),
(4242, 734, 's5'),
(4243, 734, 's4'),
(4244, 734, 's4'),
(4245, 734, 's10'),
(4246, 735, 's1'),
(4247, 735, 's2'),
(4248, 735, 's10'),
(4249, 736, 's1'),
(4250, 736, 's2'),
(4251, 736, 's10'),
(4252, 737, 's1'),
(4253, 737, 's2'),
(4254, 737, 's10'),
(4255, 738, 's1'),
(4256, 738, 's2'),
(4257, 738, 's10'),
(4258, 739, 's1'),
(4259, 739, 's2'),
(4260, 739, 's3'),
(4261, 739, 's10'),
(4262, 740, 's1'),
(4263, 740, 's2'),
(4264, 740, 's10'),
(4265, 741, 's1'),
(4266, 741, 's2'),
(4267, 741, 's10'),
(4268, 742, 's1'),
(4269, 742, 's2'),
(4270, 742, 's3'),
(4271, 742, 's4'),
(4272, 742, 's10'),
(4273, 743, 's1'),
(4274, 743, 's10'),
(4275, 744, 's1'),
(4276, 744, 's10'),
(4277, 745, 's1'),
(4278, 745, 's2'),
(4279, 745, 's3'),
(4280, 745, 's10'),
(4281, 746, 's1'),
(4282, 746, 's10'),
(4283, 747, 's1'),
(4284, 747, 's2'),
(4285, 747, 's10'),
(4286, 748, 's1'),
(4287, 748, 's2'),
(4288, 748, 's3'),
(4289, 748, 's4'),
(4290, 748, 's10'),
(4291, 749, 's1'),
(4292, 749, 's2'),
(4293, 749, 's3'),
(4294, 749, 's4'),
(4295, 749, 's5'),
(4296, 749, 's4'),
(4297, 749, 's5'),
(4298, 749, 's4'),
(4299, 749, 's6'),
(4300, 749, 's7'),
(4301, 749, 's9'),
(4302, 749, 's10'),
(4303, 750, 's1'),
(4304, 750, 's2'),
(4305, 750, 's3'),
(4306, 750, 's5'),
(4307, 750, 's4'),
(4308, 750, 's5'),
(4309, 750, 's4'),
(4310, 750, 's10'),
(4311, 751, 's1'),
(4312, 751, 's2'),
(4313, 751, 's3'),
(4314, 751, 's4'),
(4315, 751, 's6'),
(4316, 751, 's7'),
(4317, 751, 's9'),
(4318, 751, 's10'),
(4319, 752, 's1'),
(4320, 752, 's10'),
(4321, 753, 's1'),
(4322, 753, 's2'),
(4323, 753, 's3'),
(4324, 753, 's4'),
(4325, 753, 's6'),
(4326, 753, 's7'),
(4327, 753, 's8'),
(4328, 753, 's9'),
(4329, 753, 's10'),
(4330, 754, 's1'),
(4331, 754, 's2'),
(4332, 754, 's3'),
(4333, 754, 's5'),
(4334, 754, 's4'),
(4335, 754, 's5'),
(4336, 754, 's4'),
(4337, 754, 's5'),
(4338, 754, 's4'),
(4339, 754, 's6'),
(4340, 754, 's7'),
(4341, 754, 's9'),
(4342, 754, 's4'),
(4343, 754, 's6'),
(4344, 754, 's7'),
(4345, 754, 's9'),
(4346, 754, 's4'),
(4347, 754, 's6'),
(4348, 754, 's7'),
(4349, 754, 's9'),
(4350, 754, 's10'),
(4351, 755, 's1'),
(4352, 755, 's2'),
(4353, 755, 's3'),
(4354, 755, 's5'),
(4355, 755, 's4'),
(4356, 755, 's10'),
(4357, 756, 's1'),
(4358, 756, 's2'),
(4359, 756, 's3'),
(4360, 756, 's5'),
(4361, 756, 's4'),
(4362, 756, 's6'),
(4363, 756, 's7'),
(4364, 756, 's6'),
(4365, 756, 's7'),
(4366, 756, 's9'),
(4367, 756, 's4'),
(4368, 756, 's6'),
(4369, 756, 's7'),
(4370, 756, 's9'),
(4371, 756, 's10'),
(4372, 757, 's1'),
(4373, 757, 's2'),
(4374, 757, 's10'),
(4375, 758, 's1'),
(4376, 758, 's2'),
(4377, 758, 's10'),
(4378, 759, 's1'),
(4379, 759, 's2'),
(4380, 759, 's3'),
(4381, 759, 's4'),
(4382, 759, 's4'),
(4383, 759, 's6'),
(4384, 759, 's7'),
(4385, 759, 's8'),
(4386, 759, 's9'),
(4387, 759, 's10'),
(4388, 760, 's1'),
(4389, 760, 's2'),
(4390, 760, 's3'),
(4391, 760, 's10'),
(4392, 761, 's1'),
(4393, 761, 's2'),
(4394, 761, 's3'),
(4395, 761, 's4'),
(4396, 761, 's4'),
(4397, 761, 's6'),
(4398, 761, 's7'),
(4399, 761, 's9'),
(4400, 761, 's10'),
(4401, 762, 's1'),
(4402, 762, 's2'),
(4403, 762, 's10'),
(4404, 763, 's1'),
(4405, 763, 's10'),
(4406, 764, 's1'),
(4407, 764, 's10'),
(4408, 765, 's1'),
(4409, 765, 's2'),
(4410, 765, 's3'),
(4411, 765, 's10'),
(4412, 766, 's1'),
(4413, 766, 's2'),
(4414, 766, 's3'),
(4415, 766, 's5'),
(4416, 766, 's4'),
(4417, 766, 's5'),
(4418, 766, 's4'),
(4419, 766, 's10'),
(4420, 767, 's1'),
(4421, 767, 's2'),
(4422, 767, 's3'),
(4423, 767, 's5'),
(4424, 767, 's4'),
(4425, 767, 's6'),
(4426, 767, 's7'),
(4427, 767, 's9'),
(4428, 767, 's4'),
(4429, 767, 's6'),
(4430, 767, 's7'),
(4431, 767, 's8'),
(4432, 767, 's6'),
(4433, 767, 's7'),
(4434, 767, 's6'),
(4435, 767, 's7'),
(4436, 767, 's9'),
(4437, 767, 's4'),
(4438, 767, 's6'),
(4439, 767, 's7'),
(4440, 767, 's9'),
(4441, 767, 's10'),
(4442, 768, 's1'),
(4443, 768, 's2'),
(4444, 768, 's3'),
(4445, 768, 's5'),
(4446, 768, 's4'),
(4447, 768, 's6'),
(4448, 768, 's7'),
(4449, 768, 's9'),
(4450, 768, 's4'),
(4451, 768, 's6'),
(4452, 768, 's7'),
(4453, 768, 's9'),
(4454, 768, 's4'),
(4455, 768, 's6'),
(4456, 768, 's7'),
(4457, 768, 's9'),
(4458, 768, 's10'),
(4459, 769, 's1'),
(4460, 769, 's2'),
(4461, 769, 's3'),
(4462, 769, 's5'),
(4463, 769, 's4'),
(4464, 769, 's6'),
(4465, 769, 's7'),
(4466, 769, 's9'),
(4467, 769, 's10'),
(4468, 770, 's1'),
(4469, 770, 's2'),
(4470, 770, 's10'),
(4471, 771, 's1'),
(4472, 771, 's2'),
(4473, 771, 's3'),
(4474, 771, 's5'),
(4475, 771, 's4'),
(4476, 771, 's6'),
(4477, 771, 's7'),
(4478, 771, 's9'),
(4479, 771, 's4'),
(4480, 771, 's6'),
(4481, 771, 's7'),
(4482, 771, 's9'),
(4483, 771, 's10'),
(4484, 772, 's1'),
(4485, 772, 's2'),
(4486, 772, 's10'),
(4487, 773, 's1'),
(4488, 773, 's2'),
(4489, 773, 's3'),
(4490, 773, 's5'),
(4491, 773, 's4'),
(4492, 773, 's6'),
(4493, 773, 's7'),
(4494, 773, 's9'),
(4495, 773, 's10'),
(4496, 774, 's1'),
(4497, 774, 's2'),
(4498, 774, 's3'),
(4499, 774, 's5'),
(4500, 774, 's4'),
(4501, 774, 's6'),
(4502, 774, 's7'),
(4503, 774, 's9'),
(4504, 774, 's10'),
(4505, 775, 's1'),
(4506, 775, 's10'),
(4507, 776, 's1'),
(4508, 776, 's2'),
(4509, 776, 's3'),
(4510, 776, 's5'),
(4511, 776, 's4'),
(4512, 776, 's5'),
(4513, 776, 's4'),
(4514, 776, 's10'),
(4515, 777, 's1'),
(4516, 777, 's2'),
(4517, 777, 's3'),
(4518, 777, 's5'),
(4519, 777, 's4'),
(4520, 777, 's5'),
(4521, 777, 's4'),
(4522, 777, 's6'),
(4523, 777, 's7'),
(4524, 777, 's9'),
(4525, 777, 's4'),
(4526, 777, 's6'),
(4527, 777, 's7'),
(4528, 777, 's8'),
(4529, 777, 's9'),
(4530, 777, 's10'),
(4531, 778, 's1'),
(4532, 778, 's10'),
(4533, 779, 's1'),
(4534, 779, 's2'),
(4535, 779, 's3'),
(4536, 779, 's5'),
(4537, 779, 's4'),
(4538, 779, 's6'),
(4539, 779, 's7'),
(4540, 779, 's9'),
(4541, 779, 's10'),
(4542, 780, 's1'),
(4543, 780, 's2'),
(4544, 780, 's10'),
(4545, 781, 's1'),
(4546, 781, 's2'),
(4547, 781, 's3'),
(4548, 781, 's4'),
(4549, 781, 's6'),
(4550, 781, 's7'),
(4551, 781, 's8'),
(4552, 781, 's6'),
(4553, 781, 's7'),
(4554, 781, 's9'),
(4555, 781, 's4'),
(4556, 781, 's6'),
(4557, 781, 's7'),
(4558, 781, 's8'),
(4559, 781, 's9'),
(4560, 781, 's10'),
(4561, 782, 's1'),
(4562, 782, 's2'),
(4563, 782, 's10'),
(4564, 783, 's1'),
(4565, 783, 's2'),
(4566, 783, 's10'),
(4567, 784, 's1'),
(4568, 784, 's2'),
(4569, 784, 's3'),
(4570, 784, 's10'),
(4571, 785, 's1'),
(4572, 785, 's2'),
(4573, 785, 's3'),
(4574, 785, 's5'),
(4575, 785, 's4'),
(4576, 785, 's10'),
(4577, 786, 's1'),
(4578, 786, 's2'),
(4579, 786, 's10'),
(4580, 787, 's1'),
(4581, 787, 's2'),
(4582, 787, 's10'),
(4583, 788, 's1'),
(4584, 788, 's2'),
(4585, 788, 's10'),
(4586, 789, 's1'),
(4587, 789, 's2'),
(4588, 789, 's3'),
(4589, 789, 's5'),
(4590, 789, 's4'),
(4591, 789, 's6'),
(4592, 789, 's7'),
(4593, 789, 's9'),
(4594, 789, 's4'),
(4595, 789, 's6'),
(4596, 789, 's7'),
(4597, 789, 's8'),
(4598, 789, 's6'),
(4599, 789, 's7'),
(4600, 789, 's9'),
(4601, 789, 's10'),
(4602, 790, 's1'),
(4603, 790, 's2'),
(4604, 790, 's3'),
(4605, 790, 's10'),
(4606, 791, 's1'),
(4607, 791, 's2'),
(4608, 791, 's3'),
(4609, 791, 's5'),
(4610, 791, 's4'),
(4611, 791, 's10'),
(4612, 792, 's1'),
(4613, 792, 's2'),
(4614, 792, 's3'),
(4615, 792, 's5'),
(4616, 792, 's4'),
(4617, 792, 's6'),
(4618, 792, 's7'),
(4619, 792, 's9'),
(4620, 792, 's10'),
(4621, 793, 's1'),
(4622, 793, 's2'),
(4623, 793, 's3'),
(4624, 793, 's5'),
(4625, 793, 's4'),
(4626, 793, 's6'),
(4627, 793, 's7'),
(4628, 793, 's6'),
(4629, 793, 's7'),
(4630, 793, 's6'),
(4631, 793, 's7'),
(4632, 793, 's8'),
(4633, 793, 's6'),
(4634, 793, 's7'),
(4635, 793, 's9'),
(4636, 793, 's4'),
(4637, 793, 's6'),
(4638, 793, 's7'),
(4639, 793, 's9'),
(4640, 793, 's10'),
(4641, 794, 's1'),
(4642, 794, 's2'),
(4643, 794, 's3'),
(4644, 794, 's5'),
(4645, 794, 's4'),
(4646, 794, 's4'),
(4647, 794, 's4'),
(4648, 794, 's10'),
(4649, 795, 's1'),
(4650, 795, 's2'),
(4651, 795, 's3'),
(4652, 795, 's10'),
(4653, 796, 's1'),
(4654, 796, 's2'),
(4655, 796, 's3'),
(4656, 796, 's5'),
(4657, 796, 's4'),
(4658, 796, 's5'),
(4659, 796, 's4'),
(4660, 796, 's5'),
(4661, 796, 's4'),
(4662, 796, 's6'),
(4663, 796, 's7'),
(4664, 796, 's9'),
(4665, 796, 's4'),
(4666, 796, 's6'),
(4667, 796, 's7'),
(4668, 796, 's9'),
(4669, 796, 's10'),
(4670, 797, 's1'),
(4671, 797, 's2'),
(4672, 797, 's10'),
(4673, 798, 's1'),
(4674, 798, 's2'),
(4675, 798, 's3'),
(4676, 798, 's5'),
(4677, 798, 's4'),
(4678, 798, 's6'),
(4679, 798, 's7'),
(4680, 798, 's9'),
(4681, 798, 's10'),
(4682, 799, 's1'),
(4683, 799, 's2'),
(4684, 799, 's3'),
(4685, 799, 's4'),
(4686, 799, 's10'),
(4687, 800, 's1'),
(4688, 800, 's10'),
(4689, 801, 's1'),
(4690, 801, 's2'),
(4691, 801, 's3'),
(4692, 801, 's5'),
(4693, 801, 's4'),
(4694, 801, 's5'),
(4695, 801, 's4'),
(4696, 801, 's5'),
(4697, 801, 's4'),
(4698, 801, 's5'),
(4699, 801, 's4'),
(4700, 801, 's10'),
(4701, 802, 's1'),
(4702, 802, 's2'),
(4703, 802, 's10'),
(4704, 803, 's1'),
(4705, 803, 's2'),
(4706, 803, 's3'),
(4707, 803, 's5'),
(4708, 803, 's4'),
(4709, 803, 's5'),
(4710, 803, 's4'),
(4711, 803, 's10'),
(4712, 804, 's1'),
(4713, 804, 's2'),
(4714, 804, 's10'),
(4715, 805, 's1'),
(4716, 805, 's2'),
(4717, 805, 's3'),
(4718, 805, 's5'),
(4719, 805, 's4'),
(4720, 805, 's5'),
(4721, 805, 's4'),
(4722, 805, 's6'),
(4723, 805, 's7'),
(4724, 805, 's6'),
(4725, 805, 's7'),
(4726, 805, 's9'),
(4727, 805, 's4'),
(4728, 805, 's6'),
(4729, 805, 's7'),
(4730, 805, 's9'),
(4731, 805, 's10'),
(4732, 806, 's1'),
(4733, 806, 's2'),
(4734, 806, 's3'),
(4735, 806, 's5'),
(4736, 806, 's4'),
(4737, 806, 's5'),
(4738, 806, 's4'),
(4739, 806, 's10'),
(4740, 807, 's1'),
(4741, 807, 's2'),
(4742, 807, 's10'),
(4743, 808, 's1'),
(4744, 808, 's2'),
(4745, 808, 's10'),
(4746, 809, 's1'),
(4747, 809, 's10'),
(4748, 810, 's1'),
(4749, 810, 's2'),
(4750, 810, 's10'),
(4751, 811, 's1'),
(4752, 811, 's2'),
(4753, 811, 's3'),
(4754, 811, 's10'),
(4755, 812, 's1'),
(4756, 812, 's10'),
(4757, 813, 's1'),
(4758, 813, 's2'),
(4759, 813, 's10'),
(4760, 814, 's1'),
(4761, 814, 's10'),
(4762, 815, 's1'),
(4763, 815, 's2'),
(4764, 815, 's10'),
(4765, 816, 's1'),
(4766, 816, 's2'),
(4767, 816, 's10'),
(4768, 817, 's1'),
(4769, 817, 's2'),
(4770, 817, 's10'),
(4771, 818, 's1'),
(4772, 818, 's2'),
(4773, 818, 's3'),
(4774, 818, 's4'),
(4775, 818, 's5'),
(4776, 818, 's4'),
(4777, 818, 's5'),
(4778, 818, 's4'),
(4779, 818, 's5'),
(4780, 818, 's4'),
(4781, 818, 's5'),
(4782, 818, 's4'),
(4783, 818, 's6'),
(4784, 818, 's7'),
(4785, 818, 's9'),
(4786, 818, 's4'),
(4787, 818, 's6'),
(4788, 818, 's7'),
(4789, 818, 's9'),
(4790, 818, 's4'),
(4791, 818, 's6'),
(4792, 818, 's7'),
(4793, 818, 's9'),
(4794, 818, 's10'),
(4795, 819, 's1'),
(4796, 819, 's2'),
(4797, 819, 's10'),
(4798, 820, 's1'),
(4799, 820, 's2'),
(4800, 820, 's3'),
(4801, 820, 's5'),
(4802, 820, 's4'),
(4803, 820, 's4'),
(4804, 820, 's10'),
(4805, 821, 's1'),
(4806, 821, 's2'),
(4807, 821, 's3'),
(4808, 821, 's5'),
(4809, 821, 's4'),
(4810, 821, 's10'),
(4811, 822, 's1'),
(4812, 822, 's2'),
(4813, 822, 's3'),
(4814, 822, 's4'),
(4815, 822, 's10'),
(4816, 823, 's1'),
(4817, 823, 's10'),
(4818, 824, 's1'),
(4819, 824, 's2'),
(4820, 824, 's3'),
(4821, 824, 's10'),
(4822, 825, 's1'),
(4823, 825, 's10'),
(4824, 826, 's1'),
(4825, 826, 's2'),
(4826, 826, 's10'),
(4827, 827, 's1'),
(4828, 827, 's2'),
(4829, 827, 's10'),
(4830, 828, 's1'),
(4831, 828, 's2'),
(4832, 828, 's3'),
(4833, 828, 's10'),
(4834, 829, 's1'),
(4835, 829, 's2'),
(4836, 829, 's3'),
(4837, 829, 's5'),
(4838, 829, 's4'),
(4839, 829, 's10'),
(4840, 830, 's1'),
(4841, 830, 's2'),
(4842, 830, 's3'),
(4843, 830, 's4'),
(4844, 830, 's10'),
(4845, 831, 's1'),
(4846, 831, 's2'),
(4847, 831, 's3'),
(4848, 831, 's5'),
(4849, 831, 's4'),
(4850, 831, 's6'),
(4851, 831, 's7'),
(4852, 831, 's6'),
(4853, 831, 's7'),
(4854, 831, 's9'),
(4855, 831, 's10'),
(4856, 832, 's1'),
(4857, 832, 's2'),
(4858, 832, 's3'),
(4859, 832, 's4'),
(4860, 832, 's5'),
(4861, 832, 's4'),
(4862, 832, 's5'),
(4863, 832, 's4'),
(4864, 832, 's5'),
(4865, 832, 's4'),
(4866, 832, 's5'),
(4867, 832, 's4'),
(4868, 832, 's6'),
(4869, 832, 's7'),
(4870, 832, 's9'),
(4871, 832, 's4'),
(4872, 832, 's6'),
(4873, 832, 's7'),
(4874, 832, 's9'),
(4875, 832, 's10'),
(4876, 833, 's1'),
(4877, 833, 's2'),
(4878, 833, 's3'),
(4879, 833, 's4'),
(4880, 833, 's4'),
(4881, 833, 's6'),
(4882, 833, 's7'),
(4883, 833, 's9'),
(4884, 833, 's10'),
(4885, 834, 's1'),
(4886, 834, 's2'),
(4887, 834, 's10'),
(4888, 835, 's1'),
(4889, 835, 's2'),
(4890, 835, 's10'),
(4891, 836, 's1'),
(4892, 836, 's10'),
(4893, 837, 's1'),
(4894, 837, 's10'),
(4895, 838, 's1'),
(4896, 838, 's2'),
(4897, 838, 's3'),
(4898, 838, 's5'),
(4899, 838, 's4'),
(4900, 838, 's6'),
(4901, 838, 's7'),
(4902, 838, 's9'),
(4903, 838, 's4'),
(4904, 838, 's6'),
(4905, 838, 's7'),
(4906, 838, 's9'),
(4907, 838, 's10'),
(4908, 839, 's1'),
(4909, 839, 's2'),
(4910, 839, 's3'),
(4911, 839, 's5'),
(4912, 839, 's4'),
(4913, 839, 's5'),
(4914, 839, 's4'),
(4915, 839, 's10'),
(4916, 840, 's1'),
(4917, 840, 's2'),
(4918, 840, 's3'),
(4919, 840, 's4'),
(4920, 840, 's5'),
(4921, 840, 's4'),
(4922, 840, 's10'),
(4923, 841, 's1'),
(4924, 841, 's2'),
(4925, 841, 's3'),
(4926, 841, 's5'),
(4927, 841, 's4'),
(4928, 841, 's6'),
(4929, 841, 's7'),
(4930, 841, 's8'),
(4931, 841, 's6'),
(4932, 841, 's7'),
(4933, 841, 's9'),
(4934, 841, 's10'),
(4935, 842, 's1'),
(4936, 842, 's2'),
(4937, 842, 's10'),
(4938, 843, 's1'),
(4939, 843, 's2'),
(4940, 843, 's3'),
(4941, 843, 's5'),
(4942, 843, 's4'),
(4943, 843, 's6'),
(4944, 843, 's7'),
(4945, 843, 's9'),
(4946, 843, 's10'),
(4947, 844, 's1'),
(4948, 844, 's10'),
(4949, 845, 's1'),
(4950, 845, 's2'),
(4951, 845, 's3'),
(4952, 845, 's5'),
(4953, 845, 's4'),
(4954, 845, 's6'),
(4955, 845, 's7'),
(4956, 845, 's9'),
(4957, 845, 's4'),
(4958, 845, 's6'),
(4959, 845, 's7'),
(4960, 845, 's9'),
(4961, 845, 's4'),
(4962, 845, 's6'),
(4963, 845, 's7'),
(4964, 845, 's9'),
(4965, 845, 's10'),
(4966, 846, 's1'),
(4967, 846, 's2'),
(4968, 846, 's3'),
(4969, 846, 's5'),
(4970, 846, 's4'),
(4971, 846, 's4'),
(4972, 846, 's10'),
(4973, 847, 's1'),
(4974, 847, 's2'),
(4975, 847, 's3'),
(4976, 847, 's5'),
(4977, 847, 's4'),
(4978, 847, 's10'),
(4979, 848, 's1'),
(4980, 848, 's2'),
(4981, 848, 's10'),
(4982, 849, 's1'),
(4983, 849, 's2'),
(4984, 849, 's3'),
(4985, 849, 's4'),
(4986, 849, 's6'),
(4987, 849, 's7'),
(4988, 849, 's9'),
(4989, 849, 's4'),
(4990, 849, 's6'),
(4991, 849, 's7'),
(4992, 849, 's8'),
(4993, 849, 's6'),
(4994, 849, 's7'),
(4995, 849, 's9'),
(4996, 849, 's4'),
(4997, 849, 's6'),
(4998, 849, 's7'),
(4999, 849, 's9'),
(5000, 849, 's10'),
(5001, 850, 's1'),
(5002, 850, 's2'),
(5003, 850, 's10'),
(5004, 851, 's1'),
(5005, 851, 's2'),
(5006, 851, 's10'),
(5007, 852, 's1'),
(5008, 852, 's2'),
(5009, 852, 's10'),
(5010, 853, 's1'),
(5011, 853, 's2'),
(5012, 853, 's3'),
(5013, 853, 's4'),
(5014, 853, 's4'),
(5015, 853, 's6'),
(5016, 853, 's7'),
(5017, 853, 's9'),
(5018, 853, 's10'),
(5019, 854, 's1'),
(5020, 854, 's2'),
(5021, 854, 's3'),
(5022, 854, 's5'),
(5023, 854, 's4'),
(5024, 854, 's5'),
(5025, 854, 's4'),
(5026, 854, 's10'),
(5027, 855, 's1'),
(5028, 855, 's2'),
(5029, 855, 's10'),
(5030, 856, 's1'),
(5031, 856, 's2'),
(5032, 856, 's3'),
(5033, 856, 's10'),
(5034, 857, 's1'),
(5035, 857, 's2'),
(5036, 857, 's10'),
(5037, 858, 's1'),
(5038, 858, 's2'),
(5039, 858, 's3'),
(5040, 858, 's4'),
(5041, 858, 's4'),
(5042, 858, 's10'),
(5043, 859, 's1'),
(5044, 859, 's2'),
(5045, 859, 's10'),
(5046, 860, 's1'),
(5047, 860, 's2'),
(5048, 860, 's10'),
(5049, 861, 's1'),
(5050, 861, 's10'),
(5051, 862, 's1'),
(5052, 862, 's2'),
(5053, 862, 's3'),
(5054, 862, 's5'),
(5055, 862, 's4'),
(5056, 862, 's6'),
(5057, 862, 's7'),
(5058, 862, 's9'),
(5059, 862, 's10'),
(5060, 863, 's1'),
(5061, 863, 's10'),
(5062, 864, 's1'),
(5063, 864, 's10'),
(5064, 865, 's1'),
(5065, 865, 's2'),
(5066, 865, 's10'),
(5067, 866, 's1'),
(5068, 866, 's2'),
(5069, 866, 's3'),
(5070, 866, 's10'),
(5071, 867, 's1'),
(5072, 867, 's2'),
(5073, 867, 's3'),
(5074, 867, 's5'),
(5075, 867, 's4'),
(5076, 867, 's6'),
(5077, 867, 's7'),
(5078, 867, 's9'),
(5079, 867, 's4'),
(5080, 867, 's6'),
(5081, 867, 's7'),
(5082, 867, 's9'),
(5083, 867, 's4'),
(5084, 867, 's6'),
(5085, 867, 's7'),
(5086, 867, 's9'),
(5087, 867, 's4'),
(5088, 867, 's6'),
(5089, 867, 's7'),
(5090, 867, 's8'),
(5091, 867, 's6'),
(5092, 867, 's7'),
(5093, 867, 's9'),
(5094, 867, 's10'),
(5095, 868, 's1'),
(5096, 868, 's2'),
(5097, 868, 's3'),
(5098, 868, 's5'),
(5099, 868, 's4'),
(5100, 868, 's10'),
(5101, 869, 's1'),
(5102, 869, 's10'),
(5103, 870, 's1'),
(5104, 870, 's2'),
(5105, 870, 's10'),
(5106, 871, 's1'),
(5107, 871, 's10'),
(5108, 872, 's1'),
(5109, 872, 's2'),
(5110, 872, 's3'),
(5111, 872, 's5'),
(5112, 872, 's4'),
(5113, 872, 's5'),
(5114, 872, 's4'),
(5115, 872, 's10'),
(5116, 873, 's1'),
(5117, 873, 's2'),
(5118, 873, 's3'),
(5119, 873, 's5'),
(5120, 873, 's4'),
(5121, 873, 's5'),
(5122, 873, 's4'),
(5123, 873, 's4'),
(5124, 873, 's4'),
(5125, 873, 's10'),
(5126, 874, 's1'),
(5127, 874, 's2'),
(5128, 874, 's10'),
(5129, 875, 's1'),
(5130, 875, 's2'),
(5131, 875, 's10'),
(5132, 876, 's1'),
(5133, 876, 's10'),
(5134, 877, 's1'),
(5135, 877, 's2'),
(5136, 877, 's10'),
(5137, 878, 's1'),
(5138, 878, 's2'),
(5139, 878, 's3'),
(5140, 878, 's5'),
(5141, 878, 's4'),
(5142, 878, 's5'),
(5143, 878, 's4'),
(5144, 878, 's5'),
(5145, 878, 's4'),
(5146, 878, 's10'),
(5147, 879, 's1'),
(5148, 879, 's10'),
(5149, 880, 's1'),
(5150, 880, 's2'),
(5151, 880, 's3'),
(5152, 880, 's5'),
(5153, 880, 's4'),
(5154, 880, 's5'),
(5155, 880, 's4'),
(5156, 880, 's6'),
(5157, 880, 's7'),
(5158, 880, 's8'),
(5159, 880, 's9'),
(5160, 880, 's4'),
(5161, 880, 's6'),
(5162, 880, 's7'),
(5163, 880, 's9'),
(5164, 880, 's10'),
(5165, 881, 's1'),
(5166, 881, 's2'),
(5167, 881, 's3'),
(5168, 881, 's5'),
(5169, 881, 's4'),
(5170, 881, 's10'),
(5171, 882, 's1'),
(5172, 882, 's2'),
(5173, 882, 's3'),
(5174, 882, 's5'),
(5175, 882, 's4'),
(5176, 882, 's10'),
(5177, 883, 's1'),
(5178, 883, 's2'),
(5179, 883, 's10'),
(5180, 884, 's1'),
(5181, 884, 's2'),
(5182, 884, 's3'),
(5183, 884, 's5'),
(5184, 884, 's4'),
(5185, 884, 's5'),
(5186, 884, 's4'),
(5187, 884, 's10'),
(5188, 885, 's1'),
(5189, 885, 's10'),
(5190, 886, 's1'),
(5191, 886, 's2'),
(5192, 886, 's3'),
(5193, 886, 's10'),
(5194, 887, 's1'),
(5195, 887, 's10'),
(5196, 888, 's1'),
(5197, 888, 's2'),
(5198, 888, 's3'),
(5199, 888, 's5'),
(5200, 888, 's4'),
(5201, 888, 's10'),
(5202, 889, 's1'),
(5203, 889, 's2'),
(5204, 889, 's10'),
(5205, 890, 's1'),
(5206, 890, 's2'),
(5207, 890, 's3'),
(5208, 890, 's10'),
(5209, 891, 's1'),
(5210, 891, 's2'),
(5211, 891, 's10'),
(5212, 892, 's1'),
(5213, 892, 's10'),
(5214, 893, 's1'),
(5215, 893, 's2'),
(5216, 893, 's3'),
(5217, 893, 's5'),
(5218, 893, 's4'),
(5219, 893, 's6'),
(5220, 893, 's7'),
(5221, 893, 's9'),
(5222, 893, 's10'),
(5223, 894, 's1'),
(5224, 894, 's10'),
(5225, 895, 's1'),
(5226, 895, 's10'),
(5227, 896, 's1'),
(5228, 896, 's10'),
(5229, 897, 's1'),
(5230, 897, 's2'),
(5231, 897, 's3'),
(5232, 897, 's5'),
(5233, 897, 's4'),
(5234, 897, 's10'),
(5235, 898, 's1'),
(5236, 898, 's10'),
(5237, 899, 's1'),
(5238, 899, 's2'),
(5239, 899, 's3'),
(5240, 899, 's4'),
(5241, 899, 's10'),
(5242, 900, 's1'),
(5243, 900, 's2'),
(5244, 900, 's3'),
(5245, 900, 's10'),
(5246, 901, 's1'),
(5247, 901, 's2'),
(5248, 901, 's3'),
(5249, 901, 's5'),
(5250, 901, 's4'),
(5251, 901, 's5'),
(5252, 901, 's4'),
(5253, 901, 's5'),
(5254, 901, 's4'),
(5255, 901, 's6'),
(5256, 901, 's7'),
(5257, 901, 's9'),
(5258, 901, 's10'),
(5259, 902, 's1'),
(5260, 902, 's2'),
(5261, 902, 's3'),
(5262, 902, 's5'),
(5263, 902, 's4'),
(5264, 902, 's4'),
(5265, 902, 's6'),
(5266, 902, 's7'),
(5267, 902, 's9'),
(5268, 902, 's4'),
(5269, 902, 's6'),
(5270, 902, 's7'),
(5271, 902, 's9'),
(5272, 902, 's10'),
(5273, 903, 's1'),
(5274, 903, 's2'),
(5275, 903, 's3'),
(5276, 903, 's5'),
(5277, 903, 's4'),
(5278, 903, 's4'),
(5279, 903, 's5'),
(5280, 903, 's4'),
(5281, 903, 's5'),
(5282, 903, 's4'),
(5283, 903, 's5'),
(5284, 903, 's4'),
(5285, 903, 's6'),
(5286, 903, 's7'),
(5287, 903, 's9'),
(5288, 903, 's10'),
(5289, 904, 's1'),
(5290, 904, 's2'),
(5291, 904, 's3'),
(5292, 904, 's10'),
(5293, 905, 's1'),
(5294, 905, 's2'),
(5295, 905, 's3'),
(5296, 905, 's5'),
(5297, 905, 's4'),
(5298, 905, 's6'),
(5299, 905, 's7'),
(5300, 905, 's9'),
(5301, 905, 's4'),
(5302, 905, 's6'),
(5303, 905, 's7'),
(5304, 905, 's8'),
(5305, 905, 's9'),
(5306, 905, 's10'),
(5307, 906, 's1'),
(5308, 906, 's2'),
(5309, 906, 's3'),
(5310, 906, 's4'),
(5311, 906, 's4'),
(5312, 906, 's6'),
(5313, 906, 's7'),
(5314, 906, 's9'),
(5315, 906, 's10'),
(5316, 907, 's1'),
(5317, 907, 's2'),
(5318, 907, 's3'),
(5319, 907, 's5'),
(5320, 907, 's4'),
(5321, 907, 's5'),
(5322, 907, 's4'),
(5323, 907, 's6'),
(5324, 907, 's7'),
(5325, 907, 's9'),
(5326, 907, 's4'),
(5327, 907, 's6'),
(5328, 907, 's7'),
(5329, 907, 's9'),
(5330, 907, 's10'),
(5331, 908, 's1'),
(5332, 908, 's10'),
(5333, 909, 's1'),
(5334, 909, 's2'),
(5335, 909, 's3'),
(5336, 909, 's5'),
(5337, 909, 's4'),
(5338, 909, 's5'),
(5339, 909, 's4'),
(5340, 909, 's6'),
(5341, 909, 's7'),
(5342, 909, 's9'),
(5343, 909, 's10'),
(5344, 910, 's1'),
(5345, 910, 's2'),
(5346, 910, 's3'),
(5347, 910, 's5'),
(5348, 910, 's4'),
(5349, 910, 's6'),
(5350, 910, 's7'),
(5351, 910, 's9'),
(5352, 910, 's10'),
(5353, 911, 's1'),
(5354, 911, 's2'),
(5355, 911, 's3'),
(5356, 911, 's5'),
(5357, 911, 's4'),
(5358, 911, 's6'),
(5359, 911, 's7'),
(5360, 911, 's9'),
(5361, 911, 's10'),
(5362, 912, 's1'),
(5363, 912, 's2'),
(5364, 912, 's3'),
(5365, 912, 's4'),
(5366, 912, 's5'),
(5367, 912, 's4'),
(5368, 912, 's5'),
(5369, 912, 's4'),
(5370, 912, 's10'),
(5371, 913, 's1'),
(5372, 913, 's2'),
(5373, 913, 's3'),
(5374, 913, 's5'),
(5375, 913, 's4'),
(5376, 913, 's6'),
(5377, 913, 's7'),
(5378, 913, 's9'),
(5379, 913, 's10'),
(5380, 914, 's1'),
(5381, 914, 's10'),
(5382, 915, 's1'),
(5383, 915, 's2'),
(5384, 915, 's3'),
(5385, 915, 's5'),
(5386, 915, 's4'),
(5387, 915, 's10'),
(5388, 916, 's1'),
(5389, 916, 's2'),
(5390, 916, 's3'),
(5391, 916, 's10'),
(5392, 917, 's1'),
(5393, 917, 's2'),
(5394, 917, 's3'),
(5395, 917, 's5'),
(5396, 917, 's4'),
(5397, 917, 's10'),
(5398, 918, 's1'),
(5399, 918, 's2'),
(5400, 918, 's3'),
(5401, 918, 's4'),
(5402, 918, 's5'),
(5403, 918, 's4'),
(5404, 918, 's4'),
(5405, 918, 's6'),
(5406, 918, 's7'),
(5407, 918, 's9'),
(5408, 918, 's10'),
(5409, 919, 's1'),
(5410, 919, 's2'),
(5411, 919, 's10'),
(5412, 920, 's1'),
(5413, 920, 's2'),
(5414, 920, 's3'),
(5415, 920, 's4'),
(5416, 920, 's4'),
(5417, 920, 's4'),
(5418, 920, 's5'),
(5419, 920, 's4'),
(5420, 920, 's10'),
(5421, 921, 's1'),
(5422, 921, 's2'),
(5423, 921, 's10'),
(5424, 922, 's1'),
(5425, 922, 's2'),
(5426, 922, 's3'),
(5427, 922, 's10'),
(5428, 923, 's1'),
(5429, 923, 's2'),
(5430, 923, 's10'),
(5431, 924, 's1'),
(5432, 924, 's10'),
(5433, 925, 's1'),
(5434, 925, 's10'),
(5435, 926, 's1'),
(5436, 926, 's2'),
(5437, 926, 's3'),
(5438, 926, 's10'),
(5439, 927, 's1'),
(5440, 927, 's2'),
(5441, 927, 's10'),
(5442, 928, 's1'),
(5443, 928, 's2'),
(5444, 928, 's3'),
(5445, 928, 's5'),
(5446, 928, 's4'),
(5447, 928, 's10'),
(5448, 929, 's1'),
(5449, 929, 's2'),
(5450, 929, 's3'),
(5451, 929, 's10'),
(5452, 930, 's1'),
(5453, 930, 's2'),
(5454, 930, 's3'),
(5455, 930, 's5'),
(5456, 930, 's4'),
(5457, 930, 's5'),
(5458, 930, 's4'),
(5459, 930, 's4'),
(5460, 930, 's6'),
(5461, 930, 's7'),
(5462, 930, 's9'),
(5463, 930, 's10'),
(5464, 931, 's1'),
(5465, 931, 's2'),
(5466, 931, 's3'),
(5467, 931, 's10'),
(5468, 932, 's1'),
(5469, 932, 's2'),
(5470, 932, 's10'),
(5471, 933, 's1'),
(5472, 933, 's10'),
(5473, 934, 's1'),
(5474, 934, 's2'),
(5475, 934, 's3'),
(5476, 934, 's4'),
(5477, 934, 's4'),
(5478, 934, 's5'),
(5479, 934, 's4'),
(5480, 934, 's5'),
(5481, 934, 's4'),
(5482, 934, 's5'),
(5483, 934, 's4'),
(5484, 934, 's6'),
(5485, 934, 's7'),
(5486, 934, 's9'),
(5487, 934, 's4'),
(5488, 934, 's6'),
(5489, 934, 's7'),
(5490, 934, 's9'),
(5491, 934, 's4'),
(5492, 934, 's6'),
(5493, 934, 's7'),
(5494, 934, 's6'),
(5495, 934, 's7'),
(5496, 934, 's9'),
(5497, 934, 's10'),
(5498, 935, 's1'),
(5499, 935, 's2'),
(5500, 935, 's3'),
(5501, 935, 's10'),
(5502, 936, 's1'),
(5503, 936, 's2'),
(5504, 936, 's3'),
(5505, 936, 's10'),
(5506, 937, 's1'),
(5507, 937, 's10'),
(5508, 938, 's1'),
(5509, 938, 's2'),
(5510, 938, 's3'),
(5511, 938, 's5'),
(5512, 938, 's4'),
(5513, 938, 's6'),
(5514, 938, 's7'),
(5515, 938, 's9'),
(5516, 938, 's4'),
(5517, 938, 's6'),
(5518, 938, 's7'),
(5519, 938, 's9'),
(5520, 938, 's10'),
(5521, 939, 's1'),
(5522, 939, 's2'),
(5523, 939, 's3'),
(5524, 939, 's5'),
(5525, 939, 's4'),
(5526, 939, 's10'),
(5527, 940, 's1'),
(5528, 940, 's2'),
(5529, 940, 's3'),
(5530, 940, 's4'),
(5531, 940, 's10'),
(5532, 941, 's1'),
(5533, 941, 's10'),
(5534, 942, 's1'),
(5535, 942, 's2'),
(5536, 942, 's3'),
(5537, 942, 's5'),
(5538, 942, 's4'),
(5539, 942, 's10'),
(5540, 943, 's1'),
(5541, 943, 's2'),
(5542, 943, 's3'),
(5543, 943, 's4'),
(5544, 943, 's10'),
(5545, 944, 's1'),
(5546, 944, 's2'),
(5547, 944, 's10'),
(5548, 945, 's1'),
(5549, 945, 's2'),
(5550, 945, 's10'),
(5551, 946, 's1'),
(5552, 946, 's2'),
(5553, 946, 's10'),
(5554, 947, 's1'),
(5555, 947, 's2'),
(5556, 947, 's10'),
(5557, 948, 's1'),
(5558, 948, 's10'),
(5559, 949, 's1'),
(5560, 949, 's10'),
(5561, 950, 's1'),
(5562, 950, 's2'),
(5563, 950, 's3'),
(5564, 950, 's5'),
(5565, 950, 's4'),
(5566, 950, 's10'),
(5567, 951, 's1'),
(5568, 951, 's2'),
(5569, 951, 's10'),
(5570, 952, 's1'),
(5571, 952, 's10'),
(5572, 953, 's1'),
(5573, 953, 's2'),
(5574, 953, 's10'),
(5575, 954, 's1'),
(5576, 954, 's2'),
(5577, 954, 's3'),
(5578, 954, 's10'),
(5579, 955, 's1'),
(5580, 955, 's2'),
(5581, 955, 's10'),
(5582, 956, 's1'),
(5583, 956, 's10'),
(5584, 957, 's1'),
(5585, 957, 's10'),
(5586, 958, 's1'),
(5587, 958, 's2'),
(5588, 958, 's3'),
(5589, 958, 's5'),
(5590, 958, 's4'),
(5591, 958, 's10'),
(5592, 959, 's1'),
(5593, 959, 's10'),
(5594, 960, 's1'),
(5595, 960, 's2'),
(5596, 960, 's3'),
(5597, 960, 's5'),
(5598, 960, 's4'),
(5599, 960, 's10'),
(5600, 961, 's1'),
(5601, 961, 's2'),
(5602, 961, 's3'),
(5603, 961, 's5'),
(5604, 961, 's4'),
(5605, 961, 's10'),
(5606, 962, 's1'),
(5607, 962, 's10'),
(5608, 963, 's1'),
(5609, 963, 's10'),
(5610, 964, 's1'),
(5611, 964, 's2'),
(5612, 964, 's10'),
(5613, 965, 's1'),
(5614, 965, 's2'),
(5615, 965, 's10'),
(5616, 966, 's1'),
(5617, 966, 's2'),
(5618, 966, 's3'),
(5619, 966, 's5'),
(5620, 966, 's4'),
(5621, 966, 's10'),
(5622, 967, 's1'),
(5623, 967, 's10'),
(5624, 968, 's1'),
(5625, 968, 's2'),
(5626, 968, 's3'),
(5627, 968, 's5'),
(5628, 968, 's4'),
(5629, 968, 's6'),
(5630, 968, 's7'),
(5631, 968, 's9'),
(5632, 968, 's10'),
(5633, 969, 's1'),
(5634, 969, 's2'),
(5635, 969, 's10'),
(5636, 970, 's1'),
(5637, 970, 's2'),
(5638, 970, 's10'),
(5639, 971, 's1'),
(5640, 971, 's2'),
(5641, 971, 's3'),
(5642, 971, 's5'),
(5643, 971, 's4'),
(5644, 971, 's4'),
(5645, 971, 's6'),
(5646, 971, 's7'),
(5647, 971, 's9'),
(5648, 971, 's4'),
(5649, 971, 's6'),
(5650, 971, 's7'),
(5651, 971, 's9'),
(5652, 971, 's4'),
(5653, 971, 's6'),
(5654, 971, 's7'),
(5655, 971, 's9'),
(5656, 971, 's4'),
(5657, 971, 's6'),
(5658, 971, 's7'),
(5659, 971, 's9'),
(5660, 971, 's4'),
(5661, 971, 's6'),
(5662, 971, 's7'),
(5663, 971, 's9'),
(5664, 971, 's10'),
(5665, 972, 's1'),
(5666, 972, 's2'),
(5667, 972, 's3'),
(5668, 972, 's10'),
(5669, 973, 's1'),
(5670, 973, 's2'),
(5671, 973, 's10'),
(5672, 974, 's1'),
(5673, 974, 's2'),
(5674, 974, 's10'),
(5675, 975, 's1'),
(5676, 975, 's2'),
(5677, 975, 's10'),
(5678, 976, 's1'),
(5679, 976, 's2'),
(5680, 976, 's10'),
(5681, 977, 's1'),
(5682, 977, 's10'),
(5683, 978, 's1'),
(5684, 978, 's2'),
(5685, 978, 's3'),
(5686, 978, 's10'),
(5687, 979, 's1'),
(5688, 979, 's2'),
(5689, 979, 's10'),
(5690, 980, 's1'),
(5691, 980, 's2'),
(5692, 980, 's3'),
(5693, 980, 's5'),
(5694, 980, 's4'),
(5695, 980, 's6'),
(5696, 980, 's7'),
(5697, 980, 's9'),
(5698, 980, 's4'),
(5699, 980, 's6'),
(5700, 980, 's7'),
(5701, 980, 's9'),
(5702, 980, 's4'),
(5703, 980, 's6'),
(5704, 980, 's7'),
(5705, 980, 's9'),
(5706, 980, 's4'),
(5707, 980, 's6'),
(5708, 980, 's7'),
(5709, 980, 's9'),
(5710, 980, 's10'),
(5711, 981, 's1'),
(5712, 981, 's2'),
(5713, 981, 's3'),
(5714, 981, 's5'),
(5715, 981, 's4'),
(5716, 981, 's5'),
(5717, 981, 's4'),
(5718, 981, 's10'),
(5719, 982, 's1'),
(5720, 982, 's2'),
(5721, 982, 's3'),
(5722, 982, 's5'),
(5723, 982, 's4'),
(5724, 982, 's5'),
(5725, 982, 's4'),
(5726, 982, 's10'),
(5727, 983, 's1'),
(5728, 983, 's2'),
(5729, 983, 's10'),
(5730, 984, 's1'),
(5731, 984, 's2'),
(5732, 984, 's3'),
(5733, 984, 's5'),
(5734, 984, 's4'),
(5735, 984, 's5'),
(5736, 984, 's4'),
(5737, 984, 's5'),
(5738, 984, 's4'),
(5739, 984, 's10'),
(5740, 985, 's1'),
(5741, 985, 's2'),
(5742, 985, 's10'),
(5743, 986, 's1'),
(5744, 986, 's10'),
(5745, 987, 's1'),
(5746, 987, 's2'),
(5747, 987, 's10'),
(5748, 988, 's1'),
(5749, 988, 's2'),
(5750, 988, 's10'),
(5751, 989, 's1'),
(5752, 989, 's2'),
(5753, 989, 's3'),
(5754, 989, 's5'),
(5755, 989, 's4'),
(5756, 989, 's6'),
(5757, 989, 's7'),
(5758, 989, 's9'),
(5759, 989, 's10'),
(5760, 990, 's1'),
(5761, 990, 's10'),
(5762, 991, 's1'),
(5763, 991, 's2'),
(5764, 991, 's3'),
(5765, 991, 's10'),
(5766, 992, 's1'),
(5767, 992, 's2'),
(5768, 992, 's3'),
(5769, 992, 's5'),
(5770, 992, 's4'),
(5771, 992, 's4'),
(5772, 992, 's4'),
(5773, 992, 's5'),
(5774, 992, 's4'),
(5775, 992, 's10'),
(5776, 993, 's1'),
(5777, 993, 's2'),
(5778, 993, 's3'),
(5779, 993, 's5'),
(5780, 993, 's4'),
(5781, 993, 's6'),
(5782, 993, 's7'),
(5783, 993, 's8'),
(5784, 993, 's9'),
(5785, 993, 's10'),
(5786, 994, 's1'),
(5787, 994, 's2'),
(5788, 994, 's3'),
(5789, 994, 's10'),
(5790, 995, 's1'),
(5791, 995, 's2'),
(5792, 995, 's3'),
(5793, 995, 's5'),
(5794, 995, 's4'),
(5795, 995, 's6'),
(5796, 995, 's7'),
(5797, 995, 's9'),
(5798, 995, 's4'),
(5799, 995, 's6'),
(5800, 995, 's7'),
(5801, 995, 's9'),
(5802, 995, 's10'),
(5803, 996, 's1'),
(5804, 996, 's2'),
(5805, 996, 's3'),
(5806, 996, 's5'),
(5807, 996, 's4'),
(5808, 996, 's4'),
(5809, 996, 's10'),
(5810, 997, 's1'),
(5811, 997, 's2'),
(5812, 997, 's3'),
(5813, 997, 's5'),
(5814, 997, 's4'),
(5815, 997, 's10'),
(5816, 998, 's1'),
(5817, 998, 's2'),
(5818, 998, 's10'),
(5819, 999, 's1'),
(5820, 999, 's2'),
(5821, 999, 's3'),
(5822, 999, 's5'),
(5823, 999, 's4'),
(5824, 999, 's5'),
(5825, 999, 's4'),
(5826, 999, 's10');

-- --------------------------------------------------------

--
-- Tabelstructuur voor tabel `Issues`
--

CREATE TABLE IF NOT EXISTS `Issues` (
  `RowNumber` int(11) NOT NULL,
  `PersonId` int(11) NOT NULL,
  `Solved` varchar(15) NOT NULL,
  `State` varchar(15) NOT NULL
) ENGINE=MyISAM DEFAULT CHARSET=latin1;

--
-- Gegevens worden geëxporteerd voor tabel `Issues`
--

INSERT INTO `Issues` (`RowNumber`, `PersonId`, `Solved`, `State`) VALUES
(0, 0, 'Solved', 'State'),
(1, 30, 'Not Solved', 's8'),
(2, 51, 'Solved', 's8'),
(3, 68, 'Solved', 's8'),
(4, 74, 'Not Solved', 's8'),
(5, 80, 'Solved', 's8'),
(6, 93, 'Not Solved', 's8'),
(7, 116, 'Not Solved', 's8'),
(8, 131, 'Not Solved', 's8'),
(9, 135, 'Solved', 's8'),
(10, 203, 'Solved', 's8'),
(11, 226, 'Not Solved', 's8'),
(12, 249, 'Not Solved', 's8'),
(13, 252, 'Solved', 's8'),
(14, 252, 'Not Solved', 's8'),
(15, 310, 'Solved', 's8'),
(16, 324, 'Solved', 's8'),
(17, 326, 'Solved', 's8'),
(18, 336, 'Solved', 's8'),
(19, 358, 'Solved', 's8'),
(20, 416, 'Not Solved', 's8'),
(21, 420, 'Not Solved', 's8'),
(22, 440, 'Solved', 's8'),
(23, 441, 'Solved', 's8'),
(24, 507, 'Solved', 's8'),
(25, 515, 'Solved', 's8'),
(26, 522, 'Not Solved', 's8'),
(27, 544, 'Not Solved', 's8'),
(28, 574, 'Not Solved', 's8'),
(29, 638, 'Not Solved', 's8'),
(30, 643, 'Solved', 's8'),
(31, 648, 'Not Solved', 's8'),
(32, 673, 'Solved', 's8'),
(33, 733, 'Solved', 's8'),
(34, 733, 'Not Solved', 's8'),
(35, 753, 'Not Solved', 's8'),
(36, 759, 'Not Solved', 's8'),
(37, 767, 'Solved', 's8'),
(38, 777, 'Not Solved', 's8'),
(39, 781, 'Solved', 's8'),
(40, 781, 'Solved', 's8'),
(41, 789, 'Solved', 's8'),
(42, 793, 'Solved', 's8'),
(43, 841, 'Solved', 's8'),
(44, 849, 'Solved', 's8'),
(45, 867, 'Solved', 's8'),
(46, 880, 'Solved', 's8'),
(47, 905, 'Not Solved', 's8'),
(48, 993, 'Not Solved', 's8');

-- --------------------------------------------------------

--
-- Tabelstructuur voor tabel `LifeCycle`
--

CREATE TABLE IF NOT EXISTS `LifeCycle` (
  `State` varchar(10) NOT NULL,
  `Cycle` varchar(20) NOT NULL
) ENGINE=MyISAM DEFAULT CHARSET=latin1;

--
-- Gegevens worden geëxporteerd voor tabel `LifeCycle`
--

INSERT INTO `LifeCycle` (`State`, `Cycle`) VALUES
('s1', 'Awareness'),
('s2', 'Awareness'),
('s3', 'Evaluation'),
('s4', 'Evaluation'),
('s5', 'Evaluation'),
('s6', 'Purchase'),
('s7', 'Use'),
('s8', 'Use'),
('s9', 'Use'),
('s10', 'End');

-- --------------------------------------------------------

--
-- Tabelstructuur voor tabel `Loyal`
--

CREATE TABLE IF NOT EXISTS `Loyal` (
  `RowNumber` int(11) NOT NULL,
  `PersonID` int(11) NOT NULL,
  `Loyal` varchar(10) NOT NULL
) ENGINE=MyISAM DEFAULT CHARSET=latin1;

--
-- Gegevens worden geëxporteerd voor tabel `Loyal`
--

INSERT INTO `Loyal` (`RowNumber`, `PersonID`, `Loyal`) VALUES
(0, 0, 'Loyal '),
(1, 51, 'Loyal'),
(2, 74, 'Loyal'),
(3, 74, 'Loyal'),
(4, 77, 'Loyal'),
(5, 80, 'Loyal'),
(6, 80, 'Loyal'),
(7, 80, 'Loyal'),
(8, 84, 'Loyal'),
(9, 93, 'Loyal'),
(10, 119, 'Loyal'),
(11, 119, 'Loyal'),
(12, 120, 'Loyal'),
(13, 120, 'Loyal'),
(14, 127, 'Loyal'),
(15, 128, 'Loyal'),
(16, 128, 'Loyal'),
(17, 131, 'Loyal'),
(18, 131, 'Loyal'),
(19, 131, 'Loyal'),
(20, 151, 'Loyal'),
(21, 158, 'Loyal'),
(22, 189, 'Loyal'),
(23, 189, 'Loyal'),
(24, 194, 'Loyal'),
(25, 198, 'Loyal'),
(26, 198, 'Loyal'),
(27, 200, 'Loyal'),
(28, 203, 'Loyal'),
(29, 205, 'Loyal'),
(30, 205, 'Loyal'),
(31, 218, 'Loyal'),
(32, 218, 'Loyal'),
(33, 224, 'Loyal'),
(34, 224, 'Loyal'),
(35, 226, 'Loyal'),
(36, 226, 'Loyal'),
(37, 226, 'Loyal'),
(38, 226, 'Loyal'),
(39, 226, 'Loyal'),
(40, 229, 'Loyal'),
(41, 229, 'Loyal'),
(42, 238, 'Loyal'),
(43, 243, 'Loyal'),
(44, 243, 'Loyal'),
(45, 248, 'Loyal'),
(46, 249, 'Loyal'),
(47, 252, 'Loyal'),
(48, 260, 'Loyal'),
(49, 283, 'Loyal'),
(50, 283, 'Loyal'),
(51, 283, 'Loyal'),
(52, 284, 'Loyal'),
(53, 284, 'Loyal'),
(54, 297, 'Loyal'),
(55, 310, 'Loyal'),
(56, 310, 'Loyal'),
(57, 310, 'Loyal'),
(58, 310, 'Loyal'),
(59, 310, 'Loyal'),
(60, 310, 'Loyal'),
(61, 314, 'Loyal'),
(62, 324, 'Loyal'),
(63, 324, 'Loyal'),
(64, 326, 'Loyal'),
(65, 336, 'Loyal'),
(66, 336, 'Loyal'),
(67, 336, 'Loyal'),
(68, 343, 'Loyal'),
(69, 344, 'Loyal'),
(70, 355, 'Loyal'),
(71, 355, 'Loyal'),
(72, 358, 'Loyal'),
(73, 360, 'Loyal'),
(74, 360, 'Loyal'),
(75, 380, 'Loyal'),
(76, 407, 'Loyal'),
(77, 416, 'Loyal'),
(78, 418, 'Loyal'),
(79, 420, 'Loyal'),
(80, 441, 'Loyal'),
(81, 441, 'Loyal'),
(82, 441, 'Loyal'),
(83, 449, 'Loyal'),
(84, 449, 'Loyal'),
(85, 449, 'Loyal'),
(86, 449, 'Loyal'),
(87, 449, 'Loyal'),
(88, 464, 'Loyal'),
(89, 476, 'Loyal'),
(90, 476, 'Loyal'),
(91, 482, 'Loyal'),
(92, 482, 'Loyal'),
(93, 483, 'Loyal'),
(94, 483, 'Loyal'),
(95, 508, 'Loyal'),
(96, 523, 'Loyal'),
(97, 537, 'Loyal'),
(98, 553, 'Loyal'),
(99, 565, 'Loyal'),
(100, 583, 'Loyal'),
(101, 583, 'Loyal'),
(102, 589, 'Loyal'),
(103, 592, 'Loyal'),
(104, 596, 'Loyal'),
(105, 596, 'Loyal'),
(106, 598, 'Loyal'),
(107, 598, 'Loyal'),
(108, 598, 'Loyal'),
(109, 632, 'Loyal'),
(110, 632, 'Loyal'),
(111, 632, 'Loyal'),
(112, 638, 'Loyal'),
(113, 638, 'Loyal'),
(114, 640, 'Loyal'),
(115, 640, 'Loyal'),
(116, 640, 'Loyal'),
(117, 642, 'Loyal'),
(118, 642, 'Loyal'),
(119, 642, 'Loyal'),
(120, 643, 'Loyal'),
(121, 651, 'Loyal'),
(122, 662, 'Loyal'),
(123, 663, 'Loyal'),
(124, 663, 'Loyal'),
(125, 673, 'Loyal'),
(126, 673, 'Loyal'),
(127, 681, 'Loyal'),
(128, 681, 'Loyal'),
(129, 681, 'Loyal'),
(130, 707, 'Loyal'),
(131, 709, 'Loyal'),
(132, 709, 'Loyal'),
(133, 716, 'Loyal'),
(134, 716, 'Loyal'),
(135, 716, 'Loyal'),
(136, 716, 'Loyal'),
(137, 754, 'Loyal'),
(138, 754, 'Loyal'),
(139, 756, 'Loyal'),
(140, 756, 'Loyal'),
(141, 767, 'Loyal'),
(142, 767, 'Loyal'),
(143, 767, 'Loyal'),
(144, 768, 'Loyal'),
(145, 768, 'Loyal'),
(146, 771, 'Loyal'),
(147, 777, 'Loyal'),
(148, 781, 'Loyal'),
(149, 789, 'Loyal'),
(150, 793, 'Loyal'),
(151, 793, 'Loyal'),
(152, 793, 'Loyal'),
(153, 796, 'Loyal'),
(154, 805, 'Loyal'),
(155, 805, 'Loyal'),
(156, 818, 'Loyal'),
(157, 818, 'Loyal'),
(158, 831, 'Loyal'),
(159, 832, 'Loyal'),
(160, 838, 'Loyal'),
(161, 845, 'Loyal'),
(162, 845, 'Loyal'),
(163, 849, 'Loyal'),
(164, 849, 'Loyal'),
(165, 867, 'Loyal'),
(166, 867, 'Loyal'),
(167, 867, 'Loyal'),
(168, 880, 'Loyal'),
(169, 902, 'Loyal'),
(170, 905, 'Loyal'),
(171, 907, 'Loyal'),
(172, 934, 'Loyal'),
(173, 934, 'Loyal'),
(174, 934, 'Loyal'),
(175, 938, 'Loyal'),
(176, 971, 'Loyal'),
(177, 971, 'Loyal'),
(178, 971, 'Loyal'),
(179, 971, 'Loyal'),
(180, 980, 'Loyal'),
(181, 980, 'Loyal'),
(182, 980, 'Loyal'),
(183, 995, 'Loyal');

-- --------------------------------------------------------

--
-- Tabelstructuur voor tabel `NPS`
--

CREATE TABLE IF NOT EXISTS `NPS` (
  `PersonID` int(11) NOT NULL,
  `state` varchar(40) NOT NULL,
  `Score` int(11) NOT NULL,
  `NPS` varchar(40) NOT NULL
) ENGINE=MyISAM DEFAULT CHARSET=latin1;

--
-- Gegevens worden geëxporteerd voor tabel `NPS`
--

INSERT INTO `NPS` (`PersonID`, `state`, `Score`, `NPS`) VALUES
(22, 's5', -1, 'NPS'),
(30, 's9', 0, 'NPS'),
(31, 's5', -1, 'NPS'),
(37, 's5', -1, 'NPS'),
(37, 's5', -1, 'NPS'),
(42, 's5', 1, 'NPS'),
(49, 's9', 1, 'NPS'),
(74, 's9', -1, 'NPS'),
(75, 's9', -1, 'NPS'),
(80, 's9', -1, 'NPS'),
(82, 's5', 0, 'NPS'),
(91, 's5', -1, 'NPS'),
(92, 's5', -1, 'NPS'),
(112, 's5', -1, 'NPS'),
(113, 's5', -1, 'NPS'),
(115, 's5', 0, 'NPS'),
(115, 's5', -1, 'NPS'),
(115, 's5', -1, 'NPS'),
(119, 's5', -1, 'NPS'),
(119, 's9', -1, 'NPS'),
(120, 's9', 1, 'NPS'),
(127, 's5', 0, 'NPS'),
(127, 's9', -1, 'NPS'),
(128, 's9', -1, 'NPS'),
(130, 's5', -1, 'NPS'),
(130, 's5', -1, 'NPS'),
(130, 's9', -1, 'NPS'),
(131, 's5', -1, 'NPS'),
(131, 's5', -1, 'NPS'),
(131, 's9', -1, 'NPS'),
(136, 's5', -1, 'NPS'),
(136, 's9', -1, 'NPS'),
(164, 's5', 0, 'NPS'),
(164, 's5', -1, 'NPS'),
(174, 's5', 0, 'NPS'),
(182, 's9', -1, 'NPS'),
(194, 's9', -1, 'NPS'),
(198, 's9', 0, 'NPS'),
(199, 's5', -1, 'NPS'),
(203, 's5', -1, 'NPS'),
(203, 's9', -1, 'NPS'),
(205, 's5', -1, 'NPS'),
(208, 's5', 1, 'NPS'),
(208, 's9', 0, 'NPS'),
(211, 's5', 0, 'NPS'),
(218, 's9', -1, 'NPS'),
(220, 's5', -1, 'NPS'),
(226, 's9', 1, 'NPS'),
(228, 's5', 1, 'NPS'),
(229, 's5', 1, 'NPS'),
(230, 's5', -1, 'NPS'),
(233, 's9', -1, 'NPS'),
(238, 's5', -1, 'NPS'),
(238, 's9', 0, 'NPS'),
(238, 's9', -1, 'NPS'),
(243, 's9', 0, 'NPS'),
(248, 's9', -1, 'NPS'),
(252, 's9', -1, 'NPS'),
(254, 's5', -1, 'NPS'),
(263, 's9', -1, 'NPS'),
(267, 's5', -1, 'NPS'),
(272, 's9', -1, 'NPS'),
(273, 's5', -1, 'NPS'),
(273, 's5', -1, 'NPS'),
(283, 's9', 1, 'NPS'),
(283, 's9', 0, 'NPS'),
(284, 's9', -1, 'NPS'),
(284, 's9', -1, 'NPS'),
(289, 's5', -1, 'NPS'),
(301, 's5', -1, 'NPS'),
(301, 's5', -1, 'NPS'),
(310, 's5', 0, 'NPS'),
(314, 's9', -1, 'NPS'),
(315, 's9', -1, 'NPS'),
(319, 's5', -1, 'NPS'),
(324, 's9', 0, 'NPS'),
(326, 's5', 1, 'NPS'),
(331, 's5', -1, 'NPS'),
(336, 's5', -1, 'NPS'),
(336, 's9', -1, 'NPS'),
(339, 's5', -1, 'NPS'),
(339, 's5', 0, 'NPS'),
(347, 's5', -1, 'NPS'),
(348, 's9', 0, 'NPS'),
(351, 's5', -1, 'NPS'),
(351, 's5', 1, 'NPS'),
(357, 's9', -1, 'NPS'),
(358, 's5', 0, 'NPS'),
(360, 's9', 0, 'NPS'),
(386, 's5', 0, 'NPS'),
(391, 's5', -1, 'NPS'),
(401, 's5', -1, 'NPS'),
(403, 's9', -1, 'NPS'),
(404, 's5', -1, 'NPS'),
(404, 's5', -1, 'NPS'),
(407, 's5', -1, 'NPS'),
(411, 's9', -1, 'NPS'),
(419, 's9', -1, 'NPS'),
(420, 's5', -1, 'NPS'),
(422, 's5', -1, 'NPS'),
(423, 's5', 0, 'NPS'),
(440, 's9', 1, 'NPS'),
(441, 's9', -1, 'NPS'),
(443, 's9', -1, 'NPS'),
(445, 's9', -1, 'NPS'),
(449, 's9', -1, 'NPS'),
(460, 's5', -1, 'NPS'),
(462, 's9', -1, 'NPS'),
(470, 's9', 1, 'NPS'),
(471, 's5', -1, 'NPS'),
(476, 's5', -1, 'NPS'),
(479, 's9', -1, 'NPS'),
(482, 's9', -1, 'NPS'),
(483, 's9', -1, 'NPS'),
(485, 's5', -1, 'NPS'),
(485, 's9', -1, 'NPS'),
(489, 's5', -1, 'NPS'),
(501, 's9', -1, 'NPS'),
(506, 's9', -1, 'NPS'),
(507, 's5', -1, 'NPS'),
(508, 's9', -1, 'NPS'),
(508, 's9', 0, 'NPS'),
(514, 's9', 1, 'NPS'),
(515, 's9', -1, 'NPS'),
(520, 's5', -1, 'NPS'),
(521, 's5', 0, 'NPS'),
(523, 's9', -1, 'NPS'),
(523, 's9', -1, 'NPS'),
(525, 's5', 1, 'NPS'),
(537, 's5', -1, 'NPS'),
(537, 's5', 0, 'NPS'),
(546, 's5', -1, 'NPS'),
(553, 's9', -1, 'NPS'),
(556, 's5', -1, 'NPS'),
(561, 's5', -1, 'NPS'),
(565, 's5', -1, 'NPS'),
(567, 's9', 0, 'NPS'),
(569, 's5', -1, 'NPS'),
(573, 's5', -1, 'NPS'),
(573, 's9', 0, 'NPS'),
(574, 's5', -1, 'NPS'),
(577, 's5', -1, 'NPS'),
(583, 's5', -1, 'NPS'),
(583, 's9', -1, 'NPS'),
(589, 's5', 0, 'NPS'),
(590, 's9', -1, 'NPS'),
(592, 's5', 1, 'NPS'),
(596, 's5', -1, 'NPS'),
(598, 's5', -1, 'NPS'),
(598, 's9', -1, 'NPS'),
(599, 's5', -1, 'NPS'),
(599, 's5', 0, 'NPS'),
(606, 's5', -1, 'NPS'),
(606, 's5', -1, 'NPS'),
(611, 's9', -1, 'NPS'),
(613, 's5', -1, 'NPS'),
(619, 's5', -1, 'NPS'),
(624, 's5', -1, 'NPS'),
(638, 's9', 0, 'NPS'),
(640, 's9', 0, 'NPS'),
(641, 's5', -1, 'NPS'),
(661, 's9', -1, 'NPS'),
(662, 's5', -1, 'NPS'),
(662, 's5', -1, 'NPS'),
(663, 's9', -1, 'NPS'),
(664, 's9', -1, 'NPS'),
(666, 's5', -1, 'NPS'),
(668, 's5', -1, 'NPS'),
(681, 's5', -1, 'NPS'),
(681, 's9', -1, 'NPS'),
(681, 's9', -1, 'NPS'),
(693, 's9', 0, 'NPS'),
(703, 's5', 0, 'NPS'),
(703, 's5', 1, 'NPS'),
(703, 's5', 0, 'NPS'),
(708, 's5', 0, 'NPS'),
(709, 's9', 1, 'NPS'),
(709, 's9', -1, 'NPS'),
(716, 's5', -1, 'NPS'),
(716, 's9', -1, 'NPS'),
(721, 's5', 0, 'NPS'),
(721, 's9', -1, 'NPS'),
(724, 's5', 0, 'NPS'),
(724, 's9', -1, 'NPS'),
(730, 's9', -1, 'NPS'),
(733, 's5', -1, 'NPS'),
(733, 's9', -1, 'NPS'),
(749, 's5', -1, 'NPS'),
(749, 's9', -1, 'NPS'),
(750, 's5', -1, 'NPS'),
(751, 's9', -1, 'NPS'),
(756, 's9', -1, 'NPS'),
(759, 's9', -1, 'NPS'),
(761, 's9', 0, 'NPS'),
(766, 's5', -1, 'NPS'),
(767, 's9', -1, 'NPS'),
(768, 's5', -1, 'NPS'),
(769, 's5', -1, 'NPS'),
(773, 's9', -1, 'NPS'),
(776, 's5', -1, 'NPS'),
(779, 's9', -1, 'NPS'),
(781, 's9', -1, 'NPS'),
(781, 's9', -1, 'NPS'),
(789, 's5', -1, 'NPS'),
(792, 's5', -1, 'NPS'),
(793, 's9', -1, 'NPS'),
(796, 's5', -1, 'NPS'),
(796, 's9', 1, 'NPS'),
(805, 's9', 0, 'NPS'),
(806, 's5', -1, 'NPS'),
(818, 's5', 0, 'NPS'),
(831, 's9', -1, 'NPS'),
(832, 's5', -1, 'NPS'),
(832, 's9', 0, 'NPS'),
(833, 's9', -1, 'NPS'),
(838, 's5', -1, 'NPS'),
(839, 's5', -1, 'NPS'),
(841, 's5', 0, 'NPS'),
(847, 's5', -1, 'NPS'),
(849, 's9', -1, 'NPS'),
(854, 's5', -1, 'NPS'),
(867, 's9', 0, 'NPS'),
(872, 's5', -1, 'NPS'),
(873, 's5', -1, 'NPS'),
(873, 's5', 0, 'NPS'),
(880, 's9', -1, 'NPS'),
(882, 's5', -1, 'NPS'),
(884, 's5', -1, 'NPS'),
(893, 's5', -1, 'NPS'),
(902, 's9', -1, 'NPS'),
(903, 's5', -1, 'NPS'),
(903, 's5', -1, 'NPS'),
(905, 's9', -1, 'NPS'),
(907, 's5', 1, 'NPS'),
(909, 's5', 1, 'NPS'),
(910, 's9', -1, 'NPS'),
(912, 's5', -1, 'NPS'),
(915, 's5', -1, 'NPS'),
(917, 's5', -1, 'NPS'),
(930, 's5', 1, 'NPS'),
(934, 's9', -1, 'NPS'),
(934, 's9', -1, 'NPS'),
(938, 's5', -1, 'NPS'),
(938, 's9', 1, 'NPS'),
(938, 's9', 0, 'NPS'),
(961, 's5', -1, 'NPS'),
(966, 's5', -1, 'NPS'),
(971, 's9', 1, 'NPS'),
(971, 's9', -1, 'NPS'),
(980, 's9', -1, 'NPS'),
(981, 's5', -1, 'NPS'),
(982, 's5', 1, 'NPS'),
(982, 's5', 0, 'NPS'),
(989, 's5', 0, 'NPS'),
(993, 's9', -1, 'NPS'),
(995, 's5', -1, 'NPS'),
(995, 's9', 0, 'NPS');

-- --------------------------------------------------------

--
-- Tabelstructuur voor tabel `Persons`
--

CREATE TABLE IF NOT EXISTS `Persons` (
  `PersonID` int(11) NOT NULL,
  `Email` varchar(40) NOT NULL,
  `Name` varchar(40) NOT NULL,
  `Company` varchar(40) NOT NULL,
  `Gender` varchar(40) NOT NULL,
  `Country` varchar(40) NOT NULL,
  `Age` int(11) NOT NULL,
  PRIMARY KEY (`PersonID`)
) ENGINE=MyISAM DEFAULT CHARSET=latin1;

--
-- Gegevens worden geëxporteerd voor tabel `Persons`
--

INSERT INTO `Persons` (`PersonID`, `Email`, `Name`, `Company`, `Gender`, `Country`, `Age`) VALUES
(0, 'Dalila.Arocha@xs4all.com', 'Dalila Arocha', 'Einti', 'female', 'nl', 39),
(1, 'Mara.Doner@outlook.com', 'Mara Doner', 'Browsedrive', 'male', 'be', 61),
(2, 'Ramonita.Kawamura@me.com', 'Ramonita Kawamura', 'Innotype', 'male', 'be', 46),
(3, 'Machelle.Leith@icloud.com', 'Machelle Leith', 'Vinte', 'male', 'de', 34),
(4, 'Pok.Younger@icloud.com', 'Pok Younger', 'Meevee', 'female', 'nl', 41),
(5, 'Gertrud.Points@live.com', 'Gertrud Points', 'Ainyx', 'male', 'nl', 57),
(6, 'Miki.Wasilewski@planet.nl', 'Miki Wasilewski', 'Livetube', 'male', 'se', 44),
(7, 'Leta.Calabria@icloud.com', 'Leta Calabria', 'Browsetype', 'male', 'de', 41),
(8, 'Clarice.Dakin@live.com', 'Clarice Dakin', 'Skyble', 'female', 'se', 55),
(9, 'Jannet.Speller@me.com', 'Jannet Speller', 'Trilith', 'male', 'nl', 48),
(10, 'Pamella.Didonato@me.com', 'Pamella Didonato', 'Skippad', 'male', 'be', 35),
(11, 'Teena.Picklesimer@icloud.com', 'Teena Picklesimer', 'Thoughtbridge', 'female', 'se', 64),
(12, 'Providencia.Scarbrough@icloud.com', 'Providencia Scarbrough', 'Skyble', 'female', 'nl', 61),
(13, 'Miyoko.Woodward@xs4all.com', 'Miyoko Woodward', 'Skyble', 'female', 'nl', 51),
(14, 'Clarice.Grosso@planet.nl', 'Clarice Grosso', 'Skimia', 'male', 'be', 71),
(15, 'Verda.Sheely@outlook.com', 'Verda Sheely', 'Youfeed', 'female', 'nl', 57),
(16, 'Virgie.Crotty@hotmail.com', 'Virgie Crotty', 'Skyble', 'male', 'nl', 45),
(17, 'Setsuko.Heier@gmail.com', 'Setsuko Heier', 'Blogtag', 'female', 'be', 35),
(18, 'Edra.Kroeger@icloud.com', 'Edra Kroeger', 'Ainyx', 'female', 'nl', 63),
(19, 'Norene.Heider@me.com', 'Norene Heider', 'Agivu', 'female', 'be', 47),
(20, 'Ouida.Wasilewski@me.com', 'Ouida Wasilewski', 'Youfeed', 'female', 'de', 30),
(21, 'Cris.Tooker@gmail.com', 'Cris Tooker', 'Trilith', 'male', 'be', 54),
(22, 'Cris.Polich@hotmail.com', 'Cris Polich', 'Skimia', 'female', 'se', 19),
(23, 'Alda.Berenbaum@xs4all.com', 'Alda Berenbaum', 'Linktype', 'female', 'nl', 45),
(24, 'Markita.Cannaday@icloud.com', 'Markita Cannaday', 'Youfeed', 'female', 'nl', 35),
(25, 'Thu.Witham@hotmail.com', 'Thu Witham', 'Jatri', 'male', 'de', 34),
(26, 'Vasiliki.Eisenmann@hotmail.com', 'Vasiliki Eisenmann', 'Centimia', 'female', 'nl', 19),
(27, 'Florencio.Sheely@planet.nl', 'Florencio Sheely', 'Livetube', 'male', 'se', 25),
(28, 'Twanna.Roebuck@live.com', 'Twanna Roebuck', 'Browsedrive', 'male', 'se', 77),
(29, 'Teena.Speller@live.com', 'Teena Speller', 'Flashset', 'male', 'de', 28),
(30, 'Bell.Peacock@icloud.com', 'Bell Peacock', 'Skippad', 'male', 'nl', 72),
(31, 'Alda.Segundo@me.com', 'Alda Segundo', 'Einti', 'female', 'de', 74),
(32, 'Kimberlie.Doner@outlook.com', 'Kimberlie Doner', 'Bluezoom', 'female', 'be', 80),
(33, 'Shera.Mcbay@me.com', 'Shera Mcbay', 'Trilith', 'male', 'be', 44),
(34, 'Alisha.Garabedian@me.com', 'Alisha Garabedian', 'Youfeed', 'female', 'be', 68),
(35, 'Mariana.Mcbay@gmail.com', 'Mariana Mcbay', 'Agivu', 'male', 'be', 31),
(36, 'Vi.Channell@live.com', 'Vi Channell', 'Skippad', 'male', 'nl', 60),
(37, 'Irene.Speller@xs4all.com', 'Irene Speller', 'Skippad', 'male', 'nl', 49),
(38, 'Malinda.Beem@live.com', 'Malinda Beem', 'Flashset', 'male', 'se', 24),
(39, 'Marti.Lueck@planet.nl', 'Marti Lueck', 'Skimia', 'female', 'be', 40),
(40, 'Mirian.Fuselier@icloud.com', 'Mirian Fuselier', 'Ntag', 'female', 'be', 70),
(41, 'Una.Matthes@icloud.com', 'Una Matthes', 'Buzzdog', 'male', 'de', 35),
(42, 'Janey.Hibbitts@hotmail.com', 'Janey Hibbitts', 'Jabbersphere', 'female', 'se', 75),
(43, 'Werner.Gebhardt@hotmail.com', 'Werner Gebhardt', 'Innotype', 'male', 'be', 24),
(44, 'Cinda.Arocha@gmail.com', 'Cinda Arocha', 'Flashset', 'female', 'be', 47),
(45, 'Celia.Marco@icloud.com', 'Celia Marco', 'Oyonder', 'female', 'nl', 36),
(46, 'Jodee.Dombrowski@live.com', 'Jodee Dombrowski', 'Skiba', 'male', 'se', 77),
(47, 'Alda.Berenbaum@live.com', 'Alda Berenbaum', 'Livetube', 'female', 'de', 32),
(48, 'Anneliese.Dube@xs4all.com', 'Anneliese Dube', 'Blogtag', 'male', 'de', 65),
(49, 'Esta.Groh@gmail.com', 'Esta Groh', 'Chatterbridge', 'female', 'de', 24),
(50, 'Palmira.Keasey@hotmail.com', 'Palmira Keasey', 'Youfeed', 'male', 'nl', 56),
(51, 'Angella.Elston@outlook.com', 'Angella Elston', 'Skippad', 'female', 'nl', 37),
(52, 'Ming.Mccaskey@outlook.com', 'Ming Mccaskey', 'Youspan', 'male', 'de', 51),
(53, 'Johnette.Martines@live.com', 'Johnette Martines', 'Babblestorm', 'male', 'be', 45),
(54, 'Sandi.Younger@xs4all.com', 'Sandi Younger', 'Skippad', 'male', 'se', 27),
(55, 'Carmen.Carriere@me.com', 'Carmen Carriere', 'Youopia', 'female', 'de', 68),
(56, 'Rodger.Ream@xs4all.com', 'Rodger Ream', 'Youopia', 'male', 'se', 18),
(57, 'Pamella.Salvas@hotmail.com', 'Pamella Salvas', 'Linktype', 'female', 'be', 77),
(58, 'Noreen.Dakin@me.com', 'Noreen Dakin', 'Ainyx', 'female', 'nl', 37),
(59, 'Fernande.Scarbrough@hotmail.com', 'Fernande Scarbrough', 'Jatri', 'female', 'be', 35),
(60, 'Sadie.Polich@hotmail.com', 'Sadie Polich', 'Livetube', 'male', 'nl', 25),
(61, 'Ouida.Channell@planet.nl', 'Ouida Channell', 'Skippad', 'female', 'de', 69),
(62, 'Phebe.Picklesimer@outlook.com', 'Phebe Picklesimer', 'Avamm', 'male', 'be', 22),
(63, 'Chu.Kirts@gmail.com', 'Chu Kirts', 'Einti', 'female', 'de', 72),
(64, 'Charlott.Garabedian@icloud.com', 'Charlott Garabedian', 'Ainyx', 'female', 'be', 53),
(65, 'Oliva.Given@hotmail.com', 'Oliva Given', 'Meevee', 'female', 'de', 78),
(66, 'Setsuko.Barco@gmail.com', 'Setsuko Barco', 'Bluezoom', 'male', 'be', 21),
(67, 'Neta.Knuth@live.com', 'Neta Knuth', 'Vinte', 'male', 'be', 65),
(68, 'Mittie.Bray@icloud.com', 'Mittie Bray', 'Skinder', 'male', 'de', 57),
(69, 'Allene.Larrimore@live.com', 'Allene Larrimore', 'Layo', 'female', 'be', 45),
(70, 'Irene.Fitzgibbon@gmail.com', 'Irene Fitzgibbon', 'Einti', 'male', 'de', 45),
(71, 'Lavette.Mcnellis@gmail.com', 'Lavette Mcnellis', 'Katz', 'female', 'de', 60),
(72, 'Toi.Penniman@gmail.com', 'Toi Penniman', 'Flashset', 'female', 'be', 22),
(73, 'Sirena.Smolen@gmail.com', 'Sirena Smolen', 'Skinder', 'male', 'nl', 52),
(74, 'Santiago.Younger@hotmail.com', 'Santiago Younger', 'Youfeed', 'male', 'de', 52),
(75, 'Benton.Wolanski@planet.nl', 'Benton Wolanski', 'Browsedrive', 'male', 'de', 59),
(76, 'Beula.Gowans@outlook.com', 'Beula Gowans', 'Browsetype', 'male', 'nl', 20),
(77, 'Lila.Mattocks@gmail.com', 'Lila Mattocks', 'Centimia', 'male', 'nl', 26),
(78, 'Roman.Fielder@icloud.com', 'Roman Fielder', 'Blogtag', 'male', 'nl', 44),
(79, 'Kai.Loso@me.com', 'Kai Loso', 'Oyonder', 'male', 'de', 62),
(80, 'Sergio.Rousey@xs4all.com', 'Sergio Rousey', 'Blogtag', 'female', 'nl', 44),
(81, 'Bettye.Sumner@hotmail.com', 'Bettye Sumner', 'Babblestorm', 'male', 'se', 25),
(82, 'Alessandra.Garabedian@me.com', 'Alessandra Garabedian', 'Browsedrive', 'male', 'se', 53),
(83, 'Neil.Vanderveer@xs4all.com', 'Neil Vanderveer', 'Mydeo', 'male', 'de', 64),
(84, 'Nakisha.Corpuz@icloud.com', 'Nakisha Corpuz', 'Ainyx', 'female', 'be', 72),
(85, 'Kizzy.Oathout@outlook.com', 'Kizzy Oathout', 'Browsedrive', 'male', 'be', 71),
(86, 'Verda.Boyter@gmail.com', 'Verda Boyter', 'Viva', 'female', 'se', 45),
(87, 'Vasiliki.Didonato@icloud.com', 'Vasiliki Didonato', 'Viva', 'male', 'nl', 73),
(88, 'Beula.Derby@icloud.com', 'Beula Derby', 'Youfeed', 'female', 'de', 69),
(89, 'Keisha.Netter@me.com', 'Keisha Netter', 'Tagtune', 'female', 'be', 55),
(90, 'Sylvia.Kirts@me.com', 'Sylvia Kirts', 'Babblestorm', 'female', 'de', 38),
(91, 'Wonda.Canty@hotmail.com', 'Wonda Canty', 'Skippad', 'male', 'nl', 65),
(92, 'Mitzi.Kroeger@planet.nl', 'Mitzi Kroeger', 'Oyonder', 'male', 'be', 59),
(93, 'Bruno.Dockstader@xs4all.com', 'Bruno Dockstader', 'Buzzdog', 'male', 'nl', 20),
(94, 'Rebbecca.Carriere@hotmail.com', 'Rebbecca Carriere', 'Blogtag', 'female', 'nl', 47),
(95, 'Arnita.Knuth@live.com', 'Arnita Knuth', 'Livetube', 'female', 'be', 44),
(96, 'Mitzi.Kamel@xs4all.com', 'Mitzi Kamel', 'Yoveo', 'female', 'de', 47),
(97, 'Celeste.Given@planet.nl', 'Celeste Given', 'Agivu', 'female', 'se', 56),
(98, 'Mara.Netter@hotmail.com', 'Mara Netter', 'Flashset', 'female', 'nl', 41),
(99, 'Mariel.Polich@hotmail.com', 'Mariel Polich', 'Youspan', 'male', 'de', 25),
(100, 'Twana.Henslee@planet.nl', 'Twana Henslee', 'Skyble', 'female', 'nl', 72),
(101, 'Vi.Vaden@icloud.com', 'Vi Vaden', 'Youfeed', 'female', 'be', 24),
(102, 'Cira.Lueck@live.com', 'Cira Lueck', 'Mydeo', 'female', 'de', 52),
(103, 'Lasandra.Witham@planet.nl', 'Lasandra Witham', 'Youfeed', 'male', 'nl', 40),
(104, 'Keesha.Fulp@me.com', 'Keesha Fulp', 'Vimbo', 'male', 'se', 61),
(105, 'Gertrud.Carvalho@icloud.com', 'Gertrud Carvalho', 'Agivu', 'female', 'de', 40),
(106, 'Vi.Corpuz@gmail.com', 'Vi Corpuz', 'Livetube', 'male', 'be', 19),
(107, 'Pamella.Venegas@icloud.com', 'Pamella Venegas', 'Browsedrive', 'female', 'nl', 23),
(108, 'Jordon.Oathout@planet.nl', 'Jordon Oathout', 'Youfeed', 'male', 'be', 36),
(109, 'Keisha.Frechette@icloud.com', 'Keisha Frechette', 'Ntag', 'female', 'be', 62),
(110, 'Phebe.Blevins@hotmail.com', 'Phebe Blevins', 'Flashset', 'female', 'de', 67),
(111, 'Lavette.Vanscyoc@live.com', 'Lavette Vanscyoc', 'Ntag', 'male', 'de', 45),
(112, 'Mittie.Pender@xs4all.com', 'Mittie Pender', 'Thoughtbridge', 'female', 'se', 61),
(113, 'Mittie.Chipman@outlook.com', 'Mittie Chipman', 'Einti', 'female', 'de', 76),
(114, 'Janita.Doucette@xs4all.com', 'Janita Doucette', 'Skippad', 'male', 'be', 58),
(115, 'Rhea.Smolen@xs4all.com', 'Rhea Smolen', 'Ainyx', 'female', 'nl', 21),
(116, 'Kendrick.Fitzgibbon@live.com', 'Kendrick Fitzgibbon', 'Centimia', 'male', 'se', 31),
(117, 'Renaldo.Knuth@outlook.com', 'Renaldo Knuth', 'Chatterbridge', 'male', 'de', 54),
(118, 'Lila.Nader@hotmail.com', 'Lila Nader', 'Photofeed', 'male', 'de', 69),
(119, 'Sharice.Mcbay@planet.nl', 'Sharice Mcbay', 'Flipstorm', 'female', 'de', 50),
(120, 'Arnetta.Martines@gmail.com', 'Arnetta Martines', 'Vimbo', 'male', 'se', 62),
(121, 'Elmer.Pahl@me.com', 'Elmer Pahl', 'Babblestorm', 'female', 'se', 75),
(122, 'Bruno.Terry@xs4all.com', 'Bruno Terry', 'Skimia', 'female', 'be', 62),
(123, 'Romaine.Sheely@hotmail.com', 'Romaine Sheely', 'Avamm', 'male', 'de', 19),
(124, 'Cinda.Elston@live.com', 'Cinda Elston', 'Mydeo', 'female', 'de', 41),
(125, 'Nakisha.Bray@me.com', 'Nakisha Bray', 'Agivu', 'female', 'se', 65),
(126, 'Palmira.Schaffner@me.com', 'Palmira Schaffner', 'Katz', 'male', 'de', 65),
(127, 'Concha.Vaden@live.com', 'Concha Vaden', 'Mydeo', 'male', 'be', 68),
(128, 'Susana.Burd@xs4all.com', 'Susana Burd', 'Skimia', 'male', 'nl', 61),
(129, 'Bettina.Larrimore@me.com', 'Bettina Larrimore', 'Ainyx', 'male', 'nl', 34),
(130, 'Sylvia.Kirts@xs4all.com', 'Sylvia Kirts', 'Skinder', 'female', 'se', 28),
(131, 'Kimberlie.Merrell@icloud.com', 'Kimberlie Merrell', 'Trilith', 'male', 'de', 66),
(132, 'Angella.Larrimore@icloud.com', 'Angella Larrimore', 'Tagtune', 'female', 'be', 35),
(133, 'Bettye.Schaffner@me.com', 'Bettye Schaffner', 'Yoveo', 'male', 'nl', 73),
(134, 'Lilliam.Cleaves@hotmail.com', 'Lilliam Cleaves', 'Buzzdog', 'female', 'se', 32),
(135, 'Rodrick.Rollman@gmail.com', 'Rodrick Rollman', 'Skinder', 'male', 'be', 76),
(136, 'Gertrud.Calabria@planet.nl', 'Gertrud Calabria', 'Flipstorm', 'male', 'se', 57),
(137, 'Ailene.Tenner@hotmail.com', 'Ailene Tenner', 'Viva', 'female', 'de', 63),
(138, 'Concha.Gasper@live.com', 'Concha Gasper', 'Einti', 'female', 'se', 49),
(139, 'Sirena.Dockstader@me.com', 'Sirena Dockstader', 'Ainyx', 'female', 'de', 61),
(140, 'Kendrick.Pahl@xs4all.com', 'Kendrick Pahl', 'Skyble', 'female', 'de', 70),
(141, 'Tiffaney.Wasilewski@icloud.com', 'Tiffaney Wasilewski', 'Skiba', 'male', 'be', 23),
(142, 'Shera.Wingard@planet.nl', 'Shera Wingard', 'Youspan', 'female', 'nl', 71),
(143, 'Wonda.Fielder@xs4all.com', 'Wonda Fielder', 'Vimbo', 'female', 'be', 29),
(144, 'Irene.Pattillo@icloud.com', 'Irene Pattillo', 'Livetube', 'male', 'be', 58),
(145, 'Miki.Wingard@planet.nl', 'Miki Wingard', 'Einti', 'female', 'se', 22),
(146, 'Tameka.Armistead@live.com', 'Tameka Armistead', 'Livetube', 'male', 'de', 67),
(147, 'Sylvia.Gebhardt@xs4all.com', 'Sylvia Gebhardt', 'Ainyx', 'male', 'nl', 49),
(148, 'Renaldo.Bensinger@xs4all.com', 'Renaldo Bensinger', 'Skippad', 'female', 'de', 76),
(149, 'Malinda.Witham@hotmail.com', 'Malinda Witham', 'Youfeed', 'female', 'se', 78),
(150, 'Clarice.Bourassa@icloud.com', 'Clarice Bourassa', 'Viva', 'male', 'de', 55),
(151, 'Hipolito.Burd@icloud.com', 'Hipolito Burd', 'Youfeed', 'female', 'se', 45),
(152, 'Pok.Picklesimer@xs4all.com', 'Pok Picklesimer', 'Flipstorm', 'male', 'nl', 60),
(153, 'Asuncion.Leith@xs4all.com', 'Asuncion Leith', 'Youfeed', 'male', 'de', 32),
(154, 'Penelope.Kirts@icloud.com', 'Penelope Kirts', 'Youspan', 'male', 'de', 78),
(155, 'Mckenzie.Shoffner@gmail.com', 'Mckenzie Shoffner', 'Browsetype', 'female', 'nl', 39),
(156, 'Zoila.Resendiz@outlook.com', 'Zoila Resendiz', 'Flipstorm', 'female', 'de', 43),
(157, 'Kizzy.Channell@planet.nl', 'Kizzy Channell', 'Trilith', 'female', 'se', 67),
(158, 'Charlie.Lueck@me.com', 'Charlie Lueck', 'Chatterbridge', 'male', 'be', 67),
(159, 'Ninfa.Marco@planet.nl', 'Ninfa Marco', 'Vinte', 'male', 'se', 32),
(160, 'Norene.Kawamura@me.com', 'Norene Kawamura', 'Livetube', 'male', 'be', 36),
(161, 'Colene.Schaffner@xs4all.com', 'Colene Schaffner', 'Photofeed', 'male', 'se', 65),
(162, 'Nevada.Boyter@icloud.com', 'Nevada Boyter', 'Agivu', 'female', 'se', 64),
(163, 'Precious.Scarbrough@xs4all.com', 'Precious Scarbrough', 'Yoveo', 'female', 'se', 40),
(164, 'Verda.Jepsen@me.com', 'Verda Jepsen', 'Skinder', 'female', 'de', 19),
(165, 'Shera.Mizelle@xs4all.com', 'Shera Mizelle', 'Youspan', 'male', 'se', 60),
(166, 'Ouida.Channell@hotmail.com', 'Ouida Channell', 'Trilith', 'female', 'be', 56),
(167, 'Kendrick.Mcbay@hotmail.com', 'Kendrick Mcbay', 'Ntag', 'female', 'be', 26),
(168, 'Evelynn.Woodward@me.com', 'Evelynn Woodward', 'Skippad', 'male', 'se', 25),
(169, 'Teena.Pahl@me.com', 'Teena Pahl', 'Kimia', 'male', 'nl', 62),
(170, 'Oliva.Keasey@outlook.com', 'Oliva Keasey', 'Skyble', 'female', 'be', 28),
(171, 'Phebe.Garabedian@outlook.com', 'Phebe Garabedian', 'Katz', 'male', 'de', 31),
(172, 'Rodrick.Venegas@gmail.com', 'Rodrick Venegas', 'Avamm', 'male', 'de', 53),
(173, 'Leta.Gebhardt@planet.nl', 'Leta Gebhardt', 'Trilith', 'male', 'se', 39),
(174, 'Una.Briscoe@outlook.com', 'Una Briscoe', 'Flashset', 'male', 'de', 62),
(175, 'Miki.Mccaskey@live.com', 'Miki Mccaskey', 'Browsedrive', 'male', 'nl', 51),
(176, 'Basilia.Mcnellis@planet.nl', 'Basilia Mcnellis', 'Flashset', 'male', 'se', 77),
(177, 'Chu.Younger@hotmail.com', 'Chu Younger', 'Skippad', 'female', 'nl', 68),
(178, 'Hui.Tatum@planet.nl', 'Hui Tatum', 'Youspan', 'female', 'be', 68),
(179, 'Mittie.Netter@xs4all.com', 'Mittie Netter', 'Agivu', 'male', 'se', 53),
(180, 'Rhea.Barco@hotmail.com', 'Rhea Barco', 'Innotype', 'male', 'nl', 65),
(181, 'Madalene.Channell@live.com', 'Madalene Channell', 'Layo', 'male', 'nl', 75),
(182, 'Fallon.Jobe@live.com', 'Fallon Jobe', 'Vimbo', 'male', 'be', 25),
(183, 'Kacie.Fuselier@planet.nl', 'Kacie Fuselier', 'Browsedrive', 'male', 'be', 42),
(184, 'Agustina.Tatum@icloud.com', 'Agustina Tatum', 'Skinder', 'female', 'be', 54),
(185, 'Zoila.Monte@planet.nl', 'Zoila Monte', 'Yoveo', 'male', 'de', 21),
(186, 'Charlie.Vaden@live.com', 'Charlie Vaden', 'Agivu', 'female', 'be', 23),
(187, 'Ouida.Oathout@me.com', 'Ouida Oathout', 'Browsedrive', 'female', 'se', 76),
(188, 'Mitzi.Calfee@icloud.com', 'Mitzi Calfee', 'Katz', 'male', 'nl', 39),
(189, 'Margarett.Pattillo@outlook.com', 'Margarett Pattillo', 'Linktype', 'female', 'de', 69),
(190, 'Mitzi.Aguilar@gmail.com', 'Mitzi Aguilar', 'Youspan', 'male', 'de', 25),
(191, 'Mara.Farless@icloud.com', 'Mara Farless', 'Innotype', 'male', 'se', 78),
(192, 'Chantel.Petit@xs4all.com', 'Chantel Petit', 'Blogtag', 'male', 'be', 18),
(193, 'Twana.Sprayberry@me.com', 'Twana Sprayberry', 'Layo', 'female', 'nl', 19),
(194, 'Chang.Berenbaum@xs4all.com', 'Chang Berenbaum', 'Vimbo', 'male', 'be', 76),
(195, 'Roberto.Didonato@planet.nl', 'Roberto Didonato', 'Browsedrive', 'male', 'nl', 70),
(196, 'Chantel.Peacock@hotmail.com', 'Chantel Peacock', 'Meevee', 'male', 'de', 37),
(197, 'Noreen.Dorais@gmail.com', 'Noreen Dorais', 'Thoughtbridge', 'female', 'se', 58),
(198, 'Palmira.Schaffner@hotmail.com', 'Palmira Schaffner', 'Katz', 'male', 'se', 41),
(199, 'Hipolito.Gustafson@outlook.com', 'Hipolito Gustafson', 'Yoveo', 'female', 'be', 55),
(200, 'Neil.Rohan@hotmail.com', 'Neil Rohan', 'Skiba', 'male', 'nl', 33),
(201, 'Sylvia.Heap@outlook.com', 'Sylvia Heap', 'Meevee', 'female', 'be', 58),
(202, 'Edythe.Venegas@hotmail.com', 'Edythe Venegas', 'Oyonder', 'male', 'de', 69),
(203, 'Ailene.Jager@planet.nl', 'Ailene Jager', 'Skimia', 'male', 'be', 34),
(204, 'Bruno.Dakin@planet.nl', 'Bruno Dakin', 'Skippad', 'female', 'se', 45),
(205, 'Madalene.Mcnellis@hotmail.com', 'Madalene Mcnellis', 'Babblestorm', 'female', 'de', 50),
(206, 'Mitzi.Gebhardt@xs4all.com', 'Mitzi Gebhardt', 'Skimia', 'male', 'se', 33),
(207, 'Mariel.Wasilewski@outlook.com', 'Mariel Wasilewski', 'Wikizz', 'female', 'se', 72),
(208, 'Miki.Wolanski@gmail.com', 'Miki Wolanski', 'Lajo', 'female', 'nl', 18),
(209, 'Twana.Loso@planet.nl', 'Twana Loso', 'Jabbersphere', 'male', 'se', 44),
(210, 'Garrett.Knuth@planet.nl', 'Garrett Knuth', 'Yoveo', 'female', 'be', 19),
(211, 'Arnetta.Scarbrough@hotmail.com', 'Arnetta Scarbrough', 'Blogtag', 'female', 'nl', 38),
(212, 'Cinda.Kroeker@icloud.com', 'Cinda Kroeker', 'Jabbersphere', 'female', 'se', 60),
(213, 'Markita.Gunnell@xs4all.com', 'Markita Gunnell', 'Livetube', 'female', 'de', 77),
(214, 'Nakisha.Armistead@gmail.com', 'Nakisha Armistead', 'Vimbo', 'female', 'nl', 46),
(215, 'Fallon.Jobe@xs4all.com', 'Fallon Jobe', 'Thoughtbridge', 'female', 'se', 50),
(216, 'Alisha.Mattocks@planet.nl', 'Alisha Mattocks', 'Youfeed', 'female', 'nl', 40),
(217, 'Pamella.Kinsey@outlook.com', 'Pamella Kinsey', 'Agivu', 'female', 'se', 21),
(218, 'Noreen.Feinberg@xs4all.com', 'Noreen Feinberg', 'Innotype', 'female', 'se', 29),
(219, 'Zoila.Walther@live.com', 'Zoila Walther', 'Livetube', 'male', 'nl', 24),
(220, 'Milly.Heap@hotmail.com', 'Milly Heap', 'Skyble', 'female', 'be', 78),
(221, 'Lona.Gasper@gmail.com', 'Lona Gasper', 'Layo', 'male', 'be', 21),
(222, 'Ninfa.Larrimore@outlook.com', 'Ninfa Larrimore', 'Einti', 'male', 'nl', 50),
(223, 'Ouida.Vanscyoc@xs4all.com', 'Ouida Vanscyoc', 'Innotype', 'female', 'be', 27),
(224, 'Lani.Dockstader@gmail.com', 'Lani Dockstader', 'Yoveo', 'female', 'nl', 74),
(225, 'Julieta.Mccaskey@icloud.com', 'Julieta Mccaskey', 'Cogidoo', 'female', 'de', 56),
(226, 'Shera.Seybert@outlook.com', 'Shera Seybert', 'Buzzdog', 'male', 'nl', 71),
(227, 'Allene.Henslee@hotmail.com', 'Allene Henslee', 'Innotype', 'male', 'se', 46),
(228, 'Rodrick.Garabedian@icloud.com', 'Rodrick Garabedian', 'Youspan', 'female', 'be', 74),
(229, 'Usha.Baber@outlook.com', 'Usha Baber', 'Meevee', 'male', 'be', 61),
(230, 'Basilia.Bensinger@icloud.com', 'Basilia Bensinger', 'Cogidoo', 'female', 'nl', 57),
(231, 'Britany.Monte@icloud.com', 'Britany Monte', 'Jatri', 'female', 'de', 32),
(232, 'Esta.Edelen@hotmail.com', 'Esta Edelen', 'Browsetype', 'female', 'se', 68),
(233, 'Pearline.Fulp@planet.nl', 'Pearline Fulp', 'Jatri', 'female', 'se', 46),
(234, 'Izola.Jain@planet.nl', 'Izola Jain', 'Youopia', 'female', 'de', 23),
(235, 'Kacie.Mattocks@outlook.com', 'Kacie Mattocks', 'Mydeo', 'male', 'de', 70),
(236, 'Setsuko.Salvas@hotmail.com', 'Setsuko Salvas', 'Linktype', 'male', 'be', 43),
(237, 'Donnetta.Wurth@live.com', 'Donnetta Wurth', 'Layo', 'male', 'de', 38),
(238, 'Neil.Mcbay@xs4all.com', 'Neil Mcbay', 'Skippad', 'male', 'de', 35),
(239, 'Zoila.Rollman@icloud.com', 'Zoila Rollman', 'Livetube', 'male', 'be', 39),
(240, 'Syble.Kneip@me.com', 'Syble Kneip', 'Yoveo', 'female', 'be', 67),
(241, 'Phebe.Doucette@gmail.com', 'Phebe Doucette', 'Layo', 'male', 'se', 68),
(242, 'Davida.Kneip@live.com', 'Davida Kneip', 'Wikizz', 'female', 'nl', 25),
(243, 'Toi.Heier@planet.nl', 'Toi Heier', 'Youopia', 'female', 'nl', 25),
(244, 'Judi.Jepsen@gmail.com', 'Judi Jepsen', 'Skimia', 'female', 'be', 72),
(245, 'Wei.Tenner@icloud.com', 'Wei Tenner', 'Tagtune', 'female', 'de', 74),
(246, 'Hershel.Mcbay@hotmail.com', 'Hershel Mcbay', 'Browsedrive', 'male', 'be', 73),
(247, 'Denice.Fuselier@gmail.com', 'Denice Fuselier', 'Babblestorm', 'female', 'se', 42),
(248, 'Tiffaney.Picklesimer@gmail.com', 'Tiffaney Picklesimer', 'Jabbersphere', 'female', 'nl', 73),
(249, 'Cira.Matthes@live.com', 'Cira Matthes', 'Jabbersphere', 'male', 'nl', 31),
(250, 'Ailene.Atchley@me.com', 'Ailene Atchley', 'Ntag', 'male', 'se', 19),
(251, 'Concha.Atchley@hotmail.com', 'Concha Atchley', 'Browsedrive', 'male', 'de', 47),
(252, 'Zana.Mattocks@planet.nl', 'Zana Mattocks', 'Jabbersphere', 'female', 'se', 41),
(253, 'Teena.Chipman@planet.nl', 'Teena Chipman', 'Bluezoom', 'male', 'be', 19),
(254, 'Irene.Martines@live.com', 'Irene Martines', 'Buzzdog', 'female', 'se', 62),
(255, 'Kai.Lighty@me.com', 'Kai Lighty', 'Skyble', 'male', 'se', 74),
(256, 'Vi.Gasper@planet.nl', 'Vi Gasper', 'Thoughtbridge', 'female', 'de', 61),
(257, 'Madalene.Carriere@planet.nl', 'Madalene Carriere', 'Blogtag', 'male', 'nl', 22),
(258, 'Milly.Jain@me.com', 'Milly Jain', 'Blogtag', 'male', 'de', 30),
(259, 'Ming.Martines@live.com', 'Ming Martines', 'Jabbersphere', 'male', 'nl', 67),
(260, 'Hiram.Seybert@planet.nl', 'Hiram Seybert', 'Skinder', 'male', 'de', 34),
(261, 'Robbie.Doner@xs4all.com', 'Robbie Doner', 'Oozz', 'male', 'de', 56),
(262, 'Cinda.Grosso@hotmail.com', 'Cinda Grosso', 'Skinder', 'female', 'be', 79),
(263, 'Usha.Melton@icloud.com', 'Usha Melton', 'Babblestorm', 'male', 'be', 22),
(264, 'Edra.Corpuz@me.com', 'Edra Corpuz', 'Kimia', 'male', 'de', 50),
(265, 'Zoila.Grunewald@xs4all.com', 'Zoila Grunewald', 'Tagtune', 'female', 'de', 19),
(266, 'Neil.Blumenthal@me.com', 'Neil Blumenthal', 'Ainyx', 'male', 'se', 61),
(267, 'Basilia.Tillotson@xs4all.com', 'Basilia Tillotson', 'Meevee', 'female', 'se', 51),
(268, 'Tiffaney.Oathout@outlook.com', 'Tiffaney Oathout', 'Oozz', 'male', 'nl', 24),
(269, 'Machelle.Armstead@planet.nl', 'Machelle Armstead', 'Jatri', 'male', 'de', 57),
(270, 'Usha.Lueck@hotmail.com', 'Usha Lueck', 'Youspan', 'male', 'be', 68),
(271, 'Donnetta.Gallant@hotmail.com', 'Donnetta Gallant', 'Kimia', 'male', 'be', 30),
(272, 'Dalila.Leith@outlook.com', 'Dalila Leith', 'Tagtune', 'male', 'de', 77),
(273, 'Providencia.Wurth@xs4all.com', 'Providencia Wurth', 'Linktype', 'male', 'nl', 31),
(274, 'Kendrick.Larrimore@hotmail.com', 'Kendrick Larrimore', 'Skyble', 'male', 'de', 28),
(275, 'Mitzi.Eisenmann@live.com', 'Mitzi Eisenmann', 'Skinder', 'female', 'be', 57),
(276, 'Setsuko.Baber@planet.nl', 'Setsuko Baber', 'Blogtag', 'male', 'nl', 38),
(277, 'Pamella.Bourassa@live.com', 'Pamella Bourassa', 'Lajo', 'female', 'se', 32),
(278, 'Bettye.Nader@live.com', 'Bettye Nader', 'Jatri', 'male', 'de', 36),
(279, 'Celeste.Heier@icloud.com', 'Celeste Heier', 'Thoughtbridge', 'male', 'be', 55),
(280, 'Wilber.Lueck@hotmail.com', 'Wilber Lueck', 'Centimia', 'male', 'de', 80),
(281, 'Evelynn.Segundo@gmail.com', 'Evelynn Segundo', 'Avamm', 'female', 'nl', 32),
(282, 'Britany.Wolanski@hotmail.com', 'Britany Wolanski', 'Centimia', 'male', 'nl', 76),
(283, 'Celestina.Larrimore@icloud.com', 'Celestina Larrimore', 'Skippad', 'female', 'nl', 67),
(284, 'Rodrick.Scarbrough@live.com', 'Rodrick Scarbrough', 'Ntag', 'male', 'nl', 47),
(285, 'Sylvia.Sprayberry@live.com', 'Sylvia Sprayberry', 'Youfeed', 'male', 'nl', 18),
(286, 'Sadie.Blevins@planet.nl', 'Sadie Blevins', 'Agivu', 'female', 'nl', 31),
(287, 'Fallon.Vanderveer@live.com', 'Fallon Vanderveer', 'Mydeo', 'male', 'se', 62),
(288, 'Garrett.Wolanski@hotmail.com', 'Garrett Wolanski', 'Ainyx', 'male', 'de', 55),
(289, 'Irene.Gebhardt@icloud.com', 'Irene Gebhardt', 'Vinte', 'female', 'be', 23),
(290, 'Tessa.Martines@live.com', 'Tessa Martines', 'Agivu', 'female', 'nl', 71),
(291, 'Bill.Dockstader@me.com', 'Bill Dockstader', 'Linktype', 'female', 'be', 28),
(292, 'Essie.Wingard@xs4all.com', 'Essie Wingard', 'Lajo', 'male', 'nl', 75),
(293, 'Mariana.Mattocks@xs4all.com', 'Mariana Mattocks', 'Skimia', 'male', 'be', 40),
(294, 'Clarice.Elston@live.com', 'Clarice Elston', 'Trilith', 'female', 'de', 22),
(295, 'Ailene.Blumenthal@gmail.com', 'Ailene Blumenthal', 'Lajo', 'female', 'nl', 68),
(296, 'Merideth.Fielder@hotmail.com', 'Merideth Fielder', 'Trilith', 'male', 'se', 56),
(297, 'Kai.Resendiz@icloud.com', 'Kai Resendiz', 'Centimia', 'female', 'nl', 48),
(298, 'Twanda.Tillotson@icloud.com', 'Twanda Tillotson', 'Browsedrive', 'female', 'se', 60),
(299, 'Buford.Pahl@xs4all.com', 'Buford Pahl', 'Einti', 'male', 'se', 23),
(300, 'Carolyn.Corpuz@live.com', 'Carolyn Corpuz', 'Kimia', 'male', 'de', 51),
(301, 'Sharice.Henslee@live.com', 'Sharice Henslee', 'Einti', 'female', 'de', 40),
(302, 'Trudie.Bourassa@planet.nl', 'Trudie Bourassa', 'Vinte', 'male', 'nl', 51),
(303, 'Thu.Seawell@me.com', 'Thu Seawell', 'Browsedrive', 'female', 'be', 56),
(304, 'Ming.Given@planet.nl', 'Ming Given', 'Vinte', 'male', 'se', 30),
(305, 'Cheri.Tillotson@gmail.com', 'Cheri Tillotson', 'Oozz', 'female', 'be', 30),
(306, 'Chu.Witmer@live.com', 'Chu Witmer', 'Youspan', 'male', 'be', 62),
(307, 'Isis.Ream@live.com', 'Isis Ream', 'Ainyx', 'male', 'de', 70),
(308, 'Chu.Walther@hotmail.com', 'Chu Walther', 'Jabbersphere', 'female', 'nl', 27),
(309, 'Kendrick.Blevins@live.com', 'Kendrick Blevins', 'Vimbo', 'female', 'se', 59),
(310, 'Irish.Salvas@gmail.com', 'Irish Salvas', 'Browsetype', 'female', 'se', 46),
(311, 'Zana.Oathout@xs4all.com', 'Zana Oathout', 'Jatri', 'male', 'be', 68),
(312, 'Ramonita.Mattocks@me.com', 'Ramonita Mattocks', 'Lajo', 'male', 'se', 64),
(313, 'Lilliam.Aguilar@live.com', 'Lilliam Aguilar', 'Centimia', 'female', 'be', 62),
(314, 'Antony.Mccampbell@live.com', 'Antony Mccampbell', 'Youspan', 'male', 'se', 29),
(315, 'Robbie.Demark@xs4all.com', 'Robbie Demark', 'Blogtag', 'male', 'se', 68),
(316, 'Fallon.Feinberg@xs4all.com', 'Fallon Feinberg', 'Livetube', 'male', 'de', 77),
(317, 'Boyce.Orear@outlook.com', 'Boyce Orear', 'Jatri', 'male', 'nl', 65),
(318, 'Anthony.Blevins@xs4all.com', 'Anthony Blevins', 'Ntag', 'male', 'se', 24),
(319, 'Providencia.Sumner@outlook.com', 'Providencia Sumner', 'Mydeo', 'female', 'nl', 39),
(320, 'Hipolito.Dube@planet.nl', 'Hipolito Dube', 'Youopia', 'female', 'nl', 78),
(321, 'Roman.Seawell@outlook.com', 'Roman Seawell', 'Livetube', 'male', 'de', 77),
(322, 'Providencia.Mattocks@icloud.com', 'Providencia Mattocks', 'Skimia', 'female', 'de', 34),
(323, 'Phebe.Heap@me.com', 'Phebe Heap', 'Flashset', 'male', 'de', 26),
(324, 'Chantel.Monte@xs4all.com', 'Chantel Monte', 'Skinder', 'male', 'be', 28),
(325, 'Kacie.Peacock@gmail.com', 'Kacie Peacock', 'Linktype', 'female', 'nl', 78),
(326, 'Esta.Schaffner@gmail.com', 'Esta Schaffner', 'Vinte', 'female', 'nl', 62),
(327, 'Ninfa.Walther@live.com', 'Ninfa Walther', 'Cogidoo', 'male', 'be', 37),
(328, 'Providencia.Atchley@xs4all.com', 'Providencia Atchley', 'Centimia', 'female', 'de', 24),
(329, 'Rebbecca.Keasey@outlook.com', 'Rebbecca Keasey', 'Skyble', 'male', 'de', 23),
(330, 'Jordon.Points@outlook.com', 'Jordon Points', 'Centimia', 'female', 'de', 37),
(331, 'Julieta.Callahan@me.com', 'Julieta Callahan', 'Skiba', 'male', 'be', 48),
(332, 'Susana.Keasey@planet.nl', 'Susana Keasey', 'Chatterbridge', 'female', 'be', 51),
(333, 'Roberto.Pattillo@gmail.com', 'Roberto Pattillo', 'Flashset', 'female', 'de', 74),
(334, 'Firstnames.Resendiz@hotmail.com', 'Firstnames Resendiz', 'Yoveo', 'male', 'de', 63),
(335, 'Ashley.Polich@hotmail.com', 'Ashley Polich', 'Jatri', 'female', 'se', 67),
(336, 'Mariana.Sprayberry@outlook.com', 'Mariana Sprayberry', 'Centimia', 'male', 'de', 34),
(337, 'Kendrick.Lighty@icloud.com', 'Kendrick Lighty', 'Oyonder', 'male', 'be', 18),
(338, 'Markita.Heier@live.com', 'Markita Heier', 'Flashset', 'female', 'nl', 25),
(339, 'Sylvia.Callahan@live.com', 'Sylvia Callahan', 'Ainyx', 'female', 'de', 74),
(340, 'Wei.Nader@me.com', 'Wei Nader', 'Innotype', 'male', 'be', 56),
(341, 'Doloris.Jager@gmail.com', 'Doloris Jager', 'Youfeed', 'female', 'se', 34),
(342, 'Twanda.Doucette@hotmail.com', 'Twanda Doucette', 'Oyonder', 'male', 'de', 78),
(343, 'Tessa.Jager@gmail.com', 'Tessa Jager', 'Youopia', 'male', 'se', 34),
(344, 'Yasmine.Sumner@live.com', 'Yasmine Sumner', 'Browsedrive', 'male', 'nl', 45),
(345, 'Edythe.Virgil@gmail.com', 'Edythe Virgil', 'Wikizz', 'male', 'se', 47),
(346, 'Leta.Penniman@planet.nl', 'Leta Penniman', 'Mydeo', 'female', 'de', 32),
(347, 'Miki.Blumenthal@planet.nl', 'Miki Blumenthal', 'Youfeed', 'female', 'nl', 61),
(348, 'Kendrick.Monte@gmail.com', 'Kendrick Monte', 'Youspan', 'male', 'de', 63),
(349, 'Arnita.Speller@hotmail.com', 'Arnita Speller', 'Einti', 'female', 'se', 70),
(350, 'Hui.Larrimore@me.com', 'Hui Larrimore', 'Skippad', 'male', 'be', 46),
(351, 'Ailene.Calfee@hotmail.com', 'Ailene Calfee', 'Buzzdog', 'male', 'nl', 32),
(352, 'Tameka.Wurth@gmail.com', 'Tameka Wurth', 'Viva', 'female', 'nl', 53),
(353, 'Susana.Wingard@me.com', 'Susana Wingard', 'Youfeed', 'female', 'de', 60),
(354, 'Arnetta.Salvas@me.com', 'Arnetta Salvas', 'Browsedrive', 'female', 'be', 35),
(355, 'Trisha.Rollman@gmail.com', 'Trisha Rollman', 'Bluezoom', 'female', 'nl', 46),
(356, 'Gertrud.Kamel@outlook.com', 'Gertrud Kamel', 'Flashset', 'female', 'se', 30),
(357, 'Penelope.Chipman@icloud.com', 'Penelope Chipman', 'Yoveo', 'female', 'se', 31),
(358, 'Lilliam.Dorais@planet.nl', 'Lilliam Dorais', 'Skiba', 'male', 'de', 48),
(359, 'Ouida.Rohan@icloud.com', 'Ouida Rohan', 'Skimia', 'female', 'de', 53),
(360, 'Cris.Calfee@hotmail.com', 'Cris Calfee', 'Skippad', 'male', 'de', 66),
(361, 'Doloris.Grunewald@outlook.com', 'Doloris Grunewald', 'Flashset', 'male', 'be', 65),
(362, 'Hiram.Barco@live.com', 'Hiram Barco', 'Buzzdog', 'male', 'de', 79),
(363, 'Tessa.Mccampbell@planet.nl', 'Tessa Mccampbell', 'Jabbersphere', 'female', 'be', 35),
(364, 'Setsuko.Derby@me.com', 'Setsuko Derby', 'Blogtag', 'female', 'be', 74),
(365, 'Ramonita.Ream@planet.nl', 'Ramonita Ream', 'Vinte', 'male', 'se', 60),
(366, 'Evelynn.Boyter@hotmail.com', 'Evelynn Boyter', 'Layo', 'male', 'be', 45),
(367, 'Ming.Jager@gmail.com', 'Ming Jager', 'Avamm', 'female', 'nl', 32),
(368, 'Fernande.Walther@gmail.com', 'Fernande Walther', 'Youspan', 'female', 'nl', 39),
(369, 'Hershel.Gunnell@icloud.com', 'Hershel Gunnell', 'Linktype', 'male', 'nl', 67),
(370, 'Colene.Aguilar@xs4all.com', 'Colene Aguilar', 'Photofeed', 'male', 'nl', 77),
(371, 'Basilia.Doucette@me.com', 'Basilia Doucette', 'Youfeed', 'female', 'be', 60),
(372, 'Britany.Terry@live.com', 'Britany Terry', 'Layo', 'female', 'be', 79),
(373, 'Mariana.Atchley@xs4all.com', 'Mariana Atchley', 'Skiba', 'female', 'nl', 37),
(374, 'Vi.Burd@planet.nl', 'Vi Burd', 'Vimbo', 'male', 'nl', 67),
(375, 'Fernande.Buechner@hotmail.com', 'Fernande Buechner', 'Wikizz', 'male', 'de', 66),
(376, 'Irene.Lighty@hotmail.com', 'Irene Lighty', 'Skiba', 'male', 'be', 28),
(377, 'Lanell.Seawell@planet.nl', 'Lanell Seawell', 'Tagtune', 'female', 'de', 26),
(378, 'Werner.Vanderveer@gmail.com', 'Werner Vanderveer', 'Tagtune', 'male', 'be', 30),
(379, 'Georgann.Tropea@hotmail.com', 'Georgann Tropea', 'Thoughtbridge', 'female', 'nl', 61),
(380, 'Hershel.Nader@hotmail.com', 'Hershel Nader', 'Browsetype', 'female', 'de', 53),
(381, 'Margurite.Mauricio@me.com', 'Margurite Mauricio', 'Chatterbridge', 'female', 'se', 36),
(382, 'Nevada.Armistead@xs4all.com', 'Nevada Armistead', 'Babblestorm', 'male', 'se', 39),
(383, 'Alisha.Calfee@hotmail.com', 'Alisha Calfee', 'Agivu', 'male', 'be', 63),
(384, 'Tessa.Corpuz@icloud.com', 'Tessa Corpuz', 'Mydeo', 'female', 'nl', 37),
(385, 'Bill.Hibbitts@hotmail.com', 'Bill Hibbitts', 'Youfeed', 'female', 'nl', 79),
(386, 'Cortez.Tillotson@outlook.com', 'Cortez Tillotson', 'Livetube', 'male', 'de', 29),
(387, 'Ailene.Demark@gmail.com', 'Ailene Demark', 'Mydeo', 'female', 'be', 30),
(388, 'Ailene.Fielder@live.com', 'Ailene Fielder', 'Linktype', 'male', 'nl', 49),
(389, 'Kacie.Gowans@outlook.com', 'Kacie Gowans', 'Photofeed', 'male', 'de', 62),
(390, 'Amberly.Mcnellis@me.com', 'Amberly Mcnellis', 'Flashset', 'male', 'be', 55),
(391, 'Bettye.Blumenthal@live.com', 'Bettye Blumenthal', 'Layo', 'male', 'be', 33),
(392, 'Kimberlie.Dressler@me.com', 'Kimberlie Dressler', 'Chatterbridge', 'female', 'se', 24),
(393, 'Chantel.Picklesimer@planet.nl', 'Chantel Picklesimer', 'Jabbersphere', 'female', 'de', 22),
(394, 'Hiram.Dressler@planet.nl', 'Hiram Dressler', 'Flipstorm', 'female', 'se', 73),
(395, 'Janita.Kamel@me.com', 'Janita Kamel', 'Buzzdog', 'female', 'de', 61),
(396, 'Machelle.Rohan@hotmail.com', 'Machelle Rohan', 'Kimia', 'female', 'nl', 65),
(397, 'Rodger.Buechner@hotmail.com', 'Rodger Buechner', 'Skiba', 'female', 'se', 77),
(398, 'Anthony.Garabedian@planet.nl', 'Anthony Garabedian', 'Ainyx', 'female', 'nl', 74),
(399, 'Verda.Sheely@xs4all.com', 'Verda Sheely', 'Chatterbridge', 'male', 'de', 26),
(400, 'Lanell.Heier@planet.nl', 'Lanell Heier', 'Oyonder', 'male', 'nl', 29),
(401, 'Cira.Bray@gmail.com', 'Cira Bray', 'Meevee', 'male', 'de', 25),
(402, 'Sylvia.Wolanski@hotmail.com', 'Sylvia Wolanski', 'Katz', 'male', 'be', 21),
(403, 'Yasmine.Gustafson@icloud.com', 'Yasmine Gustafson', 'Einti', 'female', 'de', 47),
(404, 'Cristine.Pattillo@icloud.com', 'Cristine Pattillo', 'Linktype', 'female', 'de', 51),
(405, 'Rebbecca.Bensinger@me.com', 'Rebbecca Bensinger', 'Kimia', 'female', 'de', 48),
(406, 'Julieta.Burd@gmail.com', 'Julieta Burd', 'Mydeo', 'male', 'be', 63),
(407, 'Bettina.Demark@live.com', 'Bettina Demark', 'Meevee', 'female', 'se', 61),
(408, 'Deloise.Edelen@live.com', 'Deloise Edelen', 'Vinte', 'female', 'se', 61),
(409, 'Precious.Arocha@hotmail.com', 'Precious Arocha', 'Flipstorm', 'female', 'de', 60),
(410, 'Mariel.Peacock@hotmail.com', 'Mariel Peacock', 'Mydeo', 'female', 'be', 26),
(411, 'Fernande.Garabedian@me.com', 'Fernande Garabedian', 'Katz', 'male', 'nl', 49),
(412, 'Janita.Mirando@planet.nl', 'Janita Mirando', 'Skiba', 'female', 'se', 41),
(413, 'Arnita.Jepsen@icloud.com', 'Arnita Jepsen', 'Lajo', 'female', 'se', 35),
(414, 'Hershel.Grosso@xs4all.com', 'Hershel Grosso', 'Browsedrive', 'female', 'de', 20),
(415, 'Britany.Frechette@live.com', 'Britany Frechette', 'Layo', 'male', 'se', 52),
(416, 'Mirian.Heap@xs4all.com', 'Mirian Heap', 'Youspan', 'male', 'nl', 22),
(417, 'Benton.Kneip@hotmail.com', 'Benton Kneip', 'Innotype', 'male', 'be', 22),
(418, 'Julieta.Biros@icloud.com', 'Julieta Biros', 'Wikizz', 'female', 'nl', 41),
(419, 'Wonda.Calabria@me.com', 'Wonda Calabria', 'Livetube', 'male', 'nl', 72),
(420, 'Madalene.Kneip@outlook.com', 'Madalene Kneip', 'Youfeed', 'female', 'be', 25),
(421, 'Edra.Mauricio@gmail.com', 'Edra Mauricio', 'Trilith', 'male', 'se', 45),
(422, 'Colene.Dorais@planet.nl', 'Colene Dorais', 'Babblestorm', 'female', 'be', 73),
(423, 'Carmen.Tenner@icloud.com', 'Carmen Tenner', 'Oyonder', 'female', 'se', 63),
(424, 'Concha.Wingard@me.com', 'Concha Wingard', 'Skippad', 'male', 'se', 45),
(425, 'Anneliese.Kawamura@hotmail.com', 'Anneliese Kawamura', 'Ntag', 'male', 'nl', 41),
(426, 'Zoila.Burd@live.com', 'Zoila Burd', 'Skinder', 'male', 'be', 25),
(427, 'Rebbecca.Cannaday@live.com', 'Rebbecca Cannaday', 'Ainyx', 'male', 'de', 56),
(428, 'Keesha.Monte@outlook.com', 'Keesha Monte', 'Photofeed', 'female', 'nl', 40),
(429, 'Queen.Grosso@outlook.com', 'Queen Grosso', 'Jatri', 'female', 'de', 64),
(430, 'Cinda.Vaden@hotmail.com', 'Cinda Vaden', 'Flashset', 'female', 'de', 60),
(431, 'Antony.Leith@me.com', 'Antony Leith', 'Trilith', 'female', 'de', 44),
(432, 'Teena.Arocha@planet.nl', 'Teena Arocha', 'Lajo', 'male', 'nl', 39),
(433, 'Syble.Petit@live.com', 'Syble Petit', 'Ainyx', 'male', 'nl', 37),
(434, 'Kendal.Blevins@gmail.com', 'Kendal Blevins', 'Livetube', 'male', 'de', 73),
(435, 'Celia.Pender@icloud.com', 'Celia Pender', 'Photofeed', 'female', 'de', 45),
(436, 'Irene.Tenner@xs4all.com', 'Irene Tenner', 'Vimbo', 'male', 'se', 26),
(437, 'Robbie.Pender@live.com', 'Robbie Pender', 'Yoveo', 'male', 'be', 50),
(438, 'Lasandra.Woodward@xs4all.com', 'Lasandra Woodward', 'Skippad', 'male', 'de', 43),
(439, 'Pearline.Fitzgibbon@gmail.com', 'Pearline Fitzgibbon', 'Skyble', 'female', 'se', 69),
(440, 'Toi.Carriere@live.com', 'Toi Carriere', 'Lajo', 'male', 'nl', 25),
(441, 'Janita.Gunnell@hotmail.com', 'Janita Gunnell', 'Blogtag', 'male', 'de', 48),
(442, 'Anthony.Merrell@gmail.com', 'Anthony Merrell', 'Avamm', 'male', 'de', 63),
(443, 'Judi.Harder@outlook.com', 'Judi Harder', 'Ntag', 'male', 'nl', 80),
(444, 'Wilber.Gall@icloud.com', 'Wilber Gall', 'Oyonder', 'male', 'nl', 49),
(445, 'Esta.Polich@live.com', 'Esta Polich', 'Meevee', 'male', 'se', 52),
(446, 'Anthony.Aguilar@planet.nl', 'Anthony Aguilar', 'Agivu', 'female', 'de', 47),
(447, 'Hipolito.Merrell@me.com', 'Hipolito Merrell', 'Thoughtbridge', 'male', 'nl', 38),
(448, 'Garrett.Tropea@hotmail.com', 'Garrett Tropea', 'Vimbo', 'female', 'se', 24),
(449, 'Mirian.Ream@me.com', 'Mirian Ream', 'Vimbo', 'male', 'nl', 73),
(450, 'Wonda.Grunewald@hotmail.com', 'Wonda Grunewald', 'Livetube', 'female', 'de', 36),
(451, 'Agustina.Gallant@me.com', 'Agustina Gallant', 'Babblestorm', 'female', 'be', 22),
(452, 'Irish.Burd@xs4all.com', 'Irish Burd', 'Livetube', 'female', 'be', 50),
(453, 'Janita.Wolanski@me.com', 'Janita Wolanski', 'Layo', 'female', 'se', 31),
(454, 'Edra.Marco@me.com', 'Edra Marco', 'Skimia', 'female', 'de', 72),
(455, 'Izola.Polich@me.com', 'Izola Polich', 'Jabbersphere', 'male', 'be', 54),
(456, 'Lona.Blevins@hotmail.com', 'Lona Blevins', 'Chatterbridge', 'female', 'se', 75),
(457, 'Alessandra.Witham@planet.nl', 'Alessandra Witham', 'Skyble', 'male', 'be', 35),
(458, 'Amberly.Dombrowski@icloud.com', 'Amberly Dombrowski', 'Ntag', 'female', 'de', 51),
(459, 'Verda.Mccampbell@planet.nl', 'Verda Mccampbell', 'Babblestorm', 'male', 'se', 70),
(460, 'Charlott.Arocha@planet.nl', 'Charlott Arocha', 'Browsetype', 'female', 'se', 46),
(461, 'Setsuko.Kneip@live.com', 'Setsuko Kneip', 'Trilith', 'female', 'nl', 18),
(462, 'Marti.Scarbrough@live.com', 'Marti Scarbrough', 'Skyble', 'male', 'nl', 76),
(463, 'Toi.Gustafson@outlook.com', 'Toi Gustafson', 'Innotype', 'female', 'de', 22),
(464, 'Susana.Venegas@me.com', 'Susana Venegas', 'Vimbo', 'female', 'de', 59),
(465, 'Jodee.Bray@me.com', 'Jodee Bray', 'Livetube', 'male', 'nl', 36),
(466, 'Arnita.Armistead@outlook.com', 'Arnita Armistead', 'Browsetype', 'male', 'de', 25),
(467, 'Cheri.Gebhardt@gmail.com', 'Cheri Gebhardt', 'Youfeed', 'male', 'de', 45),
(468, 'Vasiliki.Mccampbell@live.com', 'Vasiliki Mccampbell', 'Oyonder', 'male', 'nl', 60),
(469, 'Fernande.Scarbrough@outlook.com', 'Fernande Scarbrough', 'Yoveo', 'male', 'nl', 73),
(470, 'Wonda.Woodward@me.com', 'Wonda Woodward', 'Youspan', 'female', 'nl', 51),
(471, 'Alisha.Younger@xs4all.com', 'Alisha Younger', 'Mydeo', 'male', 'de', 44),
(472, 'Beula.Merrell@gmail.com', 'Beula Merrell', 'Bluezoom', 'female', 'nl', 76),
(473, 'Elba.Dorais@live.com', 'Elba Dorais', 'Flashset', 'male', 'nl', 57),
(474, 'Neta.Beem@planet.nl', 'Neta Beem', 'Mydeo', 'female', 'de', 31),
(475, 'Hipolito.Feinberg@live.com', 'Hipolito Feinberg', 'Babblestorm', 'male', 'be', 40),
(476, 'Denice.Patti@outlook.com', 'Denice Patti', 'Livetube', 'male', 'nl', 56),
(477, 'Kizzy.Arocha@xs4all.com', 'Kizzy Arocha', 'Photofeed', 'female', 'de', 23),
(478, 'Rhea.Sumner@gmail.com', 'Rhea Sumner', 'Kimia', 'male', 'se', 76),
(479, 'Susana.Walther@outlook.com', 'Susana Walther', 'Vinte', 'male', 'nl', 22),
(480, 'Colene.Lighty@me.com', 'Colene Lighty', 'Flashset', 'female', 'se', 75),
(481, 'Thu.Jobe@outlook.com', 'Thu Jobe', 'Centimia', 'female', 'de', 38),
(482, 'Thu.Wasilewski@planet.nl', 'Thu Wasilewski', 'Skippad', 'male', 'de', 40),
(483, 'Kacie.Jepsen@hotmail.com', 'Kacie Jepsen', 'Babblestorm', 'female', 'be', 50),
(484, 'Carmen.Baber@gmail.com', 'Carmen Baber', 'Browsedrive', 'male', 'be', 28),
(485, 'Antony.Osterman@gmail.com', 'Antony Osterman', 'Meevee', 'male', 'de', 25),
(486, 'Jamar.Rousey@icloud.com', 'Jamar Rousey', 'Livetube', 'male', 'se', 31),
(487, 'Mariana.Resendiz@gmail.com', 'Mariana Resendiz', 'Trilith', 'female', 'be', 64),
(488, 'Jannet.Didonato@icloud.com', 'Jannet Didonato', 'Youfeed', 'female', 'se', 25),
(489, 'Wei.Edelen@outlook.com', 'Wei Edelen', 'Wikizz', 'female', 'nl', 35),
(490, 'Julieta.Tatum@live.com', 'Julieta Tatum', 'Buzzdog', 'male', 'be', 44),
(491, 'Judi.Fielder@planet.nl', 'Judi Fielder', 'Viva', 'female', 'be', 75),
(492, 'Mara.Mizelle@outlook.com', 'Mara Mizelle', 'Babblestorm', 'male', 'se', 47),
(493, 'Noreen.Oathout@gmail.com', 'Noreen Oathout', 'Youfeed', 'female', 'de', 31),
(494, 'Rebbecca.Skyles@live.com', 'Rebbecca Skyles', 'Avamm', 'male', 'de', 63),
(495, 'Miki.Gall@me.com', 'Miki Gall', 'Vinte', 'male', 'nl', 31),
(496, 'Doloris.Carvalho@outlook.com', 'Doloris Carvalho', 'Cogidoo', 'female', 'se', 40),
(497, 'Santiago.Fuselier@xs4all.com', 'Santiago Fuselier', 'Yoveo', 'male', 'de', 66),
(498, 'Virgie.Dakin@me.com', 'Virgie Dakin', 'Bluezoom', 'male', 'de', 40),
(499, 'Cortez.Dombrowski@gmail.com', 'Cortez Dombrowski', 'Youspan', 'female', 'nl', 44),
(500, 'Grant.Wingard@live.com', 'Grant Wingard', 'Yoveo', 'female', 'se', 48),
(501, 'Jodee.Harder@me.com', 'Jodee Harder', 'Linktype', 'male', 'be', 68),
(502, 'Isis.Mccaskey@me.com', 'Isis Mccaskey', 'Vinte', 'male', 'se', 55),
(503, 'Johnette.Schaffner@live.com', 'Johnette Schaffner', 'Oyonder', 'female', 'nl', 30),
(504, 'Miyoko.Pender@live.com', 'Miyoko Pender', 'Oozz', 'female', 'se', 32),
(505, 'Mittie.Hibbitts@hotmail.com', 'Mittie Hibbitts', 'Chatterbridge', 'female', 'de', 25),
(506, 'Roberto.Virgil@me.com', 'Roberto Virgil', 'Blogtag', 'male', 'nl', 28),
(507, 'Irene.Boyter@gmail.com', 'Irene Boyter', 'Oyonder', 'male', 'be', 55),
(508, 'Esta.Jepsen@me.com', 'Esta Jepsen', 'Livetube', 'male', 'nl', 41),
(509, 'Usha.Wolanski@hotmail.com', 'Usha Wolanski', 'Bluezoom', 'male', 'se', 31),
(510, 'Cris.Leith@outlook.com', 'Cris Leith', 'Skippad', 'female', 'de', 41),
(511, 'Amberly.Tooker@outlook.com', 'Amberly Tooker', 'Blogtag', 'female', 'be', 55),
(512, 'Cristine.Kirts@gmail.com', 'Cristine Kirts', 'Linktype', 'female', 'se', 34),
(513, 'Sadie.Blumenthal@planet.nl', 'Sadie Blumenthal', 'Browsedrive', 'female', 'de', 56),
(514, 'Carmen.Orear@gmail.com', 'Carmen Orear', 'Skinder', 'female', 'nl', 28),
(515, 'Neta.Selleck@live.com', 'Neta Selleck', 'Youfeed', 'female', 'de', 26),
(516, 'Clarice.Polich@me.com', 'Clarice Polich', 'Buzzdog', 'female', 'nl', 58),
(517, 'Angella.Baber@outlook.com', 'Angella Baber', 'Photofeed', 'male', 'be', 37),
(518, 'Aretha.Lueck@outlook.com', 'Aretha Lueck', 'Chatterbridge', 'male', 'nl', 41),
(519, 'Doloris.Venegas@me.com', 'Doloris Venegas', 'Skippad', 'female', 'de', 77),
(520, 'Allene.Mauricio@gmail.com', 'Allene Mauricio', 'Layo', 'female', 'se', 37),
(521, 'Lona.Rousey@planet.nl', 'Lona Rousey', 'Innotype', 'male', 'be', 58),
(522, 'Lona.Petit@hotmail.com', 'Lona Petit', 'Babblestorm', 'female', 'de', 52),
(523, 'Florencio.Chipman@xs4all.com', 'Florencio Chipman', 'Skippad', 'male', 'be', 24),
(524, 'Providencia.Keasey@hotmail.com', 'Providencia Keasey', 'Wikizz', 'male', 'se', 30),
(525, 'Thu.Aguilar@hotmail.com', 'Thu Aguilar', 'Flashset', 'female', 'be', 57),
(526, 'Toi.Dressler@gmail.com', 'Toi Dressler', 'Skippad', 'female', 'se', 38),
(527, 'Chang.Wasilewski@outlook.com', 'Chang Wasilewski', 'Wikizz', 'male', 'se', 53),
(528, 'Roman.Doucette@xs4all.com', 'Roman Doucette', 'Katz', 'male', 'se', 65),
(529, 'Keesha.Elston@icloud.com', 'Keesha Elston', 'Lajo', 'female', 'de', 30),
(530, 'Miyoko.Given@planet.nl', 'Miyoko Given', 'Mydeo', 'male', 'de', 71),
(531, 'Edra.Gebhardt@xs4all.com', 'Edra Gebhardt', 'Ainyx', 'male', 'se', 44),
(532, 'Virgie.Cannaday@icloud.com', 'Virgie Cannaday', 'Viva', 'male', 'se', 37),
(533, 'Madalene.Gall@outlook.com', 'Madalene Gall', 'Oyonder', 'female', 'de', 68),
(534, 'Danette.Callahan@outlook.com', 'Danette Callahan', 'Lajo', 'female', 'nl', 64),
(535, 'Rhea.Doner@xs4all.com', 'Rhea Doner', 'Youfeed', 'male', 'nl', 50),
(536, 'Lani.Schaffner@hotmail.com', 'Lani Schaffner', 'Livetube', 'male', 'de', 66),
(537, 'Julieta.Kneip@hotmail.com', 'Julieta Kneip', 'Browsedrive', 'female', 'nl', 47),
(538, 'Kendrick.Rollman@xs4all.com', 'Kendrick Rollman', 'Kimia', 'male', 'se', 23),
(539, 'Esta.Kirts@gmail.com', 'Esta Kirts', 'Oyonder', 'female', 'se', 71),
(540, 'Shera.Nader@outlook.com', 'Shera Nader', 'Youopia', 'female', 'se', 61),
(541, 'Johnette.Tooker@xs4all.com', 'Johnette Tooker', 'Kimia', 'male', 'de', 75),
(542, 'Tiffaney.Gall@outlook.com', 'Tiffaney Gall', 'Meevee', 'female', 'de', 37),
(543, 'Mitzi.Smolen@icloud.com', 'Mitzi Smolen', 'Skiba', 'male', 'nl', 71),
(544, 'Keesha.Mule@outlook.com', 'Keesha Mule', 'Vimbo', 'male', 'be', 36),
(545, 'Leta.Rousey@outlook.com', 'Leta Rousey', 'Livetube', 'female', 'be', 30),
(546, 'Tessa.Blevins@me.com', 'Tessa Blevins', 'Innotype', 'female', 'de', 80),
(547, 'Lynetta.Grunewald@planet.nl', 'Lynetta Grunewald', 'Browsetype', 'male', 'de', 27),
(548, 'Fallon.Fulp@live.com', 'Fallon Fulp', 'Avamm', 'female', 'nl', 49),
(549, 'Clarice.Wolanski@outlook.com', 'Clarice Wolanski', 'Trilith', 'male', 'nl', 61),
(550, 'Hershel.Boyter@xs4all.com', 'Hershel Boyter', 'Bluezoom', 'female', 'se', 38),
(551, 'Wonda.Heap@planet.nl', 'Wonda Heap', 'Vinte', 'female', 'nl', 29),
(552, 'Noreen.Crotty@planet.nl', 'Noreen Crotty', 'Oozz', 'female', 'nl', 70),
(553, 'Arnetta.Tatum@gmail.com', 'Arnetta Tatum', 'Yoveo', 'female', 'se', 39),
(554, 'Buford.Wasilewski@live.com', 'Buford Wasilewski', 'Livetube', 'male', 'de', 74),
(555, 'Noreen.Kinsey@planet.nl', 'Noreen Kinsey', 'Vimbo', 'female', 'nl', 76),
(556, 'Ouida.Younger@icloud.com', 'Ouida Younger', 'Vinte', 'female', 'nl', 48),
(557, 'Kemberly.Pahl@outlook.com', 'Kemberly Pahl', 'Einti', 'female', 'de', 77),
(558, 'Mariel.Atchley@gmail.com', 'Mariel Atchley', 'Skiba', 'female', 'nl', 56),
(559, 'Johnette.Callahan@icloud.com', 'Johnette Callahan', 'Skyble', 'female', 'se', 34),
(560, 'Edythe.Pender@outlook.com', 'Edythe Pender', 'Youfeed', 'male', 'nl', 66),
(561, 'Ouida.Heap@gmail.com', 'Ouida Heap', 'Innotype', 'female', 'be', 19),
(562, 'Johnette.Tatum@xs4all.com', 'Johnette Tatum', 'Bluezoom', 'female', 'nl', 20),
(563, 'Kimberlie.Callahan@xs4all.com', 'Kimberlie Callahan', 'Youfeed', 'female', 'de', 63),
(564, 'Mitzi.Venegas@live.com', 'Mitzi Venegas', 'Flipstorm', 'male', 'be', 34),
(565, 'Cris.Baber@hotmail.com', 'Cris Baber', 'Skyble', 'male', 'nl', 23),
(566, 'Vi.Kroeker@planet.nl', 'Vi Kroeker', 'Ainyx', 'female', 'nl', 28),
(567, 'Esta.Berenbaum@icloud.com', 'Esta Berenbaum', 'Meevee', 'female', 'nl', 77),
(568, 'Hui.Cruz@live.com', 'Hui Cruz', 'Skippad', 'male', 'be', 26),
(569, 'Keesha.Woodward@planet.nl', 'Keesha Woodward', 'Tagtune', 'female', 'nl', 37),
(570, 'Mara.Barco@gmail.com', 'Mara Barco', 'Ainyx', 'female', 'be', 74),
(571, 'Candis.Armstead@icloud.com', 'Candis Armstead', 'Livetube', 'female', 'de', 62),
(572, 'Allene.Monte@xs4all.com', 'Allene Monte', 'Youopia', 'male', 'be', 60),
(573, 'Madalene.Fuselier@outlook.com', 'Madalene Fuselier', 'Buzzdog', 'male', 'nl', 57),
(574, 'Edythe.Skyles@xs4all.com', 'Edythe Skyles', 'Skimia', 'male', 'nl', 77),
(575, 'Cristine.Loso@gmail.com', 'Cristine Loso', 'Einti', 'male', 'se', 80),
(576, 'Providencia.Mizelle@icloud.com', 'Providencia Mizelle', 'Livetube', 'female', 'se', 26),
(577, 'Regena.Biros@live.com', 'Regena Biros', 'Skinder', 'male', 'be', 33),
(578, 'Cira.Witmer@gmail.com', 'Cira Witmer', 'Oyonder', 'female', 'de', 76),
(579, 'Alisha.Didonato@me.com', 'Alisha Didonato', 'Cogidoo', 'female', 'de', 30),
(580, 'Queen.Picklesimer@xs4all.com', 'Queen Picklesimer', 'Youopia', 'female', 'be', 52),
(581, 'Esta.Tropea@hotmail.com', 'Esta Tropea', 'Centimia', 'female', 'be', 71),
(582, 'Hiram.Lighty@me.com', 'Hiram Lighty', 'Chatterbridge', 'male', 'nl', 20),
(583, 'Celestina.Witham@icloud.com', 'Celestina Witham', 'Browsedrive', 'female', 'se', 79),
(584, 'Bettye.Didonato@icloud.com', 'Bettye Didonato', 'Browsetype', 'male', 'se', 73),
(585, 'Sharice.Mcnellis@hotmail.com', 'Sharice Mcnellis', 'Agivu', 'female', 'nl', 77),
(586, 'Susana.Garabedian@live.com', 'Susana Garabedian', 'Youspan', 'male', 'nl', 46),
(587, 'Syble.Berenbaum@gmail.com', 'Syble Berenbaum', 'Youspan', 'male', 'nl', 79),
(588, 'Mittie.Berenbaum@me.com', 'Mittie Berenbaum', 'Agivu', 'male', 'de', 78),
(589, 'Georgann.Dakin@planet.nl', 'Georgann Dakin', 'Livetube', 'female', 'nl', 29),
(590, 'Nakisha.Didonato@icloud.com', 'Nakisha Didonato', 'Skyble', 'female', 'se', 33),
(591, 'Werner.Peacock@planet.nl', 'Werner Peacock', 'Agivu', 'male', 'se', 75),
(592, 'Rodrick.Gustafson@me.com', 'Rodrick Gustafson', 'Oozz', 'female', 'de', 75),
(593, 'Arnita.Dockstader@xs4all.com', 'Arnita Dockstader', 'Ainyx', 'female', 'se', 22),
(594, 'Mariel.Given@xs4all.com', 'Mariel Given', 'Youfeed', 'male', 'de', 69),
(595, 'Cortez.Loso@me.com', 'Cortez Loso', 'Skiba', 'female', 'de', 26),
(596, 'Sergio.Darden@live.com', 'Sergio Darden', 'Mydeo', 'male', 'nl', 29),
(597, 'Marti.Callahan@planet.nl', 'Marti Callahan', 'Ainyx', 'male', 'se', 68),
(598, 'Alisha.Atchley@outlook.com', 'Alisha Atchley', 'Kimia', 'female', 'nl', 69),
(599, 'Kemberly.Farless@me.com', 'Kemberly Farless', 'Buzzdog', 'male', 'be', 29),
(600, 'Oliva.Doucette@planet.nl', 'Oliva Doucette', 'Skippad', 'male', 'be', 37),
(601, 'Cristine.Roebuck@hotmail.com', 'Cristine Roebuck', 'Viva', 'female', 'de', 50),
(602, 'Lashon.Canty@outlook.com', 'Lashon Canty', 'Jabbersphere', 'male', 'se', 66),
(603, 'Pok.Cruz@planet.nl', 'Pok Cruz', 'Vinte', 'female', 'se', 62),
(604, 'Charlott.Mccaskey@gmail.com', 'Charlott Mccaskey', 'Mydeo', 'male', 'be', 40),
(605, 'Irene.Kroeker@xs4all.com', 'Irene Kroeker', 'Skinder', 'male', 'de', 18),
(606, 'Mariel.Tatum@outlook.com', 'Mariel Tatum', 'Skippad', 'female', 'be', 70),
(607, 'Arnetta.Calfee@icloud.com', 'Arnetta Calfee', 'Babblestorm', 'female', 'nl', 43),
(608, 'Markita.Canty@me.com', 'Markita Canty', 'Einti', 'female', 'se', 73),
(609, 'Leta.Mccampbell@xs4all.com', 'Leta Mccampbell', 'Ainyx', 'male', 'be', 45),
(610, 'Teena.Rousey@me.com', 'Teena Rousey', 'Avamm', 'male', 'se', 25),
(611, 'Pok.Tillotson@planet.nl', 'Pok Tillotson', 'Youopia', 'male', 'nl', 51),
(612, 'Margarett.Jobe@outlook.com', 'Margarett Jobe', 'Skiba', 'female', 'de', 46),
(613, 'Jannet.Chipman@icloud.com', 'Jannet Chipman', 'Einti', 'female', 'se', 26),
(614, 'Denice.Mcnellis@live.com', 'Denice Mcnellis', 'Cogidoo', 'male', 'se', 73),
(615, 'Thu.Gebhardt@me.com', 'Thu Gebhardt', 'Viva', 'female', 'nl', 43),
(616, 'Wilber.Biros@planet.nl', 'Wilber Biros', 'Skiba', 'male', 'nl', 50),
(617, 'Markita.Seybert@icloud.com', 'Markita Seybert', 'Linktype', 'female', 'nl', 26),
(618, 'Keisha.Oathout@icloud.com', 'Keisha Oathout', 'Viva', 'female', 'de', 27),
(619, 'Grant.Bourassa@gmail.com', 'Grant Bourassa', 'Browsetype', 'female', 'de', 47);
INSERT INTO `Persons` (`PersonID`, `Email`, `Name`, `Company`, `Gender`, `Country`, `Age`) VALUES
(620, 'Noreen.Penniman@planet.nl', 'Noreen Penniman', 'Flashset', 'male', 'se', 24),
(621, 'Una.Speller@me.com', 'Una Speller', 'Browsetype', 'male', 'se', 60),
(622, 'Mirian.Edelen@hotmail.com', 'Mirian Edelen', 'Skippad', 'female', 'de', 80),
(623, 'Agustina.Dakin@planet.nl', 'Agustina Dakin', 'Avamm', 'male', 'nl', 47),
(624, 'Regena.Atchley@gmail.com', 'Regena Atchley', 'Skyble', 'female', 'de', 48),
(625, 'Margurite.Frechette@live.com', 'Margurite Frechette', 'Cogidoo', 'female', 'se', 54),
(626, 'Irish.Cruz@gmail.com', 'Irish Cruz', 'Skippad', 'male', 'nl', 63),
(627, 'Johnette.Armstead@live.com', 'Johnette Armstead', 'Cogidoo', 'female', 'nl', 62),
(628, 'Rodger.Briscoe@xs4all.com', 'Rodger Briscoe', 'Ainyx', 'female', 'se', 44),
(629, 'Irish.Dressler@xs4all.com', 'Irish Dressler', 'Blogtag', 'female', 'se', 46),
(630, 'Garrett.Vaden@planet.nl', 'Garrett Vaden', 'Bluezoom', 'male', 'se', 41),
(631, 'Jannet.Speller@me.com', 'Jannet Speller', 'Ntag', 'male', 'be', 30),
(632, 'Rhea.Peacock@hotmail.com', 'Rhea Peacock', 'Skyble', 'male', 'be', 58),
(633, 'Alda.Dube@live.com', 'Alda Dube', 'Chatterbridge', 'female', 'de', 52),
(634, 'Lani.Mauricio@planet.nl', 'Lani Mauricio', 'Skippad', 'female', 'nl', 77),
(635, 'Bettina.Pender@outlook.com', 'Bettina Pender', 'Skippad', 'male', 'nl', 40),
(636, 'Aretha.Resendiz@me.com', 'Aretha Resendiz', 'Linktype', 'female', 'de', 45),
(637, 'Milly.Polich@outlook.com', 'Milly Polich', 'Jatri', 'female', 'nl', 32),
(638, 'Deloise.Peacock@gmail.com', 'Deloise Peacock', 'Skippad', 'female', 'se', 38),
(639, 'Carolyn.Sumner@me.com', 'Carolyn Sumner', 'Layo', 'female', 'nl', 35),
(640, 'Antony.Doner@planet.nl', 'Antony Doner', 'Chatterbridge', 'male', 'nl', 55),
(641, 'Chantel.Kirts@gmail.com', 'Chantel Kirts', 'Oyonder', 'female', 'de', 24),
(642, 'Cortez.Lueck@live.com', 'Cortez Lueck', 'Avamm', 'male', 'de', 79),
(643, 'Deloise.Peacock@planet.nl', 'Deloise Peacock', 'Skippad', 'female', 'se', 67),
(644, 'Edra.Mcbay@outlook.com', 'Edra Mcbay', 'Photofeed', 'female', 'de', 37),
(645, 'Boyce.Tenner@planet.nl', 'Boyce Tenner', 'Jabbersphere', 'female', 'se', 41),
(646, 'Arnetta.Kirts@icloud.com', 'Arnetta Kirts', 'Layo', 'female', 'de', 79),
(647, 'Twana.Orear@hotmail.com', 'Twana Orear', 'Babblestorm', 'female', 'de', 41),
(648, 'Shera.Witmer@me.com', 'Shera Witmer', 'Blogtag', 'female', 'se', 29),
(649, 'Fernande.Mcbay@icloud.com', 'Fernande Mcbay', 'Youfeed', 'male', 'nl', 77),
(650, 'Johnette.Patti@hotmail.com', 'Johnette Patti', 'Chatterbridge', 'male', 'nl', 34),
(651, 'Hipolito.Baber@icloud.com', 'Hipolito Baber', 'Photofeed', 'male', 'nl', 43),
(652, 'Margurite.Mcbay@icloud.com', 'Margurite Mcbay', 'Innotype', 'male', 'be', 51),
(653, 'Ashley.Blumenthal@hotmail.com', 'Ashley Blumenthal', 'Vinte', 'male', 'se', 32),
(654, 'Irene.Fuselier@me.com', 'Irene Fuselier', 'Bluezoom', 'female', 'de', 79),
(655, 'Ouida.Polich@live.com', 'Ouida Polich', 'Mydeo', 'female', 'nl', 50),
(656, 'Lilliam.Jager@outlook.com', 'Lilliam Jager', 'Avamm', 'female', 'se', 74),
(657, 'Mariana.Kirts@hotmail.com', 'Mariana Kirts', 'Meevee', 'female', 'de', 31),
(658, 'Lasonya.Heap@gmail.com', 'Lasonya Heap', 'Photofeed', 'male', 'se', 38),
(659, 'Romaine.Mcnellis@live.com', 'Romaine Mcnellis', 'Vinte', 'male', 'be', 23),
(660, 'Essie.Farless@me.com', 'Essie Farless', 'Agivu', 'female', 'be', 58),
(661, 'Sylvia.Vaden@live.com', 'Sylvia Vaden', 'Livetube', 'female', 'de', 27),
(662, 'Ninfa.Schaffner@me.com', 'Ninfa Schaffner', 'Youfeed', 'female', 'de', 78),
(663, 'Toi.Doucette@gmail.com', 'Toi Doucette', 'Babblestorm', 'male', 'de', 32),
(664, 'Amberly.Mirando@xs4all.com', 'Amberly Mirando', 'Youfeed', 'male', 'nl', 42),
(665, 'Elmer.Tatum@me.com', 'Elmer Tatum', 'Yoveo', 'male', 'de', 39),
(666, 'Robbie.Lueck@outlook.com', 'Robbie Lueck', 'Youopia', 'male', 'se', 64),
(667, 'Lavada.Tenner@planet.nl', 'Lavada Tenner', 'Skippad', 'female', 'be', 46),
(668, 'Lani.Heier@hotmail.com', 'Lani Heier', 'Livetube', 'female', 'se', 59),
(669, 'Lynetta.Tropea@outlook.com', 'Lynetta Tropea', 'Babblestorm', 'female', 'se', 36),
(670, 'Miyoko.Marco@planet.nl', 'Miyoko Marco', 'Linktype', 'male', 'se', 27),
(671, 'Chu.Matthes@me.com', 'Chu Matthes', 'Skimia', 'male', 'se', 53),
(672, 'Kacie.Lueck@planet.nl', 'Kacie Lueck', 'Oyonder', 'female', 'se', 28),
(673, 'Toi.Bray@me.com', 'Toi Bray', 'Livetube', 'female', 'nl', 27),
(674, 'Ashley.Mule@hotmail.com', 'Ashley Mule', 'Vimbo', 'female', 'be', 75),
(675, 'Teena.Aguilar@hotmail.com', 'Teena Aguilar', 'Thoughtbridge', 'male', 'de', 29),
(676, 'Carolyn.Shoffner@xs4all.com', 'Carolyn Shoffner', 'Trilith', 'female', 'se', 59),
(677, 'Colene.Grunewald@icloud.com', 'Colene Grunewald', 'Katz', 'female', 'se', 73),
(678, 'Lashon.Tooley@xs4all.com', 'Lashon Tooley', 'Skiba', 'female', 'nl', 30),
(679, 'Bettye.Picklesimer@outlook.com', 'Bettye Picklesimer', 'Jabbersphere', 'female', 'de', 45),
(680, 'Milly.Briscoe@gmail.com', 'Milly Briscoe', 'Kimia', 'female', 'be', 79),
(681, 'Bruno.Feinberg@live.com', 'Bruno Feinberg', 'Innotype', 'female', 'nl', 73),
(682, 'Britany.Atchley@me.com', 'Britany Atchley', 'Livetube', 'male', 'be', 70),
(683, 'Mara.Witham@outlook.com', 'Mara Witham', 'Photofeed', 'female', 'se', 36),
(684, 'Jannet.Skyles@planet.nl', 'Jannet Skyles', 'Layo', 'male', 'se', 53),
(685, 'Penelope.Witham@outlook.com', 'Penelope Witham', 'Jabbersphere', 'male', 'de', 23),
(686, 'Lasandra.Oathout@live.com', 'Lasandra Oathout', 'Vinte', 'male', 'de', 23),
(687, 'Davida.Loso@outlook.com', 'Davida Loso', 'Vimbo', 'male', 'be', 63),
(688, 'Janita.Blevins@gmail.com', 'Janita Blevins', 'Skinder', 'female', 'nl', 40),
(689, 'Romaine.Salvas@icloud.com', 'Romaine Salvas', 'Thoughtbridge', 'male', 'be', 79),
(690, 'Santiago.Fuselier@outlook.com', 'Santiago Fuselier', 'Skimia', 'female', 'se', 61),
(691, 'Davida.Briscoe@xs4all.com', 'Davida Briscoe', 'Wikizz', 'female', 'be', 31),
(692, 'Setsuko.Canty@icloud.com', 'Setsuko Canty', 'Browsedrive', 'male', 'nl', 41),
(693, 'Genia.Vaden@live.com', 'Genia Vaden', 'Skippad', 'male', 'de', 57),
(694, 'Toi.Dockstader@planet.nl', 'Toi Dockstader', 'Vimbo', 'female', 'de', 76),
(695, 'Benton.Grunewald@live.com', 'Benton Grunewald', 'Livetube', 'female', 'se', 18),
(696, 'Mariel.Seybert@xs4all.com', 'Mariel Seybert', 'Meevee', 'male', 'nl', 40),
(697, 'Sirena.Beem@planet.nl', 'Sirena Beem', 'Flashset', 'male', 'be', 20),
(698, 'Doloris.Monte@outlook.com', 'Doloris Monte', 'Bluezoom', 'male', 'nl', 60),
(699, 'Zoila.Rollman@planet.nl', 'Zoila Rollman', 'Oyonder', 'male', 'be', 40),
(700, 'Danette.Ream@planet.nl', 'Danette Ream', 'Babblestorm', 'male', 'nl', 22),
(701, 'Anthony.Osterman@outlook.com', 'Anthony Osterman', 'Flipstorm', 'male', 'se', 74),
(702, 'Janita.Armstead@gmail.com', 'Janita Armstead', 'Skyble', 'female', 'de', 31),
(703, 'Wei.Gallant@outlook.com', 'Wei Gallant', 'Katz', 'female', 'se', 31),
(704, 'Trisha.Schaffner@live.com', 'Trisha Schaffner', 'Ainyx', 'male', 'se', 53),
(705, 'Miyoko.Mule@outlook.com', 'Miyoko Mule', 'Vimbo', 'female', 'se', 34),
(706, 'Cortez.Nader@me.com', 'Cortez Nader', 'Photofeed', 'female', 'nl', 77),
(707, 'Chang.Fielder@gmail.com', 'Chang Fielder', 'Einti', 'male', 'nl', 73),
(708, 'Doloris.Fitzgibbon@xs4all.com', 'Doloris Fitzgibbon', 'Skippad', 'female', 'be', 72),
(709, 'Roberto.Segundo@icloud.com', 'Roberto Segundo', 'Youfeed', 'female', 'be', 18),
(710, 'Jannet.Matthes@hotmail.com', 'Jannet Matthes', 'Youfeed', 'male', 'be', 71),
(711, 'Jamar.Mizelle@outlook.com', 'Jamar Mizelle', 'Oozz', 'female', 'nl', 46),
(712, 'Marti.Kroeker@gmail.com', 'Marti Kroeker', 'Buzzdog', 'male', 'be', 30),
(713, 'Celia.Sheely@me.com', 'Celia Sheely', 'Avamm', 'female', 'de', 58),
(714, 'Kacie.Biros@hotmail.com', 'Kacie Biros', 'Katz', 'male', 'be', 40),
(715, 'Arnetta.Cruz@icloud.com', 'Arnetta Cruz', 'Chatterbridge', 'male', 'de', 40),
(716, 'Tameka.Jepsen@hotmail.com', 'Tameka Jepsen', 'Livetube', 'female', 'be', 66),
(717, 'Kendrick.Peacock@gmail.com', 'Kendrick Peacock', 'Youfeed', 'female', 'nl', 35),
(718, 'Janita.Kroeger@planet.nl', 'Janita Kroeger', 'Buzzdog', 'male', 'nl', 25),
(719, 'Celia.Dorais@live.com', 'Celia Dorais', 'Skippad', 'female', 'nl', 21),
(720, 'Pamella.Vaden@icloud.com', 'Pamella Vaden', 'Oozz', 'female', 'se', 32),
(721, 'Tameka.Roebuck@live.com', 'Tameka Roebuck', 'Ainyx', 'female', 'se', 50),
(722, 'Fernande.Calfee@icloud.com', 'Fernande Calfee', 'Oyonder', 'female', 'nl', 23),
(723, 'Chang.Salvas@gmail.com', 'Chang Salvas', 'Skippad', 'male', 'be', 50),
(724, 'Kendrick.Netter@me.com', 'Kendrick Netter', 'Wikizz', 'male', 'nl', 77),
(725, 'Cira.Wingard@xs4all.com', 'Cira Wingard', 'Babblestorm', 'male', 'be', 45),
(726, 'Lili.Ream@live.com', 'Lili Ream', 'Layo', 'male', 'se', 49),
(727, 'Clarice.Martines@gmail.com', 'Clarice Martines', 'Lajo', 'male', 'de', 57),
(728, 'Arnita.Mcnellis@xs4all.com', 'Arnita Mcnellis', 'Skimia', 'female', 'se', 59),
(729, 'Cinda.Witham@xs4all.com', 'Cinda Witham', 'Blogtag', 'male', 'nl', 50),
(730, 'Roberto.Smolen@icloud.com', 'Roberto Smolen', 'Browsetype', 'male', 'nl', 74),
(731, 'Kemberly.Seybert@planet.nl', 'Kemberly Seybert', 'Lajo', 'male', 'de', 28),
(732, 'Mariana.Doner@planet.nl', 'Mariana Doner', 'Flipstorm', 'female', 'be', 37),
(733, 'Ashley.Chipman@icloud.com', 'Ashley Chipman', 'Avamm', 'female', 'de', 52),
(734, 'Keisha.Baber@xs4all.com', 'Keisha Baber', 'Youspan', 'female', 'nl', 30),
(735, 'Wilber.Kroeger@live.com', 'Wilber Kroeger', 'Browsedrive', 'female', 'nl', 59),
(736, 'Essie.Terry@outlook.com', 'Essie Terry', 'Jabbersphere', 'male', 'be', 25),
(737, 'Celia.Grunewald@xs4all.com', 'Celia Grunewald', 'Skimia', 'male', 'nl', 49),
(738, 'Shera.Armstead@xs4all.com', 'Shera Armstead', 'Blogtag', 'female', 'de', 56),
(739, 'Wonda.Jain@me.com', 'Wonda Jain', 'Mydeo', 'male', 'de', 51),
(740, 'Robbie.Stirling@icloud.com', 'Robbie Stirling', 'Jabbersphere', 'male', 'se', 60),
(741, 'Toi.Merrell@icloud.com', 'Toi Merrell', 'Photofeed', 'male', 'de', 77),
(742, 'Kendal.Beem@outlook.com', 'Kendal Beem', 'Skimia', 'male', 'de', 72),
(743, 'Miki.Nader@xs4all.com', 'Miki Nader', 'Flipstorm', 'female', 'se', 72),
(744, 'Essie.Patti@planet.nl', 'Essie Patti', 'Tagtune', 'female', 'de', 32),
(745, 'Lili.Kroeger@outlook.com', 'Lili Kroeger', 'Youspan', 'male', 'nl', 40),
(746, 'Irene.Seawell@planet.nl', 'Irene Seawell', 'Vimbo', 'male', 'be', 71),
(747, 'Kylee.Armstead@outlook.com', 'Kylee Armstead', 'Linktype', 'female', 'be', 55),
(748, 'Britany.Peacock@icloud.com', 'Britany Peacock', 'Katz', 'male', 'de', 19),
(749, 'Virgie.Witmer@me.com', 'Virgie Witmer', 'Browsetype', 'male', 'nl', 80),
(750, 'Celestina.Mattocks@gmail.com', 'Celestina Mattocks', 'Einti', 'male', 'be', 22),
(751, 'Davida.Larrimore@planet.nl', 'Davida Larrimore', 'Avamm', 'male', 'be', 41),
(752, 'Thu.Bensinger@xs4all.com', 'Thu Bensinger', 'Livetube', 'female', 'se', 23),
(753, 'Roman.Gustafson@live.com', 'Roman Gustafson', 'Innotype', 'male', 'nl', 46),
(754, 'Penelope.Netter@hotmail.com', 'Penelope Netter', 'Ainyx', 'female', 'be', 64),
(755, 'Anneliese.Heider@outlook.com', 'Anneliese Heider', 'Youopia', 'female', 'be', 43),
(756, 'Carolyn.Merrell@me.com', 'Carolyn Merrell', 'Youfeed', 'male', 'nl', 62),
(757, 'Rhea.Roebuck@planet.nl', 'Rhea Roebuck', 'Buzzdog', 'female', 'de', 23),
(758, 'Lavette.Wurth@icloud.com', 'Lavette Wurth', 'Livetube', 'female', 'se', 68),
(759, 'Madalene.Jain@icloud.com', 'Madalene Jain', 'Blogtag', 'male', 'se', 35),
(760, 'Colene.Stirling@planet.nl', 'Colene Stirling', 'Agivu', 'male', 'se', 69),
(761, 'Denice.Tooley@me.com', 'Denice Tooley', 'Tagtune', 'male', 'be', 68),
(762, 'Madalene.Derby@me.com', 'Madalene Derby', 'Vimbo', 'female', 'be', 40),
(763, 'Ouida.Gall@me.com', 'Ouida Gall', 'Wikizz', 'male', 'be', 37),
(764, 'Nakisha.Groh@outlook.com', 'Nakisha Groh', 'Ntag', 'female', 'nl', 68),
(765, 'Ailene.Doner@planet.nl', 'Ailene Doner', 'Flashset', 'male', 'se', 27),
(766, 'Sadie.Fulp@outlook.com', 'Sadie Fulp', 'Ainyx', 'male', 'de', 26),
(767, 'Georgann.Tillotson@planet.nl', 'Georgann Tillotson', 'Flashset', 'male', 'se', 71),
(768, 'Zoila.Jobe@planet.nl', 'Zoila Jobe', 'Einti', 'female', 'se', 31),
(769, 'Arnetta.Netter@planet.nl', 'Arnetta Netter', 'Youopia', 'female', 'nl', 40),
(770, 'Hui.Tropea@planet.nl', 'Hui Tropea', 'Youfeed', 'male', 'de', 54),
(771, 'Irene.Jobe@gmail.com', 'Irene Jobe', 'Wikizz', 'female', 'se', 43),
(772, 'Ashleigh.Barco@outlook.com', 'Ashleigh Barco', 'Photofeed', 'male', 'de', 38),
(773, 'Kizzy.Chipman@outlook.com', 'Kizzy Chipman', 'Vimbo', 'male', 'nl', 64),
(774, 'Clarice.Kroeker@xs4all.com', 'Clarice Kroeker', 'Babblestorm', 'male', 'be', 48),
(775, 'Kimberlie.Kneip@me.com', 'Kimberlie Kneip', 'Innotype', 'female', 'de', 69),
(776, 'Agustina.Jepsen@live.com', 'Agustina Jepsen', 'Lajo', 'female', 'de', 50),
(777, 'Rebbecca.Blumenthal@me.com', 'Rebbecca Blumenthal', 'Skiba', 'male', 'nl', 30),
(778, 'Lilliam.Boyter@hotmail.com', 'Lilliam Boyter', 'Buzzdog', 'male', 'be', 18),
(779, 'Lavette.Derby@me.com', 'Lavette Derby', 'Trilith', 'male', 'nl', 45),
(780, 'August.Harder@planet.nl', 'August Harder', 'Photofeed', 'female', 'se', 37),
(781, 'Chang.Bourassa@planet.nl', 'Chang Bourassa', 'Skiba', 'female', 'be', 80),
(782, 'Garrett.Bray@outlook.com', 'Garrett Bray', 'Browsedrive', 'male', 'de', 69),
(783, 'Palmira.Merrell@gmail.com', 'Palmira Merrell', 'Wikizz', 'female', 'de', 67),
(784, 'Judi.Keasey@xs4all.com', 'Judi Keasey', 'Browsedrive', 'female', 'nl', 67),
(785, 'Rodger.Gustafson@me.com', 'Rodger Gustafson', 'Jabbersphere', 'male', 'se', 80),
(786, 'Danette.Arocha@hotmail.com', 'Danette Arocha', 'Innotype', 'male', 'de', 55),
(787, 'Rebbecca.Kroeker@gmail.com', 'Rebbecca Kroeker', 'Flashset', 'female', 'be', 48),
(788, 'Edra.Mizelle@icloud.com', 'Edra Mizelle', 'Ainyx', 'female', 'be', 27),
(789, 'Lynetta.Tillotson@xs4all.com', 'Lynetta Tillotson', 'Skinder', 'female', 'de', 32),
(790, 'Janey.Carriere@me.com', 'Janey Carriere', 'Oozz', 'female', 'be', 56),
(791, 'Janey.Barco@planet.nl', 'Janey Barco', 'Babblestorm', 'female', 'nl', 79),
(792, 'Teena.Grosso@xs4all.com', 'Teena Grosso', 'Flashset', 'female', 'nl', 32),
(793, 'Lilliam.Fulp@xs4all.com', 'Lilliam Fulp', 'Buzzdog', 'male', 'de', 45),
(794, 'Irene.Pahl@outlook.com', 'Irene Pahl', 'Cogidoo', 'female', 'nl', 35),
(795, 'Romaine.Melton@xs4all.com', 'Romaine Melton', 'Thoughtbridge', 'female', 'nl', 79),
(796, 'Twanna.Merrell@icloud.com', 'Twanna Merrell', 'Ntag', 'female', 'de', 59),
(797, 'Mittie.Farless@xs4all.com', 'Mittie Farless', 'Skimia', 'female', 'be', 41),
(798, 'Basilia.Walther@me.com', 'Basilia Walther', 'Photofeed', 'female', 'nl', 36),
(799, 'Ninfa.Skyles@gmail.com', 'Ninfa Skyles', 'Linktype', 'female', 'be', 35),
(800, 'Toi.Blevins@me.com', 'Toi Blevins', 'Viva', 'female', 'de', 45),
(801, 'Queen.Segundo@me.com', 'Queen Segundo', 'Youspan', 'male', 'se', 48),
(802, 'Julieta.Matthes@hotmail.com', 'Julieta Matthes', 'Oozz', 'female', 'de', 54),
(803, 'Deloise.Demark@xs4all.com', 'Deloise Demark', 'Mydeo', 'female', 'nl', 62),
(804, 'Georgann.Burd@me.com', 'Georgann Burd', 'Youfeed', 'female', 'de', 19),
(805, 'Marti.Seawell@xs4all.com', 'Marti Seawell', 'Oozz', 'male', 'be', 76),
(806, 'Toi.Ream@outlook.com', 'Toi Ream', 'Youfeed', 'female', 'nl', 51),
(807, 'Dalila.Rohan@planet.nl', 'Dalila Rohan', 'Oyonder', 'male', 'be', 64),
(808, 'Tiffaney.Witham@me.com', 'Tiffaney Witham', 'Oozz', 'female', 'se', 65),
(809, 'Sandi.Skyles@gmail.com', 'Sandi Skyles', 'Thoughtbridge', 'female', 'be', 68),
(810, 'Garrett.Scarbrough@gmail.com', 'Garrett Scarbrough', 'Yoveo', 'female', 'nl', 46),
(811, 'Sylvia.Virgil@gmail.com', 'Sylvia Virgil', 'Tagtune', 'male', 'be', 40),
(812, 'Amberly.Marco@planet.nl', 'Amberly Marco', 'Babblestorm', 'female', 'se', 25),
(813, 'Angella.Virgil@me.com', 'Angella Virgil', 'Avamm', 'male', 'nl', 70),
(814, 'Cortez.Blumenthal@xs4all.com', 'Cortez Blumenthal', 'Tagtune', 'male', 'se', 25),
(815, 'Grant.Mule@xs4all.com', 'Grant Mule', 'Youfeed', 'female', 'se', 56),
(816, 'Beula.Calfee@icloud.com', 'Beula Calfee', 'Livetube', 'male', 'se', 31),
(817, 'Cortez.Mule@gmail.com', 'Cortez Mule', 'Mydeo', 'female', 'se', 72),
(818, 'Allene.Walther@me.com', 'Allene Walther', 'Ntag', 'female', 'be', 53),
(819, 'Boyce.Gustafson@icloud.com', 'Boyce Gustafson', 'Meevee', 'female', 'de', 76),
(820, 'Beula.Cleaves@planet.nl', 'Beula Cleaves', 'Yoveo', 'female', 'de', 26),
(821, 'Firstnames.Venegas@xs4all.com', 'Firstnames Venegas', 'Meevee', 'female', 'nl', 76),
(822, 'Oliva.Groh@hotmail.com', 'Oliva Groh', 'Meevee', 'female', 'nl', 49),
(823, 'Roman.Mcbay@planet.nl', 'Roman Mcbay', 'Livetube', 'male', 'de', 30),
(824, 'Benton.Ream@live.com', 'Benton Ream', 'Linktype', 'female', 'de', 47),
(825, 'Sandi.Callahan@outlook.com', 'Sandi Callahan', 'Youfeed', 'female', 'nl', 62),
(826, 'Tameka.Wolanski@xs4all.com', 'Tameka Wolanski', 'Agivu', 'female', 'de', 20),
(827, 'Sadie.Osterman@live.com', 'Sadie Osterman', 'Livetube', 'female', 'nl', 20),
(828, 'Essie.Gasper@hotmail.com', 'Essie Gasper', 'Ainyx', 'male', 'se', 45),
(829, 'Lavette.Kawamura@hotmail.com', 'Lavette Kawamura', 'Layo', 'female', 'de', 58),
(830, 'Cris.Callahan@icloud.com', 'Cris Callahan', 'Skippad', 'male', 'se', 26),
(831, 'Tessa.Mccampbell@xs4all.com', 'Tessa Mccampbell', 'Katz', 'female', 'nl', 72),
(832, 'Basilia.Vanderveer@me.com', 'Basilia Vanderveer', 'Oozz', 'female', 'nl', 18),
(833, 'Kimberlie.Fielder@gmail.com', 'Kimberlie Fielder', 'Centimia', 'male', 'nl', 45),
(834, 'Angella.Lighty@icloud.com', 'Angella Lighty', 'Trilith', 'female', 'nl', 19),
(835, 'Amberly.Fielder@icloud.com', 'Amberly Fielder', 'Vimbo', 'male', 'be', 55),
(836, 'Cira.Doner@hotmail.com', 'Cira Doner', 'Katz', 'male', 'se', 69),
(837, 'Charlie.Heap@outlook.com', 'Charlie Heap', 'Oyonder', 'male', 'se', 38),
(838, 'Sylvia.Aguilar@planet.nl', 'Sylvia Aguilar', 'Cogidoo', 'female', 'be', 35),
(839, 'Hiram.Knuth@icloud.com', 'Hiram Knuth', 'Viva', 'male', 'nl', 57),
(840, 'Merideth.Wasilewski@hotmail.com', 'Merideth Wasilewski', 'Flashset', 'male', 'de', 62),
(841, 'Agustina.Larrimore@xs4all.com', 'Agustina Larrimore', 'Oyonder', 'female', 'be', 71),
(842, 'Zana.Fulp@xs4all.com', 'Zana Fulp', 'Agivu', 'female', 'se', 71),
(843, 'Kylee.Gebhardt@hotmail.com', 'Kylee Gebhardt', 'Skiba', 'male', 'nl', 67),
(844, 'Santiago.Woodward@me.com', 'Santiago Woodward', 'Skippad', 'male', 'de', 67),
(845, 'Julieta.Sheely@live.com', 'Julieta Sheely', 'Meevee', 'female', 'nl', 59),
(846, 'Machelle.Mccaskey@hotmail.com', 'Machelle Mccaskey', 'Ainyx', 'male', 'de', 50),
(847, 'Ming.Boyter@gmail.com', 'Ming Boyter', 'Jatri', 'male', 'nl', 57),
(848, 'Penelope.Seybert@xs4all.com', 'Penelope Seybert', 'Browsetype', 'female', 'be', 63),
(849, 'Bill.Patti@outlook.com', 'Bill Patti', 'Skimia', 'female', 'nl', 25),
(850, 'Izola.Polich@planet.nl', 'Izola Polich', 'Wikizz', 'male', 'nl', 49),
(851, 'Bettye.Edelen@hotmail.com', 'Bettye Edelen', 'Buzzdog', 'female', 'se', 28),
(852, 'Phebe.Scarbrough@xs4all.com', 'Phebe Scarbrough', 'Oyonder', 'female', 'be', 61),
(853, 'Leta.Boyter@me.com', 'Leta Boyter', 'Flashset', 'male', 'be', 76),
(854, 'Rodger.Armistead@gmail.com', 'Rodger Armistead', 'Skippad', 'male', 'nl', 57),
(855, 'Lilliam.Beem@me.com', 'Lilliam Beem', 'Buzzdog', 'male', 'de', 51),
(856, 'Cortez.Callahan@icloud.com', 'Cortez Callahan', 'Youfeed', 'male', 'nl', 65),
(857, 'Madalene.Blevins@live.com', 'Madalene Blevins', 'Skippad', 'male', 'be', 33),
(858, 'Arnetta.Gustafson@planet.nl', 'Arnetta Gustafson', 'Trilith', 'male', 'de', 79),
(859, 'Neil.Cannaday@gmail.com', 'Neil Cannaday', 'Browsedrive', 'female', 'be', 35),
(860, 'Georgann.Kirts@icloud.com', 'Georgann Kirts', 'Youfeed', 'male', 'de', 67),
(861, 'Providencia.Dockstader@live.com', 'Providencia Dockstader', 'Mydeo', 'male', 'nl', 59),
(862, 'Concha.Kirts@icloud.com', 'Concha Kirts', 'Yoveo', 'male', 'se', 72),
(863, 'Colene.Carriere@me.com', 'Colene Carriere', 'Tagtune', 'male', 'be', 76),
(864, 'Lasonya.Wurth@me.com', 'Lasonya Wurth', 'Vinte', 'male', 'se', 31),
(865, 'Kai.Dressler@gmail.com', 'Kai Dressler', 'Wikizz', 'female', 'se', 72),
(866, 'Rebbecca.Skyles@hotmail.com', 'Rebbecca Skyles', 'Photofeed', 'male', 'be', 19),
(867, 'Lanell.Dorais@me.com', 'Lanell Dorais', 'Einti', 'female', 'be', 40),
(868, 'Evelynn.Scarbrough@me.com', 'Evelynn Scarbrough', 'Jabbersphere', 'female', 'se', 67),
(869, 'Isis.Speller@outlook.com', 'Isis Speller', 'Skippad', 'male', 'se', 26),
(870, 'Cortez.Orear@gmail.com', 'Cortez Orear', 'Livetube', 'male', 'be', 28),
(871, 'Kimberlie.Sheely@hotmail.com', 'Kimberlie Sheely', 'Einti', 'female', 'nl', 80),
(872, 'Celia.Fulp@xs4all.com', 'Celia Fulp', 'Photofeed', 'female', 'se', 20),
(873, 'Lona.Wasilewski@hotmail.com', 'Lona Wasilewski', 'Lajo', 'female', 'be', 59),
(874, 'Machelle.Garabedian@gmail.com', 'Machelle Garabedian', 'Agivu', 'male', 'be', 62),
(875, 'Verda.Wingard@planet.nl', 'Verda Wingard', 'Browsetype', 'female', 'nl', 62),
(876, 'Keesha.Larrimore@hotmail.com', 'Keesha Larrimore', 'Jatri', 'female', 'nl', 37),
(877, 'Denice.Younger@hotmail.com', 'Denice Younger', 'Kimia', 'male', 'de', 70),
(878, 'Mirian.Matthes@gmail.com', 'Mirian Matthes', 'Youspan', 'male', 'be', 75),
(879, 'Elba.Tooley@gmail.com', 'Elba Tooley', 'Oozz', 'female', 'se', 40),
(880, 'Cris.Rousey@me.com', 'Cris Rousey', 'Innotype', 'female', 'nl', 51),
(881, 'Benton.Dorais@live.com', 'Benton Dorais', 'Yoveo', 'female', 'nl', 62),
(882, 'Lynetta.Wasilewski@outlook.com', 'Lynetta Wasilewski', 'Youspan', 'male', 'de', 25),
(883, 'Pok.Henslee@outlook.com', 'Pok Henslee', 'Vimbo', 'female', 'de', 32),
(884, 'Fernande.Pender@me.com', 'Fernande Pender', 'Skippad', 'female', 'be', 29),
(885, 'Charlie.Osterman@hotmail.com', 'Charlie Osterman', 'Blogtag', 'female', 'nl', 77),
(886, 'Zoila.Vaden@me.com', 'Zoila Vaden', 'Flashset', 'female', 'nl', 76),
(887, 'Evelynn.Barco@planet.nl', 'Evelynn Barco', 'Oozz', 'female', 'de', 80),
(888, 'Arnita.Didonato@me.com', 'Arnita Didonato', 'Agivu', 'female', 'nl', 53),
(889, 'Una.Points@hotmail.com', 'Una Points', 'Buzzdog', 'female', 'se', 21),
(890, 'Kai.Knuth@icloud.com', 'Kai Knuth', 'Einti', 'male', 'be', 35),
(891, 'Grant.Edelen@live.com', 'Grant Edelen', 'Yoveo', 'male', 'be', 45),
(892, 'Johnette.Fitzgibbon@hotmail.com', 'Johnette Fitzgibbon', 'Einti', 'male', 'se', 21),
(893, 'Davida.Rousey@me.com', 'Davida Rousey', 'Skimia', 'male', 'de', 74),
(894, 'Twanna.Sumner@gmail.com', 'Twanna Sumner', 'Kimia', 'male', 'nl', 74),
(895, 'Mariana.Fitzgibbon@live.com', 'Mariana Fitzgibbon', 'Einti', 'female', 'be', 58),
(896, 'Teena.Seybert@planet.nl', 'Teena Seybert', 'Linktype', 'male', 'se', 66),
(897, 'Phebe.Virgil@planet.nl', 'Phebe Virgil', 'Tagtune', 'male', 'se', 63),
(898, 'Jodee.Mirando@planet.nl', 'Jodee Mirando', 'Einti', 'female', 'de', 44),
(899, 'Vi.Gustafson@icloud.com', 'Vi Gustafson', 'Babblestorm', 'male', 'nl', 80),
(900, 'Precious.Loso@live.com', 'Precious Loso', 'Mydeo', 'male', 'nl', 28),
(901, 'Celeste.Grunewald@hotmail.com', 'Celeste Grunewald', 'Kimia', 'female', 'nl', 42),
(902, 'Santiago.Aguilar@me.com', 'Santiago Aguilar', 'Livetube', 'male', 'be', 70),
(903, 'Sandi.Mccaskey@gmail.com', 'Sandi Mccaskey', 'Browsedrive', 'male', 'nl', 69),
(904, 'Teena.Kroeger@outlook.com', 'Teena Kroeger', 'Viva', 'female', 'nl', 23),
(905, 'Davida.Gustafson@live.com', 'Davida Gustafson', 'Tagtune', 'female', 'nl', 66),
(906, 'Milly.Doucette@icloud.com', 'Milly Doucette', 'Viva', 'female', 'se', 32),
(907, 'Mittie.Garabedian@outlook.com', 'Mittie Garabedian', 'Skimia', 'male', 'be', 34),
(908, 'Kendal.Roebuck@gmail.com', 'Kendal Roebuck', 'Babblestorm', 'male', 'be', 49),
(909, 'Kemberly.Lueck@me.com', 'Kemberly Lueck', 'Buzzdog', 'male', 'se', 74),
(910, 'Nevada.Picklesimer@gmail.com', 'Nevada Picklesimer', 'Skippad', 'male', 'nl', 45),
(911, 'Angella.Witham@hotmail.com', 'Angella Witham', 'Oyonder', 'female', 'be', 34),
(912, 'Ramonita.Patti@outlook.com', 'Ramonita Patti', 'Yoveo', 'female', 'de', 57),
(913, 'Bettye.Melton@me.com', 'Bettye Melton', 'Meevee', 'male', 'se', 76),
(914, 'Madalene.Petit@gmail.com', 'Madalene Petit', 'Chatterbridge', 'female', 'se', 24),
(915, 'Irish.Peacock@xs4all.com', 'Irish Peacock', 'Chatterbridge', 'female', 'de', 59),
(916, 'Chu.Tillotson@planet.nl', 'Chu Tillotson', 'Youfeed', 'female', 'de', 64),
(917, 'Roman.Kneip@planet.nl', 'Roman Kneip', 'Viva', 'female', 'be', 25),
(918, 'Rodrick.Mizelle@live.com', 'Rodrick Mizelle', 'Thoughtbridge', 'female', 'be', 27),
(919, 'Verda.Doucette@hotmail.com', 'Verda Doucette', 'Skyble', 'female', 'se', 52),
(920, 'Sandi.Calfee@hotmail.com', 'Sandi Calfee', 'Viva', 'female', 'de', 43),
(921, 'Charlott.Eisenmann@planet.nl', 'Charlott Eisenmann', 'Youspan', 'male', 'se', 43),
(922, 'Genia.Terry@icloud.com', 'Genia Terry', 'Cogidoo', 'male', 'de', 65),
(923, 'Robbie.Sprayberry@live.com', 'Robbie Sprayberry', 'Avamm', 'female', 'be', 69),
(924, 'Robbie.Vanderveer@hotmail.com', 'Robbie Vanderveer', 'Skippad', 'female', 'be', 45),
(925, 'Allene.Blumenthal@live.com', 'Allene Blumenthal', 'Browsedrive', 'male', 'de', 35),
(926, 'Lanell.Canty@me.com', 'Lanell Canty', 'Photofeed', 'male', 'nl', 65),
(927, 'Alessandra.Kirts@me.com', 'Alessandra Kirts', 'Browsetype', 'female', 'se', 23),
(928, 'Miki.Matthes@me.com', 'Miki Matthes', 'Livetube', 'female', 'se', 67),
(929, 'Verda.Mcnellis@me.com', 'Verda Mcnellis', 'Browsedrive', 'male', 'se', 57),
(930, 'Leta.Carvalho@me.com', 'Leta Carvalho', 'Livetube', 'male', 'se', 65),
(931, 'Candis.Venegas@me.com', 'Candis Venegas', 'Youspan', 'male', 'nl', 48),
(932, 'Lasonya.Mule@xs4all.com', 'Lasonya Mule', 'Browsetype', 'male', 'be', 54),
(933, 'Cinda.Buechner@live.com', 'Cinda Buechner', 'Oyonder', 'female', 'de', 25),
(934, 'Usha.Salvas@live.com', 'Usha Salvas', 'Wikizz', 'male', 'se', 71),
(935, 'Irene.Merrell@xs4all.com', 'Irene Merrell', 'Flipstorm', 'female', 'be', 66),
(936, 'Zana.Penniman@hotmail.com', 'Zana Penniman', 'Chatterbridge', 'female', 'nl', 68),
(937, 'Queen.Calfee@icloud.com', 'Queen Calfee', 'Youopia', 'female', 'de', 48),
(938, 'Johnette.Demark@planet.nl', 'Johnette Demark', 'Youopia', 'female', 'de', 62),
(939, 'Susana.Venegas@icloud.com', 'Susana Venegas', 'Skippad', 'male', 'se', 69),
(940, 'Kacie.Picklesimer@icloud.com', 'Kacie Picklesimer', 'Tagtune', 'male', 'nl', 48),
(941, 'Arnetta.Boyter@gmail.com', 'Arnetta Boyter', 'Browsetype', 'male', 'nl', 25),
(942, 'Cira.Dombrowski@planet.nl', 'Cira Dombrowski', 'Ntag', 'male', 'se', 65),
(943, 'Agustina.Monte@xs4all.com', 'Agustina Monte', 'Agivu', 'male', 'de', 60),
(944, 'Edythe.Tooley@icloud.com', 'Edythe Tooley', 'Yoveo', 'male', 'nl', 33),
(945, 'Tameka.Stirling@planet.nl', 'Tameka Stirling', 'Flashset', 'female', 'be', 52),
(946, 'Usha.Roebuck@icloud.com', 'Usha Roebuck', 'Vinte', 'male', 'se', 23),
(947, 'Margurite.Buechner@icloud.com', 'Margurite Buechner', 'Jabbersphere', 'male', 'nl', 61),
(948, 'Robbie.Dube@icloud.com', 'Robbie Dube', 'Oozz', 'female', 'nl', 70),
(949, 'Regena.Terry@xs4all.com', 'Regena Terry', 'Kimia', 'female', 'de', 41),
(950, 'Agustina.Calfee@planet.nl', 'Agustina Calfee', 'Browsetype', 'male', 'nl', 59),
(951, 'Vi.Venegas@gmail.com', 'Vi Venegas', 'Ainyx', 'female', 'be', 74),
(952, 'Sirena.Calabria@me.com', 'Sirena Calabria', 'Oyonder', 'female', 'se', 43),
(953, 'Teena.Dakin@outlook.com', 'Teena Dakin', 'Photofeed', 'female', 'nl', 62),
(954, 'Teena.Loso@outlook.com', 'Teena Loso', 'Layo', 'female', 'nl', 26),
(955, 'Carolyn.Farless@hotmail.com', 'Carolyn Farless', 'Browsedrive', 'female', 'be', 75),
(956, 'Neta.Shoffner@live.com', 'Neta Shoffner', 'Babblestorm', 'male', 'be', 64),
(957, 'Rebbecca.Melton@planet.nl', 'Rebbecca Melton', 'Centimia', 'female', 'se', 68),
(958, 'Merideth.Mccaskey@icloud.com', 'Merideth Mccaskey', 'Avamm', 'female', 'nl', 75),
(959, 'Sirena.Tropea@gmail.com', 'Sirena Tropea', 'Youfeed', 'female', 'be', 65),
(960, 'Colene.Burd@icloud.com', 'Colene Burd', 'Lajo', 'male', 'be', 50),
(961, 'Jodee.Pattillo@planet.nl', 'Jodee Pattillo', 'Vimbo', 'male', 'nl', 40),
(962, 'Mittie.Mccaskey@me.com', 'Mittie Mccaskey', 'Avamm', 'male', 'de', 30),
(963, 'Kendrick.Orear@xs4all.com', 'Kendrick Orear', 'Innotype', 'male', 'de', 23),
(964, 'Lavette.Dockstader@xs4all.com', 'Lavette Dockstader', 'Cogidoo', 'female', 'se', 73),
(965, 'Elmer.Heider@icloud.com', 'Elmer Heider', 'Photofeed', 'male', 'se', 78),
(966, 'Bell.Jobe@hotmail.com', 'Bell Jobe', 'Skiba', 'female', 'be', 28),
(967, 'Kizzy.Barco@icloud.com', 'Kizzy Barco', 'Photofeed', 'female', 'nl', 37),
(968, 'Mitzi.Biros@gmail.com', 'Mitzi Biros', 'Thoughtbridge', 'female', 'de', 56),
(969, 'Rhea.Merrell@outlook.com', 'Rhea Merrell', 'Innotype', 'male', 'se', 62),
(970, 'Vasiliki.Jobe@xs4all.com', 'Vasiliki Jobe', 'Kimia', 'male', 'se', 47),
(971, 'Anthony.Carvalho@live.com', 'Anthony Carvalho', 'Ntag', 'female', 'nl', 49),
(972, 'Esta.Briscoe@icloud.com', 'Esta Briscoe', 'Katz', 'male', 'de', 24),
(973, 'Sandi.Jobe@me.com', 'Sandi Jobe', 'Wikizz', 'female', 'de', 57),
(974, 'Aretha.Walther@live.com', 'Aretha Walther', 'Flashset', 'female', 'be', 79),
(975, 'Hiram.Mauricio@outlook.com', 'Hiram Mauricio', 'Skyble', 'female', 'de', 67),
(976, 'Jordon.Kroeker@me.com', 'Jordon Kroeker', 'Thoughtbridge', 'female', 'nl', 22),
(977, 'Zoila.Lighty@gmail.com', 'Zoila Lighty', 'Youfeed', 'female', 'de', 70),
(978, 'Alda.Given@outlook.com', 'Alda Given', 'Skippad', 'female', 'be', 42),
(979, 'Markita.Kneip@hotmail.com', 'Markita Kneip', 'Photofeed', 'female', 'de', 45),
(980, 'Cristine.Gebhardt@icloud.com', 'Cristine Gebhardt', 'Yoveo', 'male', 'de', 24),
(981, 'Noreen.Salvas@icloud.com', 'Noreen Salvas', 'Flashset', 'male', 'nl', 50),
(982, 'Zoila.Gunnell@hotmail.com', 'Zoila Gunnell', 'Centimia', 'male', 'nl', 68),
(983, 'Fernande.Chipman@gmail.com', 'Fernande Chipman', 'Blogtag', 'male', 'se', 25),
(984, 'Agustina.Feinberg@planet.nl', 'Agustina Feinberg', 'Kimia', 'female', 'nl', 79),
(985, 'Norene.Seawell@icloud.com', 'Norene Seawell', 'Youopia', 'male', 'de', 78),
(986, 'Setsuko.Matthes@gmail.com', 'Setsuko Matthes', 'Thoughtbridge', 'female', 'be', 36),
(987, 'Hershel.Heider@xs4all.com', 'Hershel Heider', 'Babblestorm', 'female', 'de', 67),
(988, 'Sadie.Corpuz@xs4all.com', 'Sadie Corpuz', 'Skinder', 'male', 'be', 51),
(989, 'Margurite.Jain@planet.nl', 'Margurite Jain', 'Agivu', 'male', 'nl', 76),
(990, 'Ashleigh.Mattocks@outlook.com', 'Ashleigh Mattocks', 'Chatterbridge', 'female', 'de', 24),
(991, 'Jannet.Lueck@hotmail.com', 'Jannet Lueck', 'Meevee', 'male', 'be', 63),
(992, 'Roman.Heier@live.com', 'Roman Heier', 'Mydeo', 'female', 'de', 34),
(993, 'Queen.Petit@live.com', 'Queen Petit', 'Innotype', 'male', 'nl', 20),
(994, 'Kizzy.Mcnellis@live.com', 'Kizzy Mcnellis', 'Agivu', 'female', 'nl', 31),
(995, 'Zoila.Vaden@gmail.com', 'Zoila Vaden', 'Browsedrive', 'female', 'de', 77),
(996, 'Teena.Channell@gmail.com', 'Teena Channell', 'Livetube', 'male', 'nl', 20),
(997, 'Tessa.Wingard@gmail.com', 'Tessa Wingard', 'Centimia', 'female', 'de', 45),
(998, 'Machelle.Doucette@xs4all.com', 'Machelle Doucette', 'Skinder', 'female', 'nl', 21),
(999, 'Rodger.Wurth@outlook.com', 'Rodger Wurth', 'Oozz', 'male', 'se', 77);

-- --------------------------------------------------------

--
-- Tabelstructuur voor tabel `Practice`
--

CREATE TABLE IF NOT EXISTS `Practice` (
  `PersonId` int(11) NOT NULL,
  `Practice` int(11) NOT NULL
) ENGINE=MyISAM DEFAULT CHARSET=latin1;

--
-- Gegevens worden geëxporteerd voor tabel `Practice`
--

INSERT INTO `Practice` (`PersonId`, `Practice`) VALUES
(0, 0),
(1, 5),
(2, 3),
(3, 4),
(4, 1),
(5, 2),
(6, 2),
(7, 5),
(8, 2),
(9, 5),
(11, 4),
(12, 1),
(13, 4),
(14, 4),
(15, 0),
(16, 3),
(17, 4),
(18, 2),
(19, 3),
(21, 0),
(22, 2),
(23, 4),
(24, 0),
(25, 3),
(27, 4),
(28, 2),
(29, 3),
(30, 0),
(31, 1),
(32, 3),
(33, 3),
(37, 3),
(38, 4),
(39, 0),
(40, 3),
(41, 5),
(42, 3),
(43, 1),
(46, 1),
(47, 4),
(48, 3),
(49, 5),
(50, 3),
(51, 5),
(52, 1),
(53, 2),
(54, 3),
(56, 2),
(57, 4),
(59, 0),
(60, 3),
(61, 1),
(62, 5),
(63, 5),
(64, 3),
(65, 2),
(66, 2),
(67, 5),
(68, 0),
(69, 0),
(70, 4),
(71, 5),
(72, 4),
(73, 2),
(74, 3),
(75, 4),
(77, 4),
(80, 4),
(82, 3),
(83, 4),
(84, 4),
(85, 1),
(86, 1),
(87, 4),
(88, 2),
(89, 5),
(90, 5),
(91, 5),
(92, 5),
(93, 1),
(94, 3),
(95, 3),
(96, 1),
(98, 2),
(100, 0),
(101, 1),
(102, 2),
(103, 4),
(104, 5),
(105, 2),
(106, 0),
(107, 0),
(108, 0),
(109, 1),
(112, 1),
(113, 1),
(115, 5),
(116, 0),
(117, 2),
(118, 3),
(119, 0),
(120, 5),
(121, 2),
(122, 5),
(123, 0),
(124, 2),
(125, 3),
(127, 1),
(128, 5),
(129, 1),
(130, 1),
(131, 4),
(132, 3),
(133, 1),
(134, 0),
(135, 0),
(136, 4),
(138, 0),
(139, 1),
(141, 0),
(142, 1),
(144, 4),
(146, 3),
(147, 5),
(148, 0),
(149, 2),
(150, 0),
(151, 3),
(152, 4),
(156, 5),
(157, 1),
(158, 1),
(159, 4),
(161, 5),
(162, 2),
(163, 1),
(164, 1),
(165, 2),
(166, 0),
(169, 1),
(170, 5),
(171, 5),
(172, 1),
(173, 2),
(174, 5),
(176, 4),
(177, 3),
(179, 5),
(181, 4),
(182, 2),
(183, 3),
(184, 1),
(186, 4),
(188, 1),
(189, 2),
(190, 1),
(192, 2),
(193, 3),
(194, 5),
(196, 3),
(197, 3),
(198, 3),
(199, 5),
(200, 0),
(202, 3),
(203, 2),
(204, 0),
(205, 1),
(206, 1),
(207, 1),
(208, 1),
(209, 4),
(211, 0),
(212, 2),
(213, 2),
(214, 4),
(215, 4),
(217, 2),
(218, 1),
(220, 4),
(223, 0),
(224, 5),
(226, 2),
(227, 0),
(228, 5),
(229, 5),
(230, 5),
(231, 2),
(232, 2),
(233, 2),
(235, 1),
(236, 4),
(238, 0),
(239, 1),
(241, 2),
(243, 2),
(244, 4),
(248, 5),
(249, 4),
(250, 4),
(251, 5),
(252, 2),
(254, 0),
(255, 3),
(257, 4),
(258, 1),
(259, 3),
(260, 1),
(261, 3),
(262, 2),
(263, 1),
(264, 3),
(265, 0),
(266, 3),
(267, 0),
(268, 3),
(269, 1),
(270, 3),
(271, 1),
(272, 5),
(273, 2),
(274, 5),
(275, 0),
(276, 1),
(279, 3),
(283, 3),
(284, 0),
(286, 5),
(287, 3),
(289, 2),
(290, 2),
(291, 1),
(293, 2),
(294, 2),
(295, 1),
(297, 5),
(298, 4),
(300, 2),
(301, 3),
(302, 2),
(305, 4),
(306, 5),
(307, 4),
(308, 4),
(310, 5),
(311, 3),
(312, 5),
(313, 4),
(314, 1),
(315, 4),
(316, 1),
(317, 3),
(319, 1),
(320, 1),
(322, 1),
(323, 5),
(324, 3),
(326, 0),
(328, 2),
(329, 3),
(330, 1),
(331, 4),
(332, 2),
(336, 3),
(337, 2),
(338, 1),
(339, 0),
(340, 2),
(341, 1),
(342, 3),
(343, 3),
(344, 0),
(345, 5),
(346, 5),
(347, 2),
(348, 5),
(349, 1),
(350, 1),
(351, 0),
(353, 1),
(355, 5),
(356, 4),
(357, 1),
(358, 5),
(359, 2),
(360, 4),
(361, 0),
(362, 1),
(364, 3),
(365, 4),
(368, 1),
(369, 2),
(370, 0),
(371, 3),
(372, 1),
(373, 3),
(374, 1),
(376, 5),
(377, 3),
(378, 3),
(379, 0),
(380, 2),
(382, 3),
(384, 0),
(385, 2),
(386, 1),
(387, 2),
(388, 0),
(389, 5),
(390, 2),
(391, 5),
(392, 0),
(393, 1),
(394, 2),
(395, 1),
(396, 1),
(398, 4),
(399, 5),
(401, 4),
(403, 0),
(404, 4),
(405, 1),
(407, 5),
(408, 0),
(410, 4),
(411, 1),
(412, 4),
(413, 1),
(414, 3),
(415, 1),
(416, 3),
(417, 0),
(418, 1),
(419, 5),
(420, 5),
(421, 5),
(422, 1),
(423, 4),
(426, 4),
(427, 5),
(428, 0),
(429, 1),
(430, 2),
(431, 3),
(432, 2),
(433, 4),
(434, 2),
(435, 5),
(436, 1),
(438, 2),
(439, 5),
(440, 2),
(441, 5),
(442, 5),
(443, 4),
(444, 4),
(445, 3),
(446, 2),
(447, 3),
(448, 2),
(449, 4),
(450, 2),
(451, 3),
(452, 1),
(453, 1),
(456, 1),
(457, 4),
(458, 3),
(460, 0),
(462, 4),
(463, 1),
(464, 4),
(465, 3),
(466, 5),
(467, 0),
(469, 5),
(470, 1),
(471, 0),
(472, 3),
(473, 2),
(474, 2),
(475, 5),
(476, 2),
(478, 4),
(479, 5),
(480, 1),
(481, 0),
(482, 0),
(483, 2),
(484, 2),
(485, 0),
(486, 1),
(489, 3),
(490, 4),
(493, 3),
(494, 1),
(495, 5),
(496, 0),
(497, 3),
(500, 1),
(501, 4),
(502, 1),
(503, 1),
(504, 2),
(505, 3),
(506, 0),
(507, 0),
(508, 0),
(509, 3),
(510, 0),
(511, 3),
(514, 1),
(515, 3),
(517, 5),
(518, 2),
(520, 1),
(521, 2),
(522, 5),
(523, 1),
(524, 5),
(525, 5),
(528, 5),
(529, 3),
(530, 2),
(531, 2),
(533, 5),
(535, 2),
(536, 5),
(537, 4),
(538, 4),
(539, 5),
(541, 3),
(544, 0),
(545, 4),
(546, 0),
(547, 0),
(549, 1),
(550, 2),
(551, 4),
(552, 5),
(553, 3),
(554, 1),
(555, 2),
(556, 3),
(557, 1),
(558, 2),
(559, 3),
(561, 1),
(562, 5),
(563, 0),
(565, 4),
(566, 2),
(567, 5),
(568, 2),
(569, 0),
(570, 3),
(571, 1),
(572, 2),
(573, 5),
(574, 1),
(576, 4),
(577, 2),
(578, 3),
(579, 1),
(580, 5),
(581, 3),
(583, 1),
(584, 0),
(585, 5),
(586, 2),
(587, 3),
(588, 4),
(589, 5),
(590, 0),
(592, 0),
(593, 4),
(594, 1),
(595, 3),
(596, 1),
(597, 1),
(598, 4),
(599, 2),
(601, 3),
(603, 3),
(605, 1),
(606, 0),
(608, 5),
(609, 4),
(610, 1),
(611, 1),
(613, 3),
(614, 4),
(616, 0),
(617, 4),
(618, 2),
(619, 5),
(621, 0),
(622, 2),
(623, 1),
(624, 2),
(625, 4),
(626, 3),
(627, 2),
(628, 2),
(630, 5),
(631, 1),
(632, 5),
(633, 0),
(634, 5),
(636, 5),
(637, 5),
(638, 1),
(640, 1),
(641, 4),
(642, 5),
(643, 3),
(644, 2),
(645, 2),
(646, 3),
(647, 4),
(648, 1),
(649, 3),
(651, 4),
(653, 2),
(656, 0),
(658, 0),
(660, 1),
(661, 0),
(662, 5),
(663, 3),
(664, 5),
(665, 0),
(666, 2),
(667, 4),
(668, 4),
(669, 2),
(673, 5),
(674, 4),
(675, 5),
(677, 5),
(678, 4),
(679, 2),
(681, 4),
(684, 1),
(685, 3),
(686, 5),
(687, 5),
(689, 0),
(690, 4),
(691, 0),
(692, 4),
(693, 0),
(694, 0),
(695, 3),
(696, 4),
(697, 0),
(698, 5),
(699, 1),
(701, 1),
(702, 2),
(703, 0),
(704, 0),
(705, 0),
(706, 3),
(707, 4),
(708, 0),
(709, 3),
(710, 5),
(712, 2),
(713, 4),
(714, 2),
(715, 0),
(716, 2),
(718, 4),
(719, 0),
(720, 1),
(721, 4),
(722, 5),
(723, 3),
(724, 0),
(726, 0),
(727, 4),
(728, 2),
(729, 1),
(730, 3),
(731, 0),
(732, 3),
(733, 0),
(734, 2),
(735, 2),
(736, 1),
(737, 1),
(738, 3),
(739, 2),
(740, 3),
(741, 5),
(742, 1),
(745, 4),
(747, 1),
(748, 0),
(749, 1),
(750, 0),
(751, 1),
(753, 0),
(754, 3),
(755, 2),
(756, 3),
(757, 0),
(758, 2),
(759, 4),
(760, 0),
(761, 3),
(762, 5),
(765, 0),
(766, 3),
(767, 4),
(768, 2),
(769, 1),
(770, 3),
(771, 0),
(772, 2),
(773, 0),
(774, 5),
(776, 1),
(777, 5),
(779, 2),
(780, 5),
(781, 4),
(782, 1),
(783, 2),
(784, 1),
(785, 2),
(786, 1),
(787, 4),
(788, 2),
(789, 3),
(790, 1),
(791, 0),
(792, 4),
(793, 0),
(794, 0),
(795, 3),
(796, 4),
(797, 3),
(798, 5),
(799, 5),
(801, 0),
(802, 2),
(803, 5),
(804, 2),
(805, 5),
(806, 5),
(807, 4),
(808, 2),
(810, 1),
(811, 3),
(813, 2),
(815, 0),
(816, 2),
(817, 4),
(818, 5),
(819, 3),
(820, 5),
(821, 1),
(822, 5),
(824, 1),
(826, 4),
(827, 1),
(828, 1),
(829, 4),
(830, 2),
(831, 2),
(832, 5),
(833, 1),
(834, 2),
(835, 4),
(838, 4),
(839, 3),
(840, 0),
(841, 0),
(842, 2),
(843, 3),
(845, 3),
(846, 2),
(847, 1),
(848, 2),
(849, 2),
(850, 4),
(851, 4),
(852, 1),
(853, 1),
(854, 1),
(855, 4),
(856, 3),
(857, 3),
(858, 5),
(859, 2),
(860, 4),
(862, 5),
(865, 1),
(866, 0),
(867, 0),
(868, 0),
(870, 4),
(872, 5),
(873, 2),
(874, 2),
(875, 2),
(877, 1),
(878, 1),
(880, 1),
(881, 3),
(882, 3),
(883, 2),
(884, 4),
(886, 4),
(888, 4),
(889, 1),
(890, 5),
(891, 3),
(893, 4),
(897, 3),
(899, 2),
(900, 1),
(901, 3),
(902, 3),
(903, 0),
(904, 2),
(905, 3),
(906, 0),
(907, 5),
(909, 5),
(910, 0),
(911, 4),
(912, 5),
(913, 0),
(915, 5),
(916, 4),
(917, 5),
(918, 5),
(919, 5),
(920, 2),
(921, 3),
(922, 1),
(923, 0),
(926, 5),
(927, 1),
(928, 0),
(929, 2),
(930, 4),
(931, 2),
(932, 3),
(934, 5),
(935, 3),
(936, 5),
(938, 0),
(939, 4),
(940, 2),
(942, 0),
(943, 0),
(944, 3),
(945, 2),
(946, 5),
(947, 1),
(950, 1),
(951, 2),
(953, 2),
(954, 2),
(955, 4),
(958, 1),
(960, 1),
(961, 5),
(964, 5),
(965, 0),
(966, 5),
(968, 0),
(969, 2),
(970, 2),
(971, 2),
(972, 0),
(973, 3),
(974, 2),
(975, 4),
(976, 2),
(978, 0),
(979, 2),
(980, 4),
(981, 2),
(982, 1),
(983, 3),
(984, 4),
(985, 2),
(987, 3),
(988, 3),
(989, 4),
(991, 1),
(992, 5),
(993, 3),
(994, 4),
(995, 4),
(996, 0),
(997, 0),
(998, 2),
(999, 1);

-- --------------------------------------------------------

--
-- Tabelstructuur voor tabel `PracticeNames`
--

CREATE TABLE IF NOT EXISTS `PracticeNames` (
  `Practice` int(11) NOT NULL,
  `PracticeName` varchar(50) NOT NULL
) ENGINE=MyISAM DEFAULT CHARSET=latin1;

--
-- Gegevens worden geëxporteerd voor tabel `PracticeNames`
--

INSERT INTO `PracticeNames` (`Practice`, `PracticeName`) VALUES
(0, 'Siebel'),
(1, 'Sales Cloud'),
(2, 'Service Cloud'),
(3, 'Marketing Cloud'),
(4, 'BI'),
(5, 'Siebel');

-- --------------------------------------------------------

--
-- Tabelstructuur voor tabel `Quotes`
--

CREATE TABLE IF NOT EXISTS `Quotes` (
  `RowNumber` int(11) NOT NULL,
  `PersonId` int(11) NOT NULL,
  `Price` int(11) NOT NULL,
  `Practice` varchar(50) NOT NULL
) ENGINE=MyISAM DEFAULT CHARSET=latin1;

--
-- Gegevens worden geëxporteerd voor tabel `Quotes`
--

INSERT INTO `Quotes` (`RowNumber`, `PersonId`, `Price`, `Practice`) VALUES
(0, 0, 0, 'PriceType '),
(1, 6, 33631, '2'),
(2, 9, 42821, '5'),
(3, 15, 42169, '0'),
(4, 17, 65988, '4'),
(5, 17, 73311, '4'),
(6, 22, 8698, '2'),
(7, 22, 48064, '2'),
(8, 24, 43072, '0'),
(9, 30, 46554, '0'),
(10, 31, 51116, '1'),
(11, 37, 28193, '3'),
(12, 37, 9926, '3'),
(13, 39, 27901, '0'),
(14, 40, 36933, '3'),
(15, 40, 30163, '3'),
(16, 42, 10101, '3'),
(17, 49, 87172, '5'),
(18, 49, 70669, '5'),
(19, 49, 55024, '5'),
(20, 50, 18876, '3'),
(21, 51, 27184, '5'),
(22, 51, 34311, '5'),
(23, 60, 33539, '3'),
(24, 61, 52774, '1'),
(25, 62, 27360, '5'),
(26, 62, 27115, '5'),
(27, 62, 48590, '5'),
(28, 63, 25608, '5'),
(29, 67, 40316, '5'),
(30, 67, 48547, '5'),
(31, 67, 27519, '5'),
(32, 68, 82067, '0'),
(33, 71, 23568, '5'),
(34, 71, 25998, '5'),
(35, 71, 68704, '5'),
(36, 72, 74017, '4'),
(37, 74, 51266, '3'),
(38, 74, 38800, '3'),
(39, 74, 19281, '3'),
(40, 75, 69588, '4'),
(41, 77, 75027, '4'),
(42, 77, 79013, '4'),
(43, 77, 71422, '4'),
(44, 77, 57663, '4'),
(45, 80, 74107, '4'),
(46, 80, 75504, '4'),
(47, 80, 52948, '4'),
(48, 80, 23775, '4'),
(49, 82, 22840, '3'),
(50, 82, 16543, '3'),
(51, 84, 63355, '4'),
(52, 86, 50264, '1'),
(53, 86, 42227, '1'),
(54, 90, 89097, '5'),
(55, 90, 46913, '5'),
(56, 91, 83221, '5'),
(57, 92, 79320, '5'),
(58, 92, 85527, '5'),
(59, 93, 45150, '1'),
(60, 94, 59274, '3'),
(61, 95, 52169, '3'),
(62, 96, 45566, '1'),
(63, 100, 55987, '0'),
(64, 100, 73013, '0'),
(65, 100, 45311, '0'),
(66, 100, 60365, '0'),
(67, 103, 76267, '4'),
(68, 103, 68237, '4'),
(69, 109, 43384, '1'),
(70, 112, 43304, '1'),
(71, 112, 43617, '1'),
(72, 113, 54787, '1'),
(73, 115, 39782, '5'),
(74, 115, 13516, '5'),
(75, 115, 26286, '5'),
(76, 115, 69790, '5'),
(77, 116, 21793, '0'),
(78, 116, 43671, '0'),
(79, 118, 19509, '3'),
(80, 118, 21837, '3'),
(81, 119, 30767, '0'),
(82, 119, 32877, '0'),
(83, 119, 18162, '0'),
(84, 119, 38052, '0'),
(85, 120, 14088, '5'),
(86, 120, 52956, '5'),
(87, 120, 25577, '5'),
(88, 122, 64419, '5'),
(89, 123, 88852, '0'),
(90, 127, 52472, '1'),
(91, 127, 44260, '1'),
(92, 128, 28900, '5'),
(93, 128, 48514, '5'),
(94, 130, 54075, '1'),
(95, 130, 41284, '1'),
(96, 130, 49025, '1'),
(97, 130, 41629, '1'),
(98, 130, 58895, '1'),
(99, 131, 77661, '4'),
(100, 131, 75310, '4'),
(101, 131, 35573, '4'),
(102, 131, 45324, '4'),
(103, 131, 52973, '4'),
(104, 133, 44292, '1'),
(105, 133, 44737, '1'),
(106, 133, 53042, '1'),
(107, 135, 18213, '0'),
(108, 136, 65582, '4'),
(109, 136, 76328, '4'),
(110, 138, 38248, '0'),
(111, 142, 47757, '1'),
(112, 144, 68017, '4'),
(113, 146, 40315, '3'),
(114, 151, 53799, '3'),
(115, 151, 32044, '3'),
(116, 156, 82563, '5'),
(117, 156, 21896, '5'),
(118, 158, 46002, '1'),
(119, 158, 57727, '1'),
(120, 158, 37568, '1'),
(121, 159, 73756, '4'),
(122, 162, 55722, '2'),
(123, 164, 54664, '1'),
(124, 164, 59383, '1'),
(125, 164, 43539, '1'),
(126, 164, 53276, '1'),
(127, 164, 47808, '1'),
(128, 169, 40979, '1'),
(129, 169, 55923, '1'),
(130, 170, 44937, '5'),
(131, 171, 29027, '5'),
(132, 174, 78843, '5'),
(133, 174, 80251, '5'),
(134, 182, 7110, '2'),
(135, 183, 15041, '3'),
(136, 189, 17062, '2'),
(137, 189, 8249, '2'),
(138, 194, 74466, '5'),
(139, 194, 17334, '5'),
(140, 198, 42824, '3'),
(141, 198, 22785, '3'),
(142, 198, 51646, '3'),
(143, 199, 32569, '5'),
(144, 200, 25530, '0'),
(145, 200, 26216, '0'),
(146, 203, 20978, '2'),
(147, 203, 20823, '2'),
(148, 205, 52579, '1'),
(149, 205, 54646, '1'),
(150, 205, 41594, '1'),
(151, 205, 55958, '1'),
(152, 205, 30065, '1'),
(153, 205, 10301, '1'),
(154, 208, 57042, '1'),
(155, 208, 47433, '1'),
(156, 209, 74475, '4'),
(157, 211, 45638, '0'),
(158, 211, 38476, '0'),
(159, 214, 76974, '4'),
(160, 218, 59594, '1'),
(161, 218, 44035, '1'),
(162, 220, 65594, '4'),
(163, 220, 74402, '4'),
(164, 223, 18715, '0'),
(165, 224, 12923, '5'),
(166, 224, 31677, '5'),
(167, 226, 49622, '2'),
(168, 226, 43506, '2'),
(169, 226, 24635, '2'),
(170, 226, 20206, '2'),
(171, 226, 30558, '2'),
(172, 226, 23309, '2'),
(173, 226, 52451, '2'),
(174, 228, 67376, '5'),
(175, 228, 35875, '5'),
(176, 229, 36473, '5'),
(177, 230, 60633, '5'),
(178, 230, 26528, '5'),
(179, 230, 73735, '5'),
(180, 231, 56813, '2'),
(181, 231, 44603, '2'),
(182, 232, 47376, '2'),
(183, 233, 30096, '2'),
(184, 238, 54822, '0'),
(185, 238, 23382, '0'),
(186, 243, 38967, '2'),
(187, 243, 56333, '2'),
(188, 243, 34467, '2'),
(189, 244, 62662, '4'),
(190, 248, 31227, '5'),
(191, 248, 11035, '5'),
(192, 249, 71134, '4'),
(193, 252, 34615, '2'),
(194, 252, 50868, '2'),
(195, 254, 14758, '0'),
(196, 257, 73472, '4'),
(197, 260, 58174, '1'),
(198, 261, 37012, '3'),
(199, 263, 48307, '1'),
(200, 267, 72418, '0'),
(201, 267, 63986, '0'),
(202, 270, 8155, '3'),
(203, 270, 16915, '3'),
(204, 271, 48823, '1'),
(205, 271, 55250, '1'),
(206, 272, 70369, '5'),
(207, 273, 21282, '2'),
(208, 273, 10380, '2'),
(209, 273, 10536, '2'),
(210, 273, 52878, '2'),
(211, 273, 16539, '2'),
(212, 283, 35834, '3'),
(213, 283, 49314, '3'),
(214, 284, 41559, '0'),
(215, 284, 16865, '0'),
(216, 286, 50501, '5'),
(217, 286, 85280, '5'),
(218, 287, 27535, '3'),
(219, 289, 33464, '2'),
(220, 291, 50435, '1'),
(221, 294, 28092, '2'),
(222, 294, 12125, '2'),
(223, 297, 58254, '5'),
(224, 297, 79125, '5'),
(225, 297, 27073, '5'),
(226, 297, 17934, '5'),
(227, 301, 47146, '3'),
(228, 301, 16564, '3'),
(229, 306, 61709, '5'),
(230, 310, 12056, '5'),
(231, 310, 47247, '5'),
(232, 310, 59612, '5'),
(233, 314, 48672, '1'),
(234, 315, 78242, '4'),
(235, 319, 53935, '1'),
(236, 319, 44339, '1'),
(237, 323, 47516, '5'),
(238, 324, 48596, '3'),
(239, 324, 12137, '3'),
(240, 326, 73529, '0'),
(241, 331, 79541, '4'),
(242, 336, 38568, '3'),
(243, 336, 36374, '3'),
(244, 336, 17998, '3'),
(245, 336, 30655, '3'),
(246, 336, 49419, '3'),
(247, 336, 57149, '3'),
(248, 338, 51807, '1'),
(249, 339, 44838, '0'),
(250, 339, 13151, '0'),
(251, 343, 7128, '3'),
(252, 343, 9043, '3'),
(253, 344, 66619, '0'),
(254, 344, 74249, '0'),
(255, 344, 19145, '0'),
(256, 347, 33396, '2'),
(257, 348, 12365, '5'),
(258, 351, 89392, '0'),
(259, 351, 37190, '0'),
(260, 355, 10500, '5'),
(261, 355, 47868, '5'),
(262, 355, 41091, '5'),
(263, 356, 65773, '4'),
(264, 357, 41216, '1'),
(265, 358, 36820, '5'),
(266, 358, 47050, '5'),
(267, 360, 66843, '4'),
(268, 360, 60731, '4'),
(269, 360, 47643, '4'),
(270, 361, 58045, '0'),
(271, 365, 66015, '4'),
(272, 370, 75428, '0'),
(273, 372, 54518, '1'),
(274, 374, 42827, '1'),
(275, 380, 19056, '2'),
(276, 380, 12792, '2'),
(277, 384, 81754, '0'),
(278, 384, 37822, '0'),
(279, 386, 48140, '1'),
(280, 390, 39331, '2'),
(281, 391, 54664, '5'),
(282, 391, 24337, '5'),
(283, 392, 33553, '0'),
(284, 394, 12889, '2'),
(285, 394, 18753, '2'),
(286, 401, 62523, '4'),
(287, 401, 65889, '4'),
(288, 401, 79423, '4'),
(289, 403, 69166, '0'),
(290, 404, 76393, '4'),
(291, 404, 78378, '4'),
(292, 404, 60417, '4'),
(293, 404, 60211, '4'),
(294, 405, 50120, '1'),
(295, 405, 51946, '1'),
(296, 407, 35251, '5'),
(297, 407, 26683, '5'),
(298, 407, 13559, '5'),
(299, 408, 18448, '0'),
(300, 411, 48801, '1'),
(301, 416, 36225, '3'),
(302, 416, 58267, '3'),
(303, 418, 58572, '1'),
(304, 418, 51070, '1'),
(305, 418, 17974, '1'),
(306, 419, 29419, '5'),
(307, 420, 15684, '5'),
(308, 420, 15983, '5'),
(309, 420, 26689, '5'),
(310, 421, 14085, '5'),
(311, 422, 57282, '1'),
(312, 423, 75596, '4'),
(313, 423, 69565, '4'),
(314, 430, 15359, '2'),
(315, 432, 57153, '2'),
(316, 439, 48347, '5'),
(317, 440, 49382, '2'),
(318, 440, 54493, '2'),
(319, 440, 41432, '2'),
(320, 441, 30926, '5'),
(321, 441, 74620, '5'),
(322, 441, 30157, '5'),
(323, 441, 40191, '5'),
(324, 441, 55444, '5'),
(325, 443, 65493, '4'),
(326, 445, 36895, '3'),
(327, 445, 20960, '3'),
(328, 449, 64136, '4'),
(329, 449, 42057, '4'),
(330, 449, 34961, '4'),
(331, 449, 40616, '4'),
(332, 449, 34957, '4'),
(333, 453, 41355, '1'),
(334, 457, 74935, '4'),
(335, 460, 83409, '0'),
(336, 460, 18945, '0'),
(337, 462, 63818, '4'),
(338, 462, 60913, '4'),
(339, 463, 48791, '1'),
(340, 463, 56243, '1'),
(341, 463, 56664, '1'),
(342, 464, 64631, '4'),
(343, 466, 65510, '5'),
(344, 470, 56367, '1'),
(345, 471, 74333, '0'),
(346, 471, 84724, '0'),
(347, 476, 8242, '2'),
(348, 476, 35825, '2'),
(349, 476, 19357, '2'),
(350, 479, 86043, '5'),
(351, 482, 44044, '0'),
(352, 482, 14360, '0'),
(353, 483, 9496, '2'),
(354, 483, 57565, '2'),
(355, 483, 14846, '2'),
(356, 485, 64166, '0'),
(357, 486, 58248, '1'),
(358, 489, 40518, '3'),
(359, 489, 35468, '3'),
(360, 489, 6638, '3'),
(361, 493, 55837, '3'),
(362, 494, 47315, '1'),
(363, 496, 51504, '0'),
(364, 496, 60591, '0'),
(365, 496, 11373, '0'),
(366, 500, 41307, '1'),
(367, 501, 72247, '4'),
(368, 502, 55381, '1'),
(369, 502, 46106, '1'),
(370, 503, 40889, '1'),
(371, 503, 46348, '1'),
(372, 504, 26673, '2'),
(373, 504, 39050, '2'),
(374, 506, 18484, '0'),
(375, 507, 43226, '0'),
(376, 508, 61182, '0'),
(377, 508, 25874, '0'),
(378, 508, 8521, '0'),
(379, 510, 47471, '0'),
(380, 514, 40770, '1'),
(381, 515, 35602, '3'),
(382, 520, 53436, '1'),
(383, 521, 49489, '2'),
(384, 521, 27370, '2'),
(385, 522, 76241, '5'),
(386, 522, 56416, '5'),
(387, 523, 40821, '1'),
(388, 523, 56203, '1'),
(389, 523, 8294, '1'),
(390, 524, 26695, '5'),
(391, 524, 84263, '5'),
(392, 525, 10390, '5'),
(393, 525, 79727, '5'),
(394, 529, 10732, '3'),
(395, 537, 60630, '4'),
(396, 537, 65020, '4'),
(397, 537, 73906, '4'),
(398, 537, 12626, '4'),
(399, 538, 64521, '4'),
(400, 538, 61665, '4'),
(401, 544, 81557, '0'),
(402, 546, 14709, '0'),
(403, 546, 36968, '0'),
(404, 546, 13971, '0'),
(405, 551, 79555, '4'),
(406, 552, 39426, '5'),
(407, 553, 47564, '3'),
(408, 553, 36350, '3'),
(409, 555, 25985, '2'),
(410, 556, 31944, '3'),
(411, 556, 53160, '3'),
(412, 556, 29252, '3'),
(413, 558, 23811, '2'),
(414, 561, 50702, '1'),
(415, 562, 73412, '5'),
(416, 562, 16664, '5'),
(417, 562, 48332, '5'),
(418, 563, 23484, '0'),
(419, 565, 79922, '4'),
(420, 567, 89820, '5'),
(421, 569, 22961, '0'),
(422, 569, 27124, '0'),
(423, 569, 33542, '0'),
(424, 573, 16871, '5'),
(425, 573, 89720, '5'),
(426, 574, 56938, '1'),
(427, 574, 53469, '1'),
(428, 577, 10149, '2'),
(429, 580, 16008, '5'),
(430, 583, 45982, '1'),
(431, 583, 26690, '1'),
(432, 584, 14241, '0'),
(433, 586, 46888, '2'),
(434, 589, 59910, '5'),
(435, 589, 46219, '5'),
(436, 590, 78240, '0'),
(437, 592, 26183, '0'),
(438, 592, 17848, '0'),
(439, 592, 24066, '0'),
(440, 592, 59504, '0'),
(441, 596, 51854, '1'),
(442, 596, 38573, '1'),
(443, 596, 50982, '1'),
(444, 597, 50468, '1'),
(445, 598, 72576, '4'),
(446, 598, 69634, '4'),
(447, 598, 12211, '4'),
(448, 598, 21630, '4'),
(449, 598, 34961, '4'),
(450, 599, 53343, '2'),
(451, 599, 59429, '2'),
(452, 601, 24623, '3'),
(453, 601, 54861, '3'),
(454, 606, 40059, '0'),
(455, 606, 45360, '0'),
(456, 606, 81060, '0'),
(457, 611, 58885, '1'),
(458, 613, 38179, '3'),
(459, 613, 55623, '3'),
(460, 613, 21481, '3'),
(461, 614, 72430, '4'),
(462, 616, 13265, '0'),
(463, 617, 68418, '4'),
(464, 618, 6345, '2'),
(465, 619, 50814, '5'),
(466, 621, 32502, '0'),
(467, 624, 7153, '2'),
(468, 625, 79195, '4'),
(469, 627, 55709, '2'),
(470, 631, 43044, '1'),
(471, 632, 38683, '5'),
(472, 632, 86924, '5'),
(473, 632, 28520, '5'),
(474, 634, 49056, '5'),
(475, 636, 45309, '5'),
(476, 638, 56069, '1'),
(477, 638, 33314, '1'),
(478, 638, 45361, '1'),
(479, 640, 50207, '1'),
(480, 640, 10963, '1'),
(481, 641, 72508, '4'),
(482, 641, 74555, '4'),
(483, 642, 44561, '5'),
(484, 642, 41017, '5'),
(485, 642, 54807, '5'),
(486, 643, 16270, '3'),
(487, 643, 8031, '3'),
(488, 648, 44734, '1'),
(489, 649, 8715, '3'),
(490, 651, 66641, '4'),
(491, 651, 7780, '4'),
(492, 661, 63390, '0'),
(493, 661, 28087, '0'),
(494, 661, 77495, '0'),
(495, 662, 52737, '5'),
(496, 662, 49218, '5'),
(497, 662, 88590, '5'),
(498, 663, 34066, '3'),
(499, 663, 34069, '3'),
(500, 663, 52515, '3'),
(501, 664, 86157, '5'),
(502, 666, 18230, '2'),
(503, 666, 23396, '2'),
(504, 667, 77082, '4'),
(505, 668, 78891, '4'),
(506, 673, 29415, '5'),
(507, 673, 8307, '5'),
(508, 673, 13829, '5'),
(509, 681, 78850, '4'),
(510, 681, 60585, '4'),
(511, 681, 77896, '4'),
(512, 681, 10378, '4'),
(513, 681, 5090, '4'),
(514, 681, 58245, '4'),
(515, 689, 54230, '0'),
(516, 691, 35566, '0'),
(517, 693, 16982, '0'),
(518, 693, 86492, '0'),
(519, 696, 76105, '4'),
(520, 696, 61563, '4'),
(521, 696, 63611, '4'),
(522, 696, 67107, '4'),
(523, 698, 58493, '5'),
(524, 703, 72032, '0'),
(525, 703, 66573, '0'),
(526, 703, 24531, '0'),
(527, 703, 56507, '0'),
(528, 703, 24499, '0'),
(529, 704, 23306, '0'),
(530, 707, 68209, '4'),
(531, 708, 80978, '0'),
(532, 709, 51715, '3'),
(533, 709, 25607, '3'),
(534, 709, 19623, '3'),
(535, 713, 67494, '4'),
(536, 716, 51477, '2'),
(537, 716, 38384, '2'),
(538, 716, 43623, '2'),
(539, 716, 29463, '2'),
(540, 716, 8408, '2'),
(541, 721, 64999, '4'),
(542, 723, 45892, '3'),
(543, 723, 10307, '3'),
(544, 723, 42533, '3'),
(545, 724, 10209, '0'),
(546, 724, 77382, '0'),
(547, 724, 62701, '0'),
(548, 726, 23766, '0'),
(549, 729, 49151, '1'),
(550, 730, 42704, '3'),
(551, 733, 85104, '0'),
(552, 734, 6949, '2'),
(553, 734, 6457, '2'),
(554, 742, 55558, '1'),
(555, 748, 38525, '0'),
(556, 749, 56240, '1'),
(557, 749, 40625, '1'),
(558, 749, 55839, '1'),
(559, 750, 64673, '0'),
(560, 750, 46912, '0'),
(561, 751, 59289, '1'),
(562, 753, 79281, '0'),
(563, 754, 58527, '3'),
(564, 754, 28122, '3'),
(565, 754, 40252, '3'),
(566, 754, 19713, '3'),
(567, 754, 43204, '3'),
(568, 755, 48953, '2'),
(569, 756, 12408, '3'),
(570, 756, 23910, '3'),
(571, 759, 70436, '4'),
(572, 759, 61814, '4'),
(573, 761, 24710, '3'),
(574, 761, 23232, '3'),
(575, 766, 11478, '3'),
(576, 766, 23854, '3'),
(577, 767, 76963, '4'),
(578, 767, 19603, '4'),
(579, 767, 13436, '4'),
(580, 768, 16014, '2'),
(581, 768, 16327, '2'),
(582, 768, 55197, '2'),
(583, 769, 48606, '1'),
(584, 771, 53933, '0'),
(585, 771, 52608, '0'),
(586, 773, 46940, '0'),
(587, 774, 14431, '5'),
(588, 776, 51169, '1'),
(589, 776, 49135, '1'),
(590, 777, 64962, '5'),
(591, 777, 34864, '5'),
(592, 777, 41353, '5'),
(593, 779, 27503, '2'),
(594, 781, 71239, '4'),
(595, 781, 55516, '4'),
(596, 785, 36614, '2'),
(597, 789, 38384, '3'),
(598, 789, 17761, '3'),
(599, 791, 65236, '0'),
(600, 792, 73619, '4'),
(601, 793, 19606, '0'),
(602, 793, 45335, '0'),
(603, 794, 76397, '0'),
(604, 794, 89359, '0'),
(605, 794, 66820, '0'),
(606, 796, 65155, '4'),
(607, 796, 73674, '4'),
(608, 796, 79087, '4'),
(609, 796, 42869, '4'),
(610, 798, 64823, '5'),
(611, 799, 74269, '5'),
(612, 801, 22274, '0'),
(613, 801, 84378, '0'),
(614, 801, 34373, '0'),
(615, 801, 62529, '0'),
(616, 803, 59758, '5'),
(617, 803, 47517, '5'),
(618, 805, 74158, '5'),
(619, 805, 30042, '5'),
(620, 805, 40242, '5'),
(621, 806, 58987, '5'),
(622, 806, 18972, '5'),
(623, 818, 50178, '5'),
(624, 818, 68727, '5'),
(625, 818, 33142, '5'),
(626, 818, 69727, '5'),
(627, 818, 17349, '5'),
(628, 818, 25776, '5'),
(629, 818, 23706, '5'),
(630, 820, 29338, '5'),
(631, 820, 54362, '5'),
(632, 821, 52361, '1'),
(633, 822, 15002, '5'),
(634, 829, 64563, '4'),
(635, 830, 37512, '2'),
(636, 831, 35546, '2'),
(637, 832, 46318, '5'),
(638, 832, 42056, '5'),
(639, 832, 46706, '5'),
(640, 832, 41858, '5'),
(641, 832, 24845, '5'),
(642, 832, 59096, '5'),
(643, 833, 41077, '1'),
(644, 833, 44406, '1'),
(645, 838, 68245, '4'),
(646, 838, 28561, '4'),
(647, 839, 44281, '3'),
(648, 839, 49565, '3'),
(649, 840, 44881, '0'),
(650, 840, 77242, '0'),
(651, 841, 41253, '0'),
(652, 843, 26237, '3'),
(653, 845, 46695, '3'),
(654, 845, 59649, '3'),
(655, 845, 20459, '3'),
(656, 846, 45700, '2'),
(657, 846, 12125, '2'),
(658, 847, 48413, '1'),
(659, 849, 44102, '2'),
(660, 849, 20983, '2'),
(661, 849, 9000, '2'),
(662, 853, 57693, '1'),
(663, 853, 40194, '1'),
(664, 854, 59367, '1'),
(665, 854, 40868, '1'),
(666, 858, 74600, '5'),
(667, 858, 24416, '5'),
(668, 862, 74978, '5'),
(669, 867, 50023, '0'),
(670, 867, 47610, '0'),
(671, 867, 37052, '0'),
(672, 867, 11056, '0'),
(673, 868, 36300, '0'),
(674, 872, 38642, '5'),
(675, 872, 15855, '5'),
(676, 873, 15689, '2'),
(677, 873, 14250, '2'),
(678, 873, 12807, '2'),
(679, 873, 46200, '2'),
(680, 878, 47910, '1'),
(681, 878, 56593, '1'),
(682, 878, 41129, '1'),
(683, 880, 48733, '1'),
(684, 880, 49260, '1'),
(685, 880, 51733, '1'),
(686, 881, 12180, '3'),
(687, 882, 19994, '3'),
(688, 884, 78288, '4'),
(689, 884, 62705, '4'),
(690, 888, 68283, '4'),
(691, 893, 74326, '4'),
(692, 897, 55570, '3'),
(693, 899, 58637, '2'),
(694, 901, 18377, '3'),
(695, 901, 39301, '3'),
(696, 901, 44172, '3'),
(697, 902, 57587, '3'),
(698, 902, 52547, '3'),
(699, 902, 52719, '3'),
(700, 903, 77263, '0'),
(701, 903, 80678, '0'),
(702, 903, 12077, '0'),
(703, 903, 80109, '0'),
(704, 903, 63901, '0'),
(705, 905, 47196, '3'),
(706, 905, 21330, '3'),
(707, 906, 39291, '0'),
(708, 906, 34127, '0'),
(709, 907, 76185, '5'),
(710, 907, 35964, '5'),
(711, 907, 50694, '5'),
(712, 909, 60502, '5'),
(713, 909, 17643, '5'),
(714, 910, 73112, '0'),
(715, 911, 66115, '4'),
(716, 912, 52749, '5'),
(717, 912, 25323, '5'),
(718, 912, 35234, '5'),
(719, 913, 83385, '0'),
(720, 915, 14001, '5'),
(721, 917, 13738, '5'),
(722, 918, 22598, '5'),
(723, 918, 51401, '5'),
(724, 918, 63464, '5'),
(725, 920, 46362, '2'),
(726, 920, 58419, '2'),
(727, 920, 27232, '2'),
(728, 920, 42754, '2'),
(729, 928, 76408, '0'),
(730, 930, 62352, '4'),
(731, 930, 66606, '4'),
(732, 930, 65472, '4'),
(733, 934, 47990, '5'),
(734, 934, 12825, '5'),
(735, 934, 24463, '5'),
(736, 934, 24273, '5'),
(737, 934, 29027, '5'),
(738, 934, 5627, '5'),
(739, 934, 12423, '5'),
(740, 938, 23830, '0'),
(741, 938, 43329, '0'),
(742, 939, 69398, '4'),
(743, 940, 44690, '2'),
(744, 942, 56705, '0'),
(745, 943, 13885, '0'),
(746, 950, 49771, '1'),
(747, 958, 51668, '1'),
(748, 960, 56687, '1'),
(749, 961, 15802, '5'),
(750, 966, 87879, '5'),
(751, 968, 25493, '0'),
(752, 971, 21848, '2'),
(753, 971, 26495, '2'),
(754, 971, 42086, '2'),
(755, 971, 53582, '2'),
(756, 971, 11634, '2'),
(757, 971, 20843, '2'),
(758, 980, 71920, '4'),
(759, 980, 47376, '4'),
(760, 980, 35385, '4'),
(761, 980, 51611, '4'),
(762, 981, 55349, '2'),
(763, 981, 39379, '2'),
(764, 982, 41713, '1'),
(765, 982, 45290, '1'),
(766, 984, 69969, '4'),
(767, 984, 67728, '4'),
(768, 984, 79225, '4'),
(769, 989, 74699, '4'),
(770, 992, 13187, '5'),
(771, 992, 80945, '5'),
(772, 992, 23570, '5'),
(773, 992, 88056, '5'),
(774, 993, 40944, '3'),
(775, 995, 69416, '4'),
(776, 995, 38861, '4'),
(777, 996, 35999, '0'),
(778, 996, 25939, '0'),
(779, 997, 87774, '0'),
(780, 999, 48571, '1'),
(781, 999, 57798, '1');

-- --------------------------------------------------------

--
-- Tabelstructuur voor tabel `Revenue`
--

CREATE TABLE IF NOT EXISTS `Revenue` (
  `RowNumber` int(11) NOT NULL,
  `PersonId` int(11) NOT NULL,
  `Price` int(11) NOT NULL,
  `Practice` int(11) NOT NULL
) ENGINE=MyISAM DEFAULT CHARSET=latin1;

--
-- Gegevens worden geëxporteerd voor tabel `Revenue`
--

INSERT INTO `Revenue` (`RowNumber`, `PersonId`, `Price`, `Practice`) VALUES
(0, 0, 0, 0),
(1, 30, 46554, 0),
(2, 49, 55024, 5),
(3, 50, 18876, 3),
(4, 51, 27184, 5),
(5, 51, 27184, 5),
(6, 51, 34311, 5),
(7, 61, 52774, 1),
(8, 67, 27519, 5),
(9, 68, 82067, 0),
(10, 68, 82067, 0),
(11, 74, 51266, 3),
(12, 74, 38800, 3),
(13, 74, 19281, 3),
(14, 75, 69588, 4),
(15, 77, 71422, 4),
(16, 77, 57663, 4),
(17, 80, 75504, 4),
(18, 80, 52948, 4),
(19, 80, 52948, 4),
(20, 80, 52948, 4),
(21, 80, 23775, 4),
(22, 84, 63355, 4),
(23, 84, 63355, 4),
(24, 93, 45150, 1),
(25, 93, 45150, 1),
(26, 112, 43617, 1),
(27, 116, 43671, 0),
(28, 119, 32877, 0),
(29, 119, 18162, 0),
(30, 119, 38052, 0),
(31, 120, 14088, 5),
(32, 120, 52956, 5),
(33, 120, 25577, 5),
(34, 122, 64419, 5),
(35, 127, 52472, 1),
(36, 127, 44260, 1),
(37, 128, 28900, 5),
(38, 128, 28900, 5),
(39, 128, 48514, 5),
(40, 130, 58895, 1),
(41, 131, 75310, 4),
(42, 131, 35573, 4),
(43, 131, 45324, 4),
(44, 131, 52973, 4),
(45, 133, 53042, 1),
(46, 135, 18213, 0),
(47, 135, 18213, 0),
(48, 136, 76328, 4),
(49, 146, 40315, 3),
(50, 151, 53799, 3),
(51, 151, 32044, 3),
(52, 158, 57727, 1),
(53, 158, 37568, 1),
(54, 182, 7110, 2),
(55, 189, 17062, 2),
(56, 189, 8249, 2),
(57, 189, 8249, 2),
(58, 194, 74466, 5),
(59, 194, 17334, 5),
(60, 198, 42824, 3),
(61, 198, 22785, 3),
(62, 198, 51646, 3),
(63, 200, 25530, 0),
(64, 200, 26216, 0),
(65, 203, 20978, 2),
(66, 203, 20823, 2),
(67, 205, 55958, 1),
(68, 205, 30065, 1),
(69, 205, 10301, 1),
(70, 208, 47433, 1),
(71, 218, 59594, 1),
(72, 218, 44035, 1),
(73, 218, 44035, 1),
(74, 224, 12923, 5),
(75, 224, 12923, 5),
(76, 224, 31677, 5),
(77, 226, 43506, 2),
(78, 226, 24635, 2),
(79, 226, 20206, 2),
(80, 226, 30558, 2),
(81, 226, 23309, 2),
(82, 226, 52451, 2),
(83, 229, 36473, 5),
(84, 229, 36473, 5),
(85, 229, 36473, 5),
(86, 231, 44603, 2),
(87, 233, 30096, 2),
(88, 238, 54822, 0),
(89, 238, 23382, 0),
(90, 243, 38967, 2),
(91, 243, 56333, 2),
(92, 243, 34467, 2),
(93, 248, 31227, 5),
(94, 248, 11035, 5),
(95, 249, 71134, 4),
(96, 249, 71134, 4),
(97, 252, 34615, 2),
(98, 252, 34615, 2),
(99, 252, 50868, 2),
(100, 254, 14758, 0),
(101, 260, 58174, 1),
(102, 260, 58174, 1),
(103, 263, 48307, 1),
(104, 272, 70369, 5),
(105, 283, 35834, 3),
(106, 283, 49314, 3),
(107, 283, 49314, 3),
(108, 283, 49314, 3),
(109, 284, 41559, 0),
(110, 284, 41559, 0),
(111, 284, 16865, 0),
(112, 289, 33464, 2),
(113, 297, 27073, 5),
(114, 297, 17934, 5),
(115, 310, 12056, 5),
(116, 310, 12056, 5),
(117, 310, 47247, 5),
(118, 310, 47247, 5),
(119, 310, 47247, 5),
(120, 310, 47247, 5),
(121, 310, 59612, 5),
(122, 310, 59612, 5),
(123, 314, 48672, 1),
(124, 314, 48672, 1),
(125, 315, 78242, 4),
(126, 323, 47516, 5),
(127, 324, 48596, 3),
(128, 324, 48596, 3),
(129, 324, 48596, 3),
(130, 324, 12137, 3),
(131, 326, 73529, 0),
(132, 326, 73529, 0),
(133, 326, 73529, 0),
(134, 336, 30655, 3),
(135, 336, 49419, 3),
(136, 336, 57149, 3),
(137, 336, 57149, 3),
(138, 336, 57149, 3),
(139, 338, 51807, 1),
(140, 339, 13151, 0),
(141, 343, 9043, 3),
(142, 343, 9043, 3),
(143, 344, 74249, 0),
(144, 344, 19145, 0),
(145, 347, 33396, 2),
(146, 348, 12365, 5),
(147, 355, 47868, 5),
(148, 355, 41091, 5),
(149, 355, 41091, 5),
(150, 356, 65773, 4),
(151, 357, 41216, 1),
(152, 358, 36820, 5),
(153, 358, 47050, 5),
(154, 358, 47050, 5),
(155, 360, 60731, 4),
(156, 360, 47643, 4),
(157, 360, 47643, 4),
(158, 370, 75428, 0),
(159, 374, 42827, 1),
(160, 380, 19056, 2),
(161, 380, 12792, 2),
(162, 384, 37822, 0),
(163, 392, 33553, 0),
(164, 403, 69166, 0),
(165, 407, 26683, 5),
(166, 407, 13559, 5),
(167, 411, 48801, 1),
(168, 416, 36225, 3),
(169, 416, 58267, 3),
(170, 418, 51070, 1),
(171, 418, 17974, 1),
(172, 419, 29419, 5),
(173, 420, 15983, 5),
(174, 420, 26689, 5),
(175, 439, 48347, 5),
(176, 440, 41432, 2),
(177, 440, 41432, 2),
(178, 441, 74620, 5),
(179, 441, 30157, 5),
(180, 441, 30157, 5),
(181, 441, 40191, 5),
(182, 441, 55444, 5),
(183, 443, 65493, 4),
(184, 445, 20960, 3),
(185, 449, 64136, 4),
(186, 449, 42057, 4),
(187, 449, 34961, 4),
(188, 449, 40616, 4),
(189, 449, 34957, 4),
(190, 449, 34957, 4),
(191, 457, 74935, 4),
(192, 462, 60913, 4),
(193, 464, 64631, 4),
(194, 464, 64631, 4),
(195, 466, 65510, 5),
(196, 470, 56367, 1),
(197, 471, 84724, 0),
(198, 476, 8242, 2),
(199, 476, 35825, 2),
(200, 476, 19357, 2),
(201, 479, 86043, 5),
(202, 482, 44044, 0),
(203, 482, 14360, 0),
(204, 482, 14360, 0),
(205, 483, 9496, 2),
(206, 483, 57565, 2),
(207, 483, 14846, 2),
(208, 485, 64166, 0),
(209, 489, 6638, 3),
(210, 501, 72247, 4),
(211, 502, 46106, 1),
(212, 506, 18484, 0),
(213, 507, 43226, 0),
(214, 507, 43226, 0),
(215, 508, 25874, 0),
(216, 508, 8521, 0),
(217, 514, 40770, 1),
(218, 515, 35602, 3),
(219, 515, 35602, 3),
(220, 522, 56416, 5),
(221, 523, 56203, 1),
(222, 523, 8294, 1),
(223, 525, 79727, 5),
(224, 529, 10732, 3),
(225, 537, 73906, 4),
(226, 537, 12626, 4),
(227, 544, 81557, 0),
(228, 553, 47564, 3),
(229, 553, 36350, 3),
(230, 555, 25985, 2),
(231, 562, 48332, 5),
(232, 565, 79922, 4),
(233, 565, 79922, 4),
(234, 567, 89820, 5),
(235, 573, 89720, 5),
(236, 574, 53469, 1),
(237, 583, 45982, 1),
(238, 583, 45982, 1),
(239, 583, 26690, 1),
(240, 589, 59910, 5),
(241, 589, 46219, 5),
(242, 590, 78240, 0),
(243, 592, 24066, 0),
(244, 592, 59504, 0),
(245, 596, 51854, 1),
(246, 596, 38573, 1),
(247, 596, 50982, 1),
(248, 598, 69634, 4),
(249, 598, 12211, 4),
(250, 598, 21630, 4),
(251, 598, 34961, 4),
(252, 611, 58885, 1),
(253, 619, 50814, 5),
(254, 625, 79195, 4),
(255, 631, 43044, 1),
(256, 632, 86924, 5),
(257, 632, 28520, 5),
(258, 632, 28520, 5),
(259, 632, 28520, 5),
(260, 638, 56069, 1),
(261, 638, 33314, 1),
(262, 638, 45361, 1),
(263, 640, 50207, 1),
(264, 640, 50207, 1),
(265, 640, 50207, 1),
(266, 640, 10963, 1),
(267, 641, 74555, 4),
(268, 642, 44561, 5),
(269, 642, 41017, 5),
(270, 642, 54807, 5),
(271, 642, 54807, 5),
(272, 643, 16270, 3),
(273, 643, 8031, 3),
(274, 643, 8031, 3),
(275, 648, 44734, 1),
(276, 651, 66641, 4),
(277, 651, 7780, 4),
(278, 661, 77495, 0),
(279, 662, 88590, 5),
(280, 662, 88590, 5),
(281, 663, 34066, 3),
(282, 663, 34069, 4),
(283, 663, 52515, 4),
(284, 664, 86157, 5),
(285, 668, 78891, 4),
(286, 673, 29415, 5),
(287, 673, 29415, 5),
(288, 673, 8307, 5),
(289, 673, 13829, 5),
(290, 681, 77896, 4),
(291, 681, 10378, 4),
(292, 681, 5090, 4),
(293, 681, 58245, 4),
(294, 691, 35566, 0),
(295, 693, 86492, 0),
(296, 707, 68209, 4),
(297, 707, 68209, 4),
(298, 708, 80978, 0),
(299, 709, 51715, 3),
(300, 709, 25607, 3),
(301, 709, 19623, 3),
(302, 716, 38384, 2),
(303, 716, 43623, 2),
(304, 716, 29463, 2),
(305, 716, 8408, 2),
(306, 716, 8408, 2),
(307, 721, 64999, 4),
(308, 724, 62701, 0),
(309, 729, 49151, 1),
(310, 730, 42704, 3),
(311, 733, 85104, 0),
(312, 733, 85104, 0),
(313, 749, 55839, 1),
(314, 751, 59289, 1),
(315, 753, 79281, 0),
(316, 754, 40252, 3),
(317, 754, 19713, 3),
(318, 754, 43204, 3),
(319, 756, 12408, 3),
(320, 756, 12408, 3),
(321, 756, 23910, 3),
(322, 759, 61814, 4),
(323, 761, 23232, 3),
(324, 767, 76963, 4),
(325, 767, 19603, 4),
(326, 767, 19603, 4),
(327, 767, 19603, 4),
(328, 767, 13436, 4),
(329, 768, 16014, 2),
(330, 768, 16327, 2),
(331, 768, 55197, 2),
(332, 769, 48606, 1),
(333, 771, 53933, 0),
(334, 771, 52608, 0),
(335, 773, 46940, 0),
(336, 774, 14431, 5),
(337, 777, 34864, 5),
(338, 777, 41353, 5),
(339, 779, 27503, 2),
(340, 781, 71239, 4),
(341, 781, 71239, 4),
(342, 781, 55516, 4),
(343, 789, 38384, 3),
(344, 789, 17761, 3),
(345, 789, 17761, 3),
(346, 792, 73619, 4),
(347, 793, 19606, 0),
(348, 793, 19606, 0),
(349, 793, 19606, 0),
(350, 793, 19606, 0),
(351, 793, 45335, 0),
(352, 796, 79087, 4),
(353, 796, 42869, 4),
(354, 798, 64823, 5),
(355, 805, 30042, 5),
(356, 805, 30042, 5),
(357, 805, 40242, 5),
(358, 818, 17349, 5),
(359, 818, 25776, 5),
(360, 818, 23706, 5),
(361, 831, 35546, 2),
(362, 831, 35546, 2),
(363, 832, 24845, 5),
(364, 832, 59096, 5),
(365, 833, 44406, 1),
(366, 838, 68245, 4),
(367, 838, 28561, 4),
(368, 841, 41253, 0),
(369, 841, 41253, 0),
(370, 843, 26237, 3),
(371, 845, 46695, 3),
(372, 845, 59649, 3),
(373, 845, 20459, 3),
(374, 849, 44102, 2),
(375, 849, 20983, 2),
(376, 849, 20983, 2),
(377, 849, 9000, 2),
(378, 853, 40194, 1),
(379, 862, 74978, 5),
(380, 867, 50023, 0),
(381, 867, 47610, 0),
(382, 867, 37052, 0),
(383, 867, 11056, 0),
(384, 867, 11056, 0),
(385, 880, 49260, 1),
(386, 880, 51733, 1),
(387, 893, 74326, 4),
(388, 901, 44172, 3),
(389, 902, 52547, 3),
(390, 902, 52719, 3),
(391, 903, 63901, 0),
(392, 905, 47196, 3),
(393, 905, 21330, 3),
(394, 906, 34127, 0),
(395, 907, 35964, 5),
(396, 907, 50694, 5),
(397, 909, 17643, 5),
(398, 910, 73112, 0),
(399, 911, 66115, 4),
(400, 913, 83385, 0),
(401, 918, 63464, 5),
(402, 930, 65472, 4),
(403, 934, 29027, 5),
(404, 934, 5627, 5),
(405, 934, 12423, 5),
(406, 934, 12423, 5),
(407, 938, 23830, 0),
(408, 938, 43329, 0),
(409, 968, 25493, 0),
(410, 971, 26495, 2),
(411, 971, 42086, 2),
(412, 971, 53582, 2),
(413, 971, 11634, 2),
(414, 971, 20843, 2),
(415, 980, 71920, 4),
(416, 980, 47376, 4),
(417, 980, 35385, 4),
(418, 980, 51611, 4),
(419, 989, 74699, 4),
(420, 993, 40944, 3),
(421, 995, 69416, 4),
(422, 995, 38861, 4);

/*!40101 SET CHARACTER_SET_CLIENT=@OLD_CHARACTER_SET_CLIENT */;
/*!40101 SET CHARACTER_SET_RESULTS=@OLD_CHARACTER_SET_RESULTS */;
/*!40101 SET COLLATION_CONNECTION=@OLD_COLLATION_CONNECTION */;
