rowNumber,PersonId,Loyal 
1,13,Loyal
2,20,Loyal
3,46,Loyal
4,68,Loyal
5,72,Loyal
6,100,Loyal
7,129,Loyal
8,226,Loyal
9,228,Loyal
10,229,Loyal
11,270,Loyal
12,272,Loyal
13,283,Loyal
14,308,Loyal
15,311,Loyal
16,377,Loyal
17,696,Loyal
18,711,Loyal
19,732,Loyal
20,748,Loyal
21,779,Loyal
22,833,Loyal
23,862,Loyal
24,871,Loyal
25,894,Loyal
26,920,Loyal
27,975,Loyal
28,984,Loyal
29,1052,Loyal
30,1132,Loyal
31,1212,Loyal
32,1213,Loyal
33,1234,Loyal
34,1249,Loyal
35,1279,Loyal
36,1384,Loyal
37,1462,Loyal
38,1463,Loyal
39,1517,Loyal
40,1545,Loyal
41,1578,Loyal
42,1676,Loyal
43,1719,Loyal
44,1727,Loyal
45,1782,Loyal
46,1789,Loyal
47,1809,Loyal
48,1811,Loyal
49,1859,Loyal
50,1873,Loyal
51,1915,Loyal
52,1964,Loyal
53,1965,Loyal
54,1975,Loyal
55,1979,Loyal
56,2005,Loyal
57,2053,Loyal
58,2067,Loyal
59,2101,Loyal
60,2121,Loyal
61,2131,Loyal
62,2136,Loyal
63,2141,Loyal
64,2144,Loyal
65,2148,Loyal
66,2175,Loyal
67,2241,Loyal
68,2337,Loyal
69,2371,Loyal
70,2498,Loyal
71,2527,Loyal
72,2550,Loyal
73,2607,Loyal
74,2638,Loyal
75,2654,Loyal
76,2695,Loyal
77,2756,Loyal
78,2814,Loyal
79,2824,Loyal
80,2856,Loyal
81,2934,Loyal
82,2941,Loyal
83,2981,Loyal
84,3000,Loyal
85,3110,Loyal
86,3112,Loyal
87,3131,Loyal
88,3182,Loyal
89,3191,Loyal
90,3193,Loyal
91,3306,Loyal
92,3309,Loyal
93,3314,Loyal
94,3362,Loyal
95,3403,Loyal
96,3407,Loyal
97,3417,Loyal
98,3442,Loyal
99,3452,Loyal
100,3486,Loyal
101,3577,Loyal
102,3579,Loyal
103,3608,Loyal
104,3647,Loyal
105,3776,Loyal
106,3793,Loyal
107,3820,Loyal
108,3852,Loyal
109,3933,Loyal
110,4013,Loyal
111,4086,Loyal
112,4224,Loyal
113,4250,Loyal
114,4257,Loyal
115,4278,Loyal
116,4322,Loyal
117,4376,Loyal
118,4396,Loyal
119,4419,Loyal
120,4430,Loyal
121,4456,Loyal
122,4551,Loyal
123,4631,Loyal
124,4640,Loyal
125,4685,Loyal
126,4708,Loyal
127,4753,Loyal
128,4816,Loyal
129,4820,Loyal
130,4876,Loyal
131,5015,Loyal
132,5016,Loyal
133,5017,Loyal
134,5024,Loyal
135,5070,Loyal
136,5100,Loyal
137,5166,Loyal
138,5168,Loyal
139,5171,Loyal
140,5174,Loyal
141,5190,Loyal
142,5288,Loyal
143,5304,Loyal
144,5305,Loyal
145,5336,Loyal
146,5360,Loyal
147,5534,Loyal
148,5671,Loyal
149,5712,Loyal
150,5721,Loyal
151,5837,Loyal
152,5911,Loyal
153,5943,Loyal
154,6009,Loyal
155,6027,Loyal
156,6073,Loyal
157,6091,Loyal
158,6124,Loyal
159,6125,Loyal
160,6131,Loyal
161,6142,Loyal
162,6171,Loyal
163,6265,Loyal
164,6308,Loyal
165,6333,Loyal
166,6351,Loyal
167,6454,Loyal
168,6465,Loyal
169,6471,Loyal
170,6497,Loyal
171,6589,Loyal
172,6683,Loyal
173,6742,Loyal
174,6833,Loyal
175,6835,Loyal
176,6843,Loyal
177,6888,Loyal
178,6906,Loyal
179,6923,Loyal
180,6979,Loyal
181,7016,Loyal
182,7023,Loyal
183,7048,Loyal
184,7054,Loyal
185,7111,Loyal
186,7114,Loyal
187,7186,Loyal
188,7222,Loyal
189,7237,Loyal
190,7260,Loyal
191,7286,Loyal
192,7328,Loyal
193,7402,Loyal
194,7421,Loyal
195,7451,Loyal
196,7469,Loyal
197,7478,Loyal
198,7482,Loyal
199,7491,Loyal
200,7515,Loyal
201,7737,Loyal
202,7752,Loyal
203,7813,Loyal
204,7820,Loyal
205,7846,Loyal
206,7908,Loyal
207,8025,Loyal
208,8027,Loyal
209,8079,Loyal
210,8116,Loyal
211,8151,Loyal
212,8268,Loyal
213,8318,Loyal
214,8324,Loyal
215,8381,Loyal
216,8419,Loyal
217,8429,Loyal
218,8453,Loyal
219,8459,Loyal
220,8471,Loyal
221,8600,Loyal
222,8662,Loyal
223,8714,Loyal
224,8748,Loyal
225,8757,Loyal
226,8765,Loyal
227,8798,Loyal
228,8947,Loyal
229,8959,Loyal
230,9001,Loyal
231,9114,Loyal
232,9211,Loyal
233,9213,Loyal
234,9244,Loyal
235,9251,Loyal
236,9300,Loyal
237,9322,Loyal
238,9367,Loyal
239,9414,Loyal
240,9437,Loyal
241,9471,Loyal
242,9472,Loyal
243,9495,Loyal
244,9531,Loyal
245,9546,Loyal
246,9650,Loyal
247,9684,Loyal
248,9695,Loyal
249,9713,Loyal
250,9778,Loyal
251,9798,Loyal
252,9807,Loyal
253,9843,Loyal
254,9853,Loyal
255,9859,Loyal
256,9887,Loyal
257,9899,Loyal
258,9914,Loyal
259,9985,Loyal
260,9996,Loyal
261,10023,Loyal
262,10036,Loyal
263,10061,Loyal
264,10087,Loyal
265,10233,Loyal
266,10272,Loyal
267,10276,Loyal
268,10362,Loyal
269,10366,Loyal
270,10373,Loyal
271,10434,Loyal
272,10506,Loyal
273,10542,Loyal
274,10606,Loyal
275,10650,Loyal
276,10697,Loyal
277,10734,Loyal
278,10742,Loyal
279,10764,Loyal
280,10767,Loyal
281,10783,Loyal
282,10832,Loyal
283,10901,Loyal
284,10944,Loyal
285,10968,Loyal
286,11112,Loyal
287,11239,Loyal
288,11334,Loyal
289,11342,Loyal
290,11408,Loyal
291,11466,Loyal
292,11489,Loyal
293,11525,Loyal
294,11543,Loyal
295,11560,Loyal
296,11574,Loyal
297,11576,Loyal
298,11609,Loyal
299,11639,Loyal
300,11710,Loyal
301,11717,Loyal
302,11728,Loyal
303,11733,Loyal
304,11754,Loyal
305,11797,Loyal
306,11822,Loyal
307,11908,Loyal
308,11925,Loyal
309,11945,Loyal
310,12022,Loyal
311,12083,Loyal
312,12106,Loyal
313,12131,Loyal
314,12164,Loyal
315,12228,Loyal
316,12383,Loyal
317,12449,Loyal
318,12589,Loyal
319,12596,Loyal
320,12615,Loyal
321,12676,Loyal
322,12710,Loyal
323,12737,Loyal
324,12898,Loyal
325,12910,Loyal
326,12971,Loyal
327,13122,Loyal
328,13155,Loyal
329,13225,Loyal
330,13251,Loyal
331,13274,Loyal
332,13321,Loyal
333,13446,Loyal
334,13541,Loyal
335,13555,Loyal
336,13589,Loyal
337,13647,Loyal
338,13653,Loyal
339,13654,Loyal
340,13679,Loyal
341,13768,Loyal
342,13781,Loyal
343,13917,Loyal
344,13993,Loyal
345,14028,Loyal
346,14217,Loyal
347,14241,Loyal
348,14340,Loyal
349,14447,Loyal
350,14475,Loyal
351,14531,Loyal
352,14558,Loyal
353,14567,Loyal
354,14622,Loyal
355,14634,Loyal
356,14733,Loyal
357,14824,Loyal
358,14886,Loyal
359,14920,Loyal
360,14925,Loyal
361,15016,Loyal
362,15041,Loyal
363,15057,Loyal
364,15066,Loyal
365,15221,Loyal
366,15266,Loyal
367,15306,Loyal
368,15408,Loyal
369,15420,Loyal
370,15446,Loyal
371,15512,Loyal
372,15517,Loyal
373,15660,Loyal
374,15716,Loyal
375,15797,Loyal
376,15816,Loyal
377,15853,Loyal
378,15876,Loyal
379,15888,Loyal
380,15892,Loyal
381,15938,Loyal
382,15947,Loyal
383,16006,Loyal
384,16087,Loyal
385,16098,Loyal
386,16121,Loyal
387,16143,Loyal
388,16171,Loyal
389,16276,Loyal
390,16288,Loyal
391,16312,Loyal
392,16451,Loyal
393,16467,Loyal
394,16480,Loyal
395,16488,Loyal
396,16510,Loyal
397,16529,Loyal
398,16576,Loyal
399,16591,Loyal
400,16620,Loyal
401,16626,Loyal
402,16630,Loyal
403,16671,Loyal
404,16759,Loyal
405,16831,Loyal
406,16835,Loyal
407,16882,Loyal
408,16916,Loyal
409,16935,Loyal
410,17016,Loyal
411,17117,Loyal
412,17130,Loyal
413,17131,Loyal
414,17164,Loyal
415,17200,Loyal
416,17211,Loyal
417,17220,Loyal
418,17240,Loyal
419,17440,Loyal
420,17452,Loyal
421,17487,Loyal
422,17498,Loyal
423,17504,Loyal
424,17543,Loyal
425,17551,Loyal
426,17607,Loyal
427,17608,Loyal
428,17730,Loyal
429,17775,Loyal
430,17801,Loyal
431,17829,Loyal
432,17896,Loyal
433,18034,Loyal
434,18074,Loyal
435,18094,Loyal
436,18140,Loyal
437,18153,Loyal
438,18170,Loyal
439,18183,Loyal
440,18261,Loyal
441,18299,Loyal
442,18316,Loyal
443,18326,Loyal
444,18395,Loyal
445,18411,Loyal
446,18426,Loyal
447,18438,Loyal
448,18504,Loyal
449,18506,Loyal
450,18523,Loyal
451,18611,Loyal
452,18711,Loyal
453,18724,Loyal
454,18756,Loyal
455,18772,Loyal
456,18838,Loyal
457,18845,Loyal
458,18937,Loyal
459,18952,Loyal
460,18976,Loyal
461,18978,Loyal
462,18989,Loyal
463,19180,Loyal
464,19216,Loyal
465,19219,Loyal
466,19326,Loyal
467,19329,Loyal
468,19412,Loyal
469,19422,Loyal
470,19501,Loyal
471,19561,Loyal
472,19565,Loyal
473,19609,Loyal
474,19626,Loyal
475,19672,Loyal
476,19678,Loyal
477,19710,Loyal
478,19729,Loyal
479,19753,Loyal
480,19776,Loyal
481,19799,Loyal
482,19814,Loyal
483,19828,Loyal
484,19883,Loyal
485,19952,Loyal
486,19970,Loyal
487,20016,Loyal
488,20054,Loyal
489,20102,Loyal
490,20112,Loyal
491,20216,Loyal
492,20254,Loyal
493,20282,Loyal
494,20287,Loyal
495,20330,Loyal
496,20333,Loyal
497,20372,Loyal
498,20460,Loyal
499,20491,Loyal
500,20502,Loyal
501,20625,Loyal
502,20640,Loyal
503,20723,Loyal
504,20736,Loyal
505,20784,Loyal
506,20820,Loyal
507,20833,Loyal
508,20835,Loyal
509,20859,Loyal
510,20860,Loyal
511,20932,Loyal
512,21013,Loyal
513,21023,Loyal
514,21066,Loyal
515,21124,Loyal
516,21141,Loyal
517,21181,Loyal
518,21245,Loyal
519,21263,Loyal
520,21310,Loyal
521,21313,Loyal
522,21359,Loyal
523,21398,Loyal
524,21402,Loyal
525,21414,Loyal
526,21443,Loyal
527,21482,Loyal
528,21508,Loyal
529,21542,Loyal
530,21547,Loyal
531,21564,Loyal
532,21591,Loyal
533,21683,Loyal
534,21705,Loyal
535,21759,Loyal
536,21866,Loyal
537,21882,Loyal
538,21903,Loyal
539,21921,Loyal
540,22035,Loyal
541,22051,Loyal
542,22127,Loyal
543,22230,Loyal
544,22282,Loyal
545,22327,Loyal
546,22329,Loyal
547,22347,Loyal
548,22396,Loyal
549,22499,Loyal
550,22596,Loyal
551,22610,Loyal
552,22618,Loyal
553,22637,Loyal
554,22653,Loyal
555,22657,Loyal
556,22678,Loyal
557,22680,Loyal
558,22687,Loyal
559,22719,Loyal
560,22766,Loyal
561,22784,Loyal
562,22811,Loyal
563,22816,Loyal
564,22834,Loyal
565,22841,Loyal
566,23010,Loyal
567,23149,Loyal
568,23193,Loyal
569,23203,Loyal
570,23250,Loyal
571,23274,Loyal
572,23298,Loyal
573,23391,Loyal
574,23399,Loyal
575,23413,Loyal
576,23421,Loyal
577,23472,Loyal
578,23475,Loyal
579,23490,Loyal
580,23516,Loyal
581,23553,Loyal
582,23563,Loyal
583,23662,Loyal
584,23678,Loyal
585,23690,Loyal
586,23729,Loyal
587,23734,Loyal
588,23770,Loyal
589,23793,Loyal
590,23820,Loyal
591,23826,Loyal
592,23844,Loyal
593,23849,Loyal
594,23972,Loyal
595,24062,Loyal
596,24072,Loyal
597,24085,Loyal
598,24091,Loyal
599,24099,Loyal
600,24100,Loyal
601,24124,Loyal
602,24136,Loyal
603,24212,Loyal
604,24214,Loyal
605,24218,Loyal
606,24281,Loyal
607,24284,Loyal
608,24286,Loyal
609,24292,Loyal
610,24297,Loyal
611,24346,Loyal
612,24356,Loyal
613,24366,Loyal
614,24430,Loyal
615,24444,Loyal
616,24445,Loyal
617,24557,Loyal
618,24576,Loyal
619,24672,Loyal
620,24678,Loyal
621,24684,Loyal
622,24689,Loyal
623,24732,Loyal
624,24742,Loyal
625,24798,Loyal
626,24807,Loyal
627,24859,Loyal
628,24875,Loyal
629,24924,Loyal
630,25016,Loyal
631,25047,Loyal
632,25056,Loyal
633,25103,Loyal
634,25111,Loyal
635,25183,Loyal
636,25222,Loyal
637,25228,Loyal
638,25396,Loyal
639,25453,Loyal
640,25483,Loyal
641,25509,Loyal
642,25550,Loyal
643,25605,Loyal
644,25655,Loyal
645,25661,Loyal
646,25662,Loyal
647,25731,Loyal
648,25749,Loyal
649,25775,Loyal
650,25785,Loyal
651,25802,Loyal
652,25848,Loyal
653,25936,Loyal
654,26077,Loyal
655,26213,Loyal
656,26229,Loyal
657,26230,Loyal
658,26298,Loyal
659,26334,Loyal
660,26337,Loyal
661,26338,Loyal
662,26383,Loyal
663,26390,Loyal
664,26481,Loyal
665,26488,Loyal
666,26509,Loyal
667,26511,Loyal
668,26635,Loyal
669,26638,Loyal
670,26649,Loyal
671,26660,Loyal
672,26674,Loyal
673,26707,Loyal
674,26804,Loyal
675,26825,Loyal
676,26831,Loyal
677,26847,Loyal
678,26860,Loyal
679,26921,Loyal
680,26923,Loyal
681,26939,Loyal
682,26962,Loyal
683,27025,Loyal
684,27110,Loyal
685,27134,Loyal
686,27136,Loyal
687,27167,Loyal
688,27196,Loyal
689,27200,Loyal
690,27206,Loyal
691,27226,Loyal
692,27240,Loyal
693,27270,Loyal
694,27287,Loyal
695,27356,Loyal
696,27366,Loyal
697,27372,Loyal
698,27449,Loyal
699,27553,Loyal
700,27566,Loyal
701,27591,Loyal
702,27607,Loyal
703,27633,Loyal
704,27648,Loyal
705,27659,Loyal
706,27670,Loyal
707,27695,Loyal
708,27704,Loyal
709,27751,Loyal
710,27866,Loyal
711,27907,Loyal
712,27978,Loyal
713,28016,Loyal
714,28096,Loyal
715,28128,Loyal
716,28148,Loyal
717,28149,Loyal
718,28165,Loyal
719,28172,Loyal
720,28185,Loyal
721,28231,Loyal
722,28315,Loyal
723,28355,Loyal
724,28357,Loyal
725,28401,Loyal
726,28408,Loyal
727,28428,Loyal
728,28520,Loyal
729,28540,Loyal
730,28571,Loyal
731,28576,Loyal
732,28610,Loyal
733,28631,Loyal
734,28636,Loyal
735,28651,Loyal
736,28656,Loyal
737,28675,Loyal
738,28683,Loyal
739,28698,Loyal
740,28731,Loyal
741,28739,Loyal
742,28755,Loyal
743,28805,Loyal
744,28823,Loyal
745,28859,Loyal
746,29031,Loyal
747,29057,Loyal
748,29072,Loyal
749,29089,Loyal
750,29104,Loyal
751,29124,Loyal
752,29148,Loyal
753,29160,Loyal
754,29176,Loyal
755,29179,Loyal
756,29201,Loyal
757,29253,Loyal
758,29315,Loyal
759,29356,Loyal
760,29370,Loyal
761,29396,Loyal
762,29532,Loyal
763,29562,Loyal
764,29570,Loyal
765,29623,Loyal
766,29627,Loyal
767,29698,Loyal
768,29816,Loyal
769,29823,Loyal
770,29831,Loyal
771,29838,Loyal
772,29851,Loyal
773,29863,Loyal
774,29951,Loyal
775,29967,Loyal
776,30019,Loyal
777,30061,Loyal
778,30087,Loyal
779,30105,Loyal
780,30120,Loyal
781,30172,Loyal
782,30199,Loyal
783,30226,Loyal
784,30234,Loyal
785,30312,Loyal
786,30395,Loyal
787,30418,Loyal
788,30442,Loyal
789,30453,Loyal
790,30469,Loyal
791,30500,Loyal
792,30501,Loyal
793,30504,Loyal
794,30515,Loyal
795,30581,Loyal
796,30757,Loyal
797,30798,Loyal
798,30803,Loyal
799,30878,Loyal
800,30926,Loyal
801,30937,Loyal
802,30946,Loyal
803,31025,Loyal
804,31042,Loyal
805,31079,Loyal
806,31131,Loyal
807,31236,Loyal
808,31294,Loyal
809,31295,Loyal
810,31312,Loyal
811,31353,Loyal
812,31436,Loyal
813,31442,Loyal
814,31462,Loyal
815,31471,Loyal
816,31492,Loyal
817,31544,Loyal
818,31560,Loyal
819,31573,Loyal
820,31586,Loyal
821,31743,Loyal
822,31882,Loyal
823,31916,Loyal
824,31931,Loyal
825,31934,Loyal
826,31945,Loyal
827,31957,Loyal
828,31983,Loyal
829,32037,Loyal
830,32049,Loyal
831,32071,Loyal
832,32182,Loyal
833,32183,Loyal
834,32189,Loyal
835,32248,Loyal
836,32293,Loyal
837,32298,Loyal
838,32317,Loyal
839,32334,Loyal
840,32350,Loyal
841,32419,Loyal
842,32427,Loyal
843,32447,Loyal
844,32487,Loyal
845,32504,Loyal
846,32555,Loyal
847,32644,Loyal
848,32652,Loyal
849,32679,Loyal
850,32691,Loyal
851,32735,Loyal
852,32757,Loyal
853,32819,Loyal
854,32870,Loyal
855,32918,Loyal
856,32923,Loyal
857,32924,Loyal
858,32948,Loyal
859,33069,Loyal
860,33130,Loyal
861,33264,Loyal
862,33382,Loyal
863,33440,Loyal
864,33601,Loyal
865,33614,Loyal
866,33643,Loyal
867,33719,Loyal
868,33723,Loyal
869,33761,Loyal
870,33765,Loyal
871,33832,Loyal
872,33844,Loyal
873,33845,Loyal
874,33895,Loyal
875,33912,Loyal
876,33915,Loyal
877,33931,Loyal
878,33971,Loyal
879,34002,Loyal
880,34003,Loyal
881,34045,Loyal
882,34088,Loyal
883,34118,Loyal
884,34140,Loyal
885,34193,Loyal
886,34216,Loyal
887,34244,Loyal
888,34286,Loyal
889,34317,Loyal
890,34348,Loyal
891,34377,Loyal
892,34382,Loyal
893,34395,Loyal
894,34476,Loyal
895,34487,Loyal
896,34522,Loyal
897,34577,Loyal
898,34578,Loyal
899,34586,Loyal
900,34629,Loyal
901,34643,Loyal
902,34649,Loyal
903,34663,Loyal
904,34678,Loyal
905,34687,Loyal
906,34726,Loyal
907,34743,Loyal
908,34749,Loyal
909,34791,Loyal
910,34804,Loyal
911,34895,Loyal
912,34911,Loyal
913,34935,Loyal
914,34961,Loyal
915,34973,Loyal
916,34986,Loyal
917,35046,Loyal
918,35134,Loyal
919,35149,Loyal
920,35170,Loyal
921,35209,Loyal
922,35216,Loyal
923,35226,Loyal
924,35239,Loyal
925,35326,Loyal
926,35342,Loyal
927,35351,Loyal
928,35464,Loyal
929,35479,Loyal
930,35485,Loyal
931,35503,Loyal
932,35527,Loyal
933,35560,Loyal
934,35629,Loyal
935,35680,Loyal
936,35730,Loyal
937,35820,Loyal
938,35829,Loyal
939,35832,Loyal
940,35852,Loyal
941,35872,Loyal
942,35895,Loyal
943,35907,Loyal
944,35923,Loyal
945,35926,Loyal
946,36026,Loyal
947,36073,Loyal
948,36083,Loyal
949,36112,Loyal
950,36203,Loyal
951,36215,Loyal
952,36231,Loyal
953,36241,Loyal
954,36290,Loyal
955,36310,Loyal
956,36315,Loyal
957,36326,Loyal
958,36366,Loyal
959,36448,Loyal
960,36452,Loyal
961,36518,Loyal
962,36521,Loyal
963,36591,Loyal
964,36688,Loyal
965,36806,Loyal
966,36865,Loyal
967,36904,Loyal
968,36970,Loyal
969,37028,Loyal
970,37058,Loyal
971,37079,Loyal
972,37088,Loyal
973,37127,Loyal
974,37175,Loyal
975,37196,Loyal
976,37289,Loyal
977,37291,Loyal
978,37359,Loyal
979,37399,Loyal
980,37423,Loyal
981,37595,Loyal
982,37609,Loyal
983,37610,Loyal
984,37662,Loyal
985,37669,Loyal
986,37683,Loyal
987,37742,Loyal
988,37765,Loyal
989,37790,Loyal
990,37799,Loyal
991,37808,Loyal
992,37870,Loyal
993,37970,Loyal
994,38012,Loyal
995,38038,Loyal
996,38061,Loyal
997,38111,Loyal
998,38113,Loyal
999,38125,Loyal
1000,38202,Loyal
1001,38247,Loyal
1002,38274,Loyal
1003,38276,Loyal
1004,38324,Loyal
1005,38346,Loyal
1006,38382,Loyal
1007,38387,Loyal
1008,38426,Loyal
1009,38444,Loyal
1010,38489,Loyal
1011,38492,Loyal
1012,38591,Loyal
1013,38681,Loyal
1014,38722,Loyal
1015,38735,Loyal
1016,38773,Loyal
1017,38780,Loyal
1018,38843,Loyal
1019,38879,Loyal
1020,38900,Loyal
1021,38902,Loyal
1022,38913,Loyal
1023,38934,Loyal
1024,38951,Loyal
1025,38957,Loyal
1026,39003,Loyal
1027,39103,Loyal
1028,39197,Loyal
1029,39213,Loyal
1030,39222,Loyal
1031,39239,Loyal
1032,39269,Loyal
1033,39300,Loyal
1034,39304,Loyal
1035,39306,Loyal
1036,39403,Loyal
1037,39424,Loyal
1038,39504,Loyal
1039,39511,Loyal
1040,39549,Loyal
1041,39574,Loyal
1042,39578,Loyal
1043,39614,Loyal
1044,39619,Loyal
1045,39635,Loyal
1046,39789,Loyal
1047,39894,Loyal
1048,40118,Loyal
1049,40296,Loyal
1050,40300,Loyal
1051,40323,Loyal
1052,40351,Loyal
1053,40354,Loyal
1054,40461,Loyal
1055,40509,Loyal
1056,40535,Loyal
1057,40551,Loyal
1058,40555,Loyal
1059,40611,Loyal
1060,40666,Loyal
1061,40683,Loyal
1062,40863,Loyal
1063,40886,Loyal
1064,40898,Loyal
1065,40915,Loyal
1066,40927,Loyal
1067,40943,Loyal
1068,40965,Loyal
1069,40992,Loyal
1070,41070,Loyal
1071,41107,Loyal
1072,41117,Loyal
1073,41152,Loyal
1074,41189,Loyal
1075,41211,Loyal
1076,41240,Loyal
1077,41259,Loyal
1078,41262,Loyal
1079,41272,Loyal
1080,41288,Loyal
1081,41387,Loyal
1082,41429,Loyal
1083,41440,Loyal
1084,41446,Loyal
1085,41462,Loyal
1086,41506,Loyal
1087,41532,Loyal
1088,41612,Loyal
1089,41620,Loyal
1090,41625,Loyal
1091,41627,Loyal
1092,41671,Loyal
1093,41674,Loyal
1094,41676,Loyal
1095,41677,Loyal
1096,41696,Loyal
1097,41722,Loyal
1098,41740,Loyal
1099,41767,Loyal
1100,41770,Loyal
1101,41779,Loyal
1102,41803,Loyal
1103,41804,Loyal
1104,41811,Loyal
1105,41920,Loyal
1106,41937,Loyal
1107,41987,Loyal
1108,42031,Loyal
1109,42077,Loyal
1110,42099,Loyal
1111,42168,Loyal
1112,42206,Loyal
1113,42231,Loyal
1114,42269,Loyal
1115,42326,Loyal
1116,42394,Loyal
1117,42400,Loyal
1118,42445,Loyal
1119,42447,Loyal
1120,42486,Loyal
1121,42498,Loyal
1122,42529,Loyal
1123,42564,Loyal
1124,42572,Loyal
1125,42608,Loyal
1126,42612,Loyal
1127,42677,Loyal
1128,42679,Loyal
1129,42691,Loyal
1130,42745,Loyal
1131,42773,Loyal
1132,42789,Loyal
1133,42852,Loyal
1134,42900,Loyal
1135,42912,Loyal
1136,42923,Loyal
1137,42933,Loyal
1138,42960,Loyal
1139,43024,Loyal
1140,43079,Loyal
1141,43135,Loyal
1142,43143,Loyal
1143,43150,Loyal
1144,43196,Loyal
1145,43237,Loyal
1146,43269,Loyal
1147,43278,Loyal
1148,43328,Loyal
1149,43364,Loyal
1150,43368,Loyal
1151,43424,Loyal
1152,43462,Loyal
1153,43481,Loyal
1154,43577,Loyal
1155,43642,Loyal
1156,43688,Loyal
1157,43708,Loyal
1158,43828,Loyal
1159,43843,Loyal
1160,43851,Loyal
1161,43878,Loyal
1162,43881,Loyal
1163,43910,Loyal
1164,43980,Loyal
1165,44029,Loyal
1166,44108,Loyal
1167,44134,Loyal
1168,44144,Loyal
1169,44233,Loyal
1170,44244,Loyal
1171,44271,Loyal
1172,44428,Loyal
1173,44451,Loyal
1174,44462,Loyal
1175,44463,Loyal
1176,44476,Loyal
1177,44527,Loyal
1178,44593,Loyal
1179,44599,Loyal
1180,44774,Loyal
1181,44803,Loyal
1182,44817,Loyal
1183,44858,Loyal
1184,44884,Loyal
1185,44890,Loyal
1186,44899,Loyal
1187,44975,Loyal
1188,45094,Loyal
1189,45191,Loyal
1190,45193,Loyal
1191,45338,Loyal
1192,45377,Loyal
1193,45378,Loyal
1194,45404,Loyal
1195,45438,Loyal
1196,45580,Loyal
1197,45623,Loyal
1198,45646,Loyal
1199,45647,Loyal
1200,45651,Loyal
1201,45657,Loyal
1202,45687,Loyal
1203,45710,Loyal
1204,45726,Loyal
1205,45775,Loyal
1206,45874,Loyal
1207,45905,Loyal
1208,45953,Loyal
1209,45979,Loyal
1210,45980,Loyal
1211,46024,Loyal
1212,46167,Loyal
1213,46257,Loyal
1214,46307,Loyal
1215,46332,Loyal
1216,46419,Loyal
1217,46490,Loyal
1218,46588,Loyal
1219,46590,Loyal
1220,46595,Loyal
1221,46598,Loyal
1222,46624,Loyal
1223,46730,Loyal
1224,46797,Loyal
1225,46895,Loyal
1226,46909,Loyal
1227,46918,Loyal
1228,46966,Loyal
1229,46973,Loyal
1230,47025,Loyal
1231,47198,Loyal
1232,47239,Loyal
1233,47253,Loyal
1234,47258,Loyal
1235,47304,Loyal
1236,47311,Loyal
1237,47378,Loyal
1238,47398,Loyal
1239,47412,Loyal
1240,47480,Loyal
1241,47516,Loyal
1242,47531,Loyal
1243,47588,Loyal
1244,47597,Loyal
1245,47771,Loyal
1246,47828,Loyal
1247,47877,Loyal
1248,47901,Loyal
1249,47940,Loyal
1250,47985,Loyal
1251,48024,Loyal
1252,48074,Loyal
1253,48078,Loyal
1254,48080,Loyal
1255,48163,Loyal
1256,48174,Loyal
1257,48176,Loyal
1258,48210,Loyal
1259,48235,Loyal
1260,48276,Loyal
1261,48300,Loyal
1262,48371,Loyal
1263,48405,Loyal
1264,48420,Loyal
1265,48461,Loyal
1266,48494,Loyal
1267,48501,Loyal
1268,48567,Loyal
1269,48588,Loyal
1270,48628,Loyal
1271,48635,Loyal
1272,48670,Loyal
1273,48721,Loyal
1274,48731,Loyal
1275,48746,Loyal
1276,48845,Loyal
1277,48860,Loyal
1278,48870,Loyal
1279,48902,Loyal
1280,49009,Loyal
1281,49024,Loyal
1282,49210,Loyal
1283,49354,Loyal
1284,49383,Loyal
1285,49476,Loyal
1286,49498,Loyal
1287,49511,Loyal
1288,49535,Loyal
1289,49597,Loyal
1290,49632,Loyal
1291,49681,Loyal
1292,49686,Loyal
1293,49693,Loyal
1294,49798,Loyal
1295,49944,Loyal
1296,49948,Loyal
1297,49985,Loyal
1298,50031,Loyal
1299,50207,Loyal
1300,50239,Loyal
1301,50248,Loyal
1302,50305,Loyal
1303,50326,Loyal
1304,50337,Loyal
1305,50407,Loyal
1306,50418,Loyal
1307,50424,Loyal
1308,50439,Loyal
1309,50463,Loyal
1310,50501,Loyal
1311,50509,Loyal
1312,50564,Loyal
1313,50632,Loyal
1314,50708,Loyal
1315,50713,Loyal
1316,50723,Loyal
1317,50753,Loyal
1318,50760,Loyal
1319,50859,Loyal
1320,50861,Loyal
1321,50873,Loyal
1322,50936,Loyal
1323,50968,Loyal
1324,50969,Loyal
1325,51039,Loyal
1326,51120,Loyal
1327,51139,Loyal
1328,51179,Loyal
1329,51223,Loyal
1330,51231,Loyal
1331,51277,Loyal
1332,51315,Loyal
1333,51351,Loyal
1334,51362,Loyal
1335,51381,Loyal
1336,51395,Loyal
1337,51429,Loyal
1338,51512,Loyal
1339,51536,Loyal
1340,51611,Loyal
1341,51623,Loyal
1342,51636,Loyal
1343,51649,Loyal
1344,51665,Loyal
1345,51813,Loyal
1346,51981,Loyal
1347,52035,Loyal
1348,52070,Loyal
1349,52090,Loyal
1350,52127,Loyal
1351,52169,Loyal
1352,52281,Loyal
1353,52285,Loyal
1354,52289,Loyal
1355,52311,Loyal
1356,52345,Loyal
1357,52378,Loyal
1358,52388,Loyal
1359,52400,Loyal
1360,52413,Loyal
1361,52471,Loyal
1362,52504,Loyal
1363,52508,Loyal
1364,52580,Loyal
1365,52641,Loyal
1366,52652,Loyal
1367,52654,Loyal
1368,52667,Loyal
1369,52692,Loyal
1370,52730,Loyal
1371,52741,Loyal
1372,52829,Loyal
1373,52836,Loyal
1374,52966,Loyal
1375,53004,Loyal
1376,53020,Loyal
1377,53078,Loyal
1378,53091,Loyal
1379,53104,Loyal
1380,53131,Loyal
1381,53132,Loyal
1382,53175,Loyal
1383,53191,Loyal
1384,53244,Loyal
1385,53267,Loyal
1386,53332,Loyal
1387,53482,Loyal
1388,53489,Loyal
1389,53500,Loyal
1390,53525,Loyal
1391,53526,Loyal
1392,53570,Loyal
1393,53585,Loyal
1394,53606,Loyal
1395,53608,Loyal
1396,53678,Loyal
1397,53704,Loyal
1398,53788,Loyal
1399,53868,Loyal
1400,53908,Loyal
1401,53941,Loyal
1402,53951,Loyal
1403,54001,Loyal
1404,54021,Loyal
1405,54099,Loyal
1406,54107,Loyal
1407,54127,Loyal
1408,54148,Loyal
1409,54153,Loyal
1410,54222,Loyal
1411,54230,Loyal
1412,54271,Loyal
1413,54332,Loyal
1414,54360,Loyal
1415,54373,Loyal
1416,54381,Loyal
1417,54403,Loyal
1418,54416,Loyal
1419,54481,Loyal
1420,54514,Loyal
1421,54536,Loyal
1422,54544,Loyal
1423,54576,Loyal
1424,54605,Loyal
1425,54665,Loyal
1426,54730,Loyal
1427,54761,Loyal
1428,54906,Loyal
1429,54959,Loyal
1430,55049,Loyal
1431,55087,Loyal
1432,55105,Loyal
1433,55108,Loyal
1434,55203,Loyal
1435,55245,Loyal
1436,55268,Loyal
1437,55287,Loyal
1438,55288,Loyal
1439,55323,Loyal
1440,55357,Loyal
1441,55362,Loyal
1442,55380,Loyal
1443,55412,Loyal
1444,55569,Loyal
1445,55581,Loyal
1446,55589,Loyal
1447,55616,Loyal
1448,55653,Loyal
1449,55658,Loyal
1450,55684,Loyal
1451,55697,Loyal
1452,55736,Loyal
1453,55752,Loyal
1454,55760,Loyal
1455,55875,Loyal
1456,55884,Loyal
1457,55899,Loyal
1458,55924,Loyal
1459,55929,Loyal
1460,55940,Loyal
1461,56002,Loyal
1462,56080,Loyal
1463,56109,Loyal
1464,56131,Loyal
1465,56244,Loyal
1466,56265,Loyal
1467,56321,Loyal
1468,56336,Loyal
1469,56394,Loyal
1470,56520,Loyal
1471,56599,Loyal
1472,56607,Loyal
1473,56614,Loyal
1474,56653,Loyal
1475,56686,Loyal
1476,56730,Loyal
1477,56732,Loyal
1478,56737,Loyal
1479,56742,Loyal
1480,56815,Loyal
1481,56825,Loyal
1482,56826,Loyal
1483,56836,Loyal
1484,56861,Loyal
1485,56944,Loyal
1486,56949,Loyal
1487,57043,Loyal
1488,57071,Loyal
1489,57075,Loyal
1490,57170,Loyal
1491,57192,Loyal
1492,57302,Loyal
1493,57348,Loyal
1494,57362,Loyal
1495,57374,Loyal
1496,57377,Loyal
1497,57410,Loyal
1498,57430,Loyal
1499,57473,Loyal
1500,57513,Loyal
1501,57514,Loyal
1502,57545,Loyal
1503,57563,Loyal
1504,57580,Loyal
1505,57588,Loyal
1506,57636,Loyal
1507,57663,Loyal
1508,57668,Loyal
1509,57760,Loyal
1510,57867,Loyal
1511,57915,Loyal
1512,57923,Loyal
1513,57928,Loyal
1514,57987,Loyal
1515,58007,Loyal
1516,58018,Loyal
1517,58044,Loyal
1518,58121,Loyal
1519,58186,Loyal
1520,58250,Loyal
1521,58319,Loyal
1522,58399,Loyal
1523,58408,Loyal
1524,58411,Loyal
1525,58441,Loyal
1526,58466,Loyal
1527,58478,Loyal
1528,58569,Loyal
1529,58578,Loyal
1530,58662,Loyal
1531,58684,Loyal
1532,58756,Loyal
1533,58781,Loyal
1534,58843,Loyal
1535,58844,Loyal
1536,58852,Loyal
1537,58870,Loyal
1538,58913,Loyal
1539,59073,Loyal
1540,59088,Loyal
1541,59104,Loyal
1542,59105,Loyal
1543,59138,Loyal
1544,59336,Loyal
1545,59350,Loyal
1546,59403,Loyal
1547,59448,Loyal
1548,59488,Loyal
1549,59532,Loyal
1550,59565,Loyal
1551,59595,Loyal
1552,59606,Loyal
1553,59621,Loyal
1554,59695,Loyal
1555,59728,Loyal
1556,59730,Loyal
1557,59740,Loyal
1558,59760,Loyal
1559,59828,Loyal
1560,59839,Loyal
1561,59873,Loyal
1562,59939,Loyal
1563,59970,Loyal
1564,59987,Loyal
1565,59994,Loyal
1566,60069,Loyal
1567,60177,Loyal
1568,60245,Loyal
1569,60352,Loyal
1570,60369,Loyal
1571,60393,Loyal
1572,60400,Loyal
1573,60416,Loyal
1574,60481,Loyal
1575,60515,Loyal
1576,60542,Loyal
1577,60603,Loyal
1578,60635,Loyal
1579,60676,Loyal
1580,60690,Loyal
1581,60704,Loyal
1582,60756,Loyal
1583,60799,Loyal
1584,60811,Loyal
1585,60824,Loyal
1586,60871,Loyal
1587,60883,Loyal
1588,60918,Loyal
1589,60924,Loyal
1590,60946,Loyal
1591,60989,Loyal
1592,60993,Loyal
1593,61020,Loyal
1594,61055,Loyal
1595,61121,Loyal
1596,61127,Loyal
1597,61138,Loyal
1598,61168,Loyal
1599,61182,Loyal
1600,61219,Loyal
1601,61335,Loyal
1602,61371,Loyal
1603,61394,Loyal
1604,61467,Loyal
1605,61468,Loyal
1606,61488,Loyal
1607,61593,Loyal
1608,61629,Loyal
1609,61736,Loyal
1610,61747,Loyal
1611,61772,Loyal
1612,61793,Loyal
1613,61796,Loyal
1614,61834,Loyal
1615,61835,Loyal
1616,61897,Loyal
1617,61942,Loyal
1618,61971,Loyal
1619,61996,Loyal
1620,62034,Loyal
1621,62055,Loyal
1622,62075,Loyal
1623,62147,Loyal
1624,62166,Loyal
1625,62179,Loyal
1626,62185,Loyal
1627,62401,Loyal
1628,62471,Loyal
1629,62487,Loyal
1630,62530,Loyal
1631,62541,Loyal
1632,62575,Loyal
1633,62684,Loyal
1634,62768,Loyal
1635,62835,Loyal
1636,62863,Loyal
1637,62892,Loyal
1638,62999,Loyal
1639,63002,Loyal
1640,63014,Loyal
1641,63059,Loyal
1642,63085,Loyal
1643,63098,Loyal
1644,63124,Loyal
1645,63136,Loyal
1646,63168,Loyal
1647,63169,Loyal
1648,63185,Loyal
1649,63220,Loyal
1650,63350,Loyal
1651,63357,Loyal
1652,63367,Loyal
1653,63386,Loyal
1654,63457,Loyal
1655,63476,Loyal
1656,63513,Loyal
1657,63520,Loyal
1658,63592,Loyal
1659,63594,Loyal
1660,63609,Loyal
1661,63627,Loyal
1662,63663,Loyal
1663,63689,Loyal
1664,63736,Loyal
1665,63764,Loyal
1666,63801,Loyal
1667,63857,Loyal
1668,63868,Loyal
1669,63888,Loyal
1670,63913,Loyal
1671,63915,Loyal
1672,63963,Loyal
1673,63967,Loyal
1674,64003,Loyal
1675,64018,Loyal
1676,64099,Loyal
1677,64101,Loyal
1678,64102,Loyal
1679,64154,Loyal
1680,64155,Loyal
1681,64186,Loyal
1682,64201,Loyal
1683,64236,Loyal
1684,64296,Loyal
1685,64306,Loyal
1686,64325,Loyal
1687,64385,Loyal
1688,64481,Loyal
1689,64489,Loyal
1690,64518,Loyal
1691,64557,Loyal
1692,64599,Loyal
1693,64633,Loyal
1694,64642,Loyal
1695,64649,Loyal
1696,64753,Loyal
1697,64769,Loyal
1698,64805,Loyal
1699,64834,Loyal
1700,64849,Loyal
1701,64901,Loyal
1702,64960,Loyal
1703,64974,Loyal
1704,64975,Loyal
1705,64984,Loyal
1706,65009,Loyal
1707,65011,Loyal
1708,65046,Loyal
1709,65079,Loyal
1710,65143,Loyal
1711,65160,Loyal
1712,65207,Loyal
1713,65237,Loyal
1714,65284,Loyal
1715,65303,Loyal
1716,65332,Loyal
1717,65353,Loyal
1718,65358,Loyal
1719,65374,Loyal
1720,65391,Loyal
1721,65394,Loyal
1722,65495,Loyal
1723,65572,Loyal
1724,65600,Loyal
1725,65681,Loyal
1726,65745,Loyal
1727,65764,Loyal
1728,65828,Loyal
1729,65868,Loyal
1730,65874,Loyal
1731,65889,Loyal
1732,65907,Loyal
1733,65921,Loyal
1734,65970,Loyal
1735,66003,Loyal
1736,66027,Loyal
1737,66062,Loyal
1738,66068,Loyal
1739,66172,Loyal
1740,66179,Loyal
1741,66209,Loyal
1742,66224,Loyal
1743,66267,Loyal
1744,66338,Loyal
1745,66458,Loyal
1746,66490,Loyal
1747,66516,Loyal
1748,66536,Loyal
1749,66548,Loyal
1750,66554,Loyal
1751,66575,Loyal
1752,66723,Loyal
1753,66735,Loyal
1754,66760,Loyal
1755,66763,Loyal
1756,66869,Loyal
1757,66906,Loyal
1758,66945,Loyal
1759,66980,Loyal
1760,66983,Loyal
1761,67021,Loyal
1762,67027,Loyal
1763,67042,Loyal
1764,67064,Loyal
1765,67088,Loyal
1766,67179,Loyal
1767,67185,Loyal
1768,67296,Loyal
1769,67358,Loyal
1770,67372,Loyal
1771,67375,Loyal
1772,67493,Loyal
1773,67594,Loyal
1774,67649,Loyal
1775,67658,Loyal
1776,67698,Loyal
1777,67795,Loyal
1778,67832,Loyal
1779,67859,Loyal
1780,67898,Loyal
1781,67943,Loyal
1782,67949,Loyal
1783,67955,Loyal
1784,68036,Loyal
1785,68077,Loyal
1786,68089,Loyal
1787,68096,Loyal
1788,68113,Loyal
1789,68145,Loyal
1790,68263,Loyal
1791,68331,Loyal
1792,68374,Loyal
1793,68509,Loyal
1794,68545,Loyal
1795,68591,Loyal
1796,68647,Loyal
1797,68708,Loyal
1798,68790,Loyal
1799,68793,Loyal
1800,68813,Loyal
1801,68820,Loyal
1802,68874,Loyal
1803,68894,Loyal
1804,68895,Loyal
1805,68929,Loyal
1806,68931,Loyal
1807,68935,Loyal
1808,68982,Loyal
1809,69030,Loyal
1810,69031,Loyal
1811,69048,Loyal
1812,69063,Loyal
1813,69082,Loyal
1814,69253,Loyal
1815,69254,Loyal
1816,69279,Loyal
1817,69288,Loyal
1818,69305,Loyal
1819,69370,Loyal
1820,69385,Loyal
1821,69409,Loyal
1822,69485,Loyal
1823,69529,Loyal
1824,69538,Loyal
1825,69542,Loyal
1826,69546,Loyal
1827,69580,Loyal
1828,69584,Loyal
1829,69592,Loyal
1830,69645,Loyal
1831,69646,Loyal
1832,69647,Loyal
1833,69698,Loyal
1834,69740,Loyal
1835,69753,Loyal
1836,69801,Loyal
1837,69805,Loyal
1838,69854,Loyal
1839,69875,Loyal
1840,69906,Loyal
1841,69937,Loyal
1842,70069,Loyal
1843,70121,Loyal
1844,70169,Loyal
1845,70194,Loyal
1846,70256,Loyal
1847,70365,Loyal
1848,70369,Loyal
1849,70401,Loyal
1850,70407,Loyal
1851,70559,Loyal
1852,70566,Loyal
1853,70595,Loyal
1854,70619,Loyal
1855,70624,Loyal
1856,70638,Loyal
1857,70724,Loyal
1858,70749,Loyal
1859,70767,Loyal
1860,70846,Loyal
1861,70853,Loyal
1862,70877,Loyal
1863,70926,Loyal
1864,70954,Loyal
1865,70980,Loyal
1866,71036,Loyal
1867,71076,Loyal
1868,71156,Loyal
1869,71161,Loyal
1870,71175,Loyal
1871,71221,Loyal
1872,71316,Loyal
1873,71392,Loyal
1874,71432,Loyal
1875,71449,Loyal
1876,71453,Loyal
1877,71500,Loyal
1878,71531,Loyal
1879,71534,Loyal
1880,71538,Loyal
1881,71577,Loyal
1882,71596,Loyal
1883,71598,Loyal
1884,71692,Loyal
1885,71694,Loyal
1886,71700,Loyal
1887,71709,Loyal
1888,71769,Loyal
1889,71802,Loyal
1890,71891,Loyal
1891,71902,Loyal
1892,71932,Loyal
1893,71976,Loyal
1894,72035,Loyal
1895,72053,Loyal
1896,72057,Loyal
1897,72071,Loyal
1898,72090,Loyal
1899,72125,Loyal
1900,72164,Loyal
1901,72209,Loyal
1902,72220,Loyal
1903,72239,Loyal
1904,72294,Loyal
1905,72304,Loyal
1906,72321,Loyal
1907,72402,Loyal
1908,72463,Loyal
1909,72473,Loyal
1910,72506,Loyal
1911,72574,Loyal
1912,72614,Loyal
1913,72618,Loyal
1914,72653,Loyal
1915,72654,Loyal
1916,72699,Loyal
1917,72715,Loyal
1918,72777,Loyal
1919,72893,Loyal
1920,72917,Loyal
1921,72977,Loyal
1922,73054,Loyal
1923,73070,Loyal
1924,73100,Loyal
1925,73193,Loyal
1926,73205,Loyal
1927,73228,Loyal
1928,73233,Loyal
1929,73254,Loyal
1930,73387,Loyal
1931,73425,Loyal
1932,73455,Loyal
1933,73457,Loyal
1934,73472,Loyal
1935,73613,Loyal
1936,73643,Loyal
1937,73668,Loyal
1938,73687,Loyal
1939,73730,Loyal
1940,73765,Loyal
1941,73786,Loyal
1942,73803,Loyal
1943,73804,Loyal
1944,73857,Loyal
1945,73866,Loyal
1946,73907,Loyal
1947,73953,Loyal
1948,73977,Loyal
1949,74120,Loyal
1950,74129,Loyal
1951,74279,Loyal
1952,74280,Loyal
1953,74287,Loyal
1954,74320,Loyal
1955,74395,Loyal
1956,74423,Loyal
1957,74438,Loyal
1958,74447,Loyal
1959,74463,Loyal
1960,74494,Loyal
1961,74527,Loyal
1962,74540,Loyal
1963,74565,Loyal
1964,74570,Loyal
1965,74577,Loyal
1966,74639,Loyal
1967,74782,Loyal
1968,74850,Loyal
1969,74885,Loyal
1970,74889,Loyal
1971,74907,Loyal
1972,74945,Loyal
1973,75001,Loyal
1974,75018,Loyal
1975,75019,Loyal
1976,75055,Loyal
1977,75066,Loyal
1978,75092,Loyal
1979,75149,Loyal
1980,75163,Loyal
1981,75171,Loyal
1982,75174,Loyal
1983,75209,Loyal
1984,75237,Loyal
1985,75262,Loyal
1986,75314,Loyal
1987,75400,Loyal
1988,75421,Loyal
1989,75430,Loyal
1990,75451,Loyal
1991,75454,Loyal
1992,75468,Loyal
1993,75536,Loyal
1994,75652,Loyal
1995,75671,Loyal
1996,75721,Loyal
1997,75802,Loyal
1998,75835,Loyal
1999,75869,Loyal
2000,75938,Loyal
2001,75977,Loyal
2002,76045,Loyal
2003,76071,Loyal
2004,76221,Loyal
2005,76234,Loyal
2006,76237,Loyal
2007,76280,Loyal
2008,76345,Loyal
2009,76350,Loyal
2010,76474,Loyal
2011,76480,Loyal
2012,76502,Loyal
2013,76526,Loyal
2014,76557,Loyal
2015,76624,Loyal
2016,76648,Loyal
2017,76719,Loyal
2018,76721,Loyal
2019,76772,Loyal
2020,76842,Loyal
2021,76953,Loyal
2022,76992,Loyal
2023,77067,Loyal
2024,77076,Loyal
2025,77131,Loyal
2026,77133,Loyal
2027,77199,Loyal
2028,77319,Loyal
2029,77362,Loyal
2030,77367,Loyal
2031,77373,Loyal
2032,77505,Loyal
2033,77524,Loyal
2034,77577,Loyal
2035,77611,Loyal
2036,77632,Loyal
2037,77645,Loyal
2038,77687,Loyal
2039,77704,Loyal
2040,77710,Loyal
2041,77792,Loyal
2042,77859,Loyal
2043,77884,Loyal
2044,77909,Loyal
2045,77932,Loyal
2046,77951,Loyal
2047,77987,Loyal
2048,78013,Loyal
2049,78033,Loyal
2050,78040,Loyal
2051,78046,Loyal
2052,78056,Loyal
2053,78144,Loyal
2054,78151,Loyal
2055,78171,Loyal
2056,78192,Loyal
2057,78197,Loyal
2058,78206,Loyal
2059,78211,Loyal
2060,78241,Loyal
2061,78299,Loyal
2062,78364,Loyal
2063,78387,Loyal
2064,78498,Loyal
2065,78588,Loyal
2066,78631,Loyal
2067,78712,Loyal
2068,78731,Loyal
2069,78856,Loyal
2070,78860,Loyal
2071,78880,Loyal
2072,78909,Loyal
2073,78913,Loyal
2074,78998,Loyal
2075,79062,Loyal
2076,79082,Loyal
2077,79114,Loyal
2078,79119,Loyal
2079,79130,Loyal
2080,79165,Loyal
2081,79192,Loyal
2082,79213,Loyal
2083,79257,Loyal
2084,79263,Loyal
2085,79267,Loyal
2086,79276,Loyal
2087,79317,Loyal
2088,79323,Loyal
2089,79385,Loyal
2090,79386,Loyal
2091,79395,Loyal
2092,79397,Loyal
2093,79461,Loyal
2094,79512,Loyal
2095,79596,Loyal
2096,79622,Loyal
2097,79636,Loyal
2098,79640,Loyal
2099,79745,Loyal
2100,79766,Loyal
2101,79794,Loyal
2102,79827,Loyal
2103,79852,Loyal
2104,79862,Loyal
2105,79937,Loyal
2106,79979,Loyal
2107,79995,Loyal
2108,80065,Loyal
2109,80189,Loyal
2110,80339,Loyal
2111,80350,Loyal
2112,80362,Loyal
2113,80388,Loyal
2114,80432,Loyal
2115,80436,Loyal
2116,80462,Loyal
2117,80493,Loyal
2118,80561,Loyal
2119,80587,Loyal
2120,80636,Loyal
2121,80674,Loyal
2122,80682,Loyal
2123,80711,Loyal
2124,80776,Loyal
2125,80810,Loyal
2126,80825,Loyal
2127,80834,Loyal
2128,80863,Loyal
2129,80873,Loyal
2130,80880,Loyal
2131,80897,Loyal
2132,80921,Loyal
2133,81023,Loyal
2134,81040,Loyal
2135,81088,Loyal
2136,81110,Loyal
2137,81149,Loyal
2138,81180,Loyal
2139,81209,Loyal
2140,81226,Loyal
2141,81260,Loyal
2142,81297,Loyal
2143,81298,Loyal
2144,81323,Loyal
2145,81348,Loyal
2146,81438,Loyal
2147,81440,Loyal
2148,81466,Loyal
2149,81504,Loyal
2150,81522,Loyal
2151,81565,Loyal
2152,81567,Loyal
2153,81570,Loyal
2154,81614,Loyal
2155,81637,Loyal
2156,81651,Loyal
2157,81788,Loyal
2158,81813,Loyal
2159,81820,Loyal
2160,81869,Loyal
2161,81983,Loyal
2162,82006,Loyal
2163,82008,Loyal
2164,82012,Loyal
2165,82021,Loyal
2166,82050,Loyal
2167,82064,Loyal
2168,82066,Loyal
2169,82088,Loyal
2170,82125,Loyal
2171,82170,Loyal
2172,82182,Loyal
2173,82197,Loyal
2174,82250,Loyal
2175,82272,Loyal
2176,82343,Loyal
2177,82353,Loyal
2178,82384,Loyal
2179,82423,Loyal
2180,82471,Loyal
2181,82698,Loyal
2182,82708,Loyal
2183,82742,Loyal
2184,82829,Loyal
2185,82837,Loyal
2186,82844,Loyal
2187,82949,Loyal
2188,82997,Loyal
2189,83008,Loyal
2190,83073,Loyal
2191,83107,Loyal
2192,83142,Loyal
2193,83322,Loyal
2194,83340,Loyal
2195,83356,Loyal
2196,83401,Loyal
2197,83410,Loyal
2198,83429,Loyal
2199,83496,Loyal
2200,83582,Loyal
2201,83584,Loyal
2202,83688,Loyal
2203,83731,Loyal
2204,83779,Loyal
2205,83824,Loyal
2206,83844,Loyal
2207,83849,Loyal
2208,83858,Loyal
2209,83866,Loyal
2210,83882,Loyal
2211,83924,Loyal
2212,84004,Loyal
2213,84015,Loyal
2214,84018,Loyal
2215,84050,Loyal
2216,84061,Loyal
2217,84129,Loyal
2218,84171,Loyal
2219,84263,Loyal
2220,84272,Loyal
2221,84290,Loyal
2222,84344,Loyal
2223,84379,Loyal
2224,84381,Loyal
2225,84434,Loyal
2226,84445,Loyal
2227,84478,Loyal
2228,84479,Loyal
2229,84514,Loyal
2230,84551,Loyal
2231,84599,Loyal
2232,84602,Loyal
2233,84609,Loyal
2234,84626,Loyal
2235,84636,Loyal
2236,84647,Loyal
2237,84650,Loyal
2238,84673,Loyal
2239,84682,Loyal
2240,84715,Loyal
2241,84721,Loyal
2242,84724,Loyal
2243,84760,Loyal
2244,84804,Loyal
2245,84886,Loyal
2246,85008,Loyal
2247,85046,Loyal
2248,85051,Loyal
2249,85063,Loyal
2250,85092,Loyal
2251,85112,Loyal
2252,85120,Loyal
2253,85168,Loyal
2254,85199,Loyal
2255,85201,Loyal
2256,85247,Loyal
2257,85312,Loyal
2258,85318,Loyal
2259,85354,Loyal
2260,85382,Loyal
2261,85387,Loyal
2262,85391,Loyal
2263,85424,Loyal
2264,85481,Loyal
2265,85484,Loyal
2266,85498,Loyal
2267,85511,Loyal
2268,85517,Loyal
2269,85521,Loyal
2270,85538,Loyal
2271,85576,Loyal
2272,85600,Loyal
2273,85607,Loyal
2274,85746,Loyal
2275,85769,Loyal
2276,85771,Loyal
2277,85781,Loyal
2278,85792,Loyal
2279,85797,Loyal
2280,85828,Loyal
2281,85833,Loyal
2282,85838,Loyal
2283,85843,Loyal
2284,85848,Loyal
2285,85859,Loyal
2286,85884,Loyal
2287,85896,Loyal
2288,85952,Loyal
2289,86002,Loyal
2290,86091,Loyal
2291,86148,Loyal
2292,86192,Loyal
2293,86250,Loyal
2294,86292,Loyal
2295,86380,Loyal
2296,86383,Loyal
2297,86403,Loyal
2298,86406,Loyal
2299,86418,Loyal
2300,86425,Loyal
2301,86462,Loyal
2302,86484,Loyal
2303,86558,Loyal
2304,86578,Loyal
2305,86618,Loyal
2306,86657,Loyal
2307,86675,Loyal
2308,86710,Loyal
2309,86713,Loyal
2310,86770,Loyal
2311,86879,Loyal
2312,86889,Loyal
2313,86933,Loyal
2314,86935,Loyal
2315,86950,Loyal
2316,86961,Loyal
2317,86974,Loyal
2318,86983,Loyal
2319,86988,Loyal
2320,86997,Loyal
2321,87035,Loyal
2322,87090,Loyal
2323,87115,Loyal
2324,87182,Loyal
2325,87194,Loyal
2326,87240,Loyal
2327,87243,Loyal
2328,87334,Loyal
2329,87427,Loyal
2330,87462,Loyal
2331,87522,Loyal
2332,87525,Loyal
2333,87591,Loyal
2334,87617,Loyal
2335,87690,Loyal
2336,87693,Loyal
2337,87698,Loyal
2338,87743,Loyal
2339,87748,Loyal
2340,87763,Loyal
2341,87779,Loyal
2342,87798,Loyal
2343,87854,Loyal
2344,87918,Loyal
2345,87971,Loyal
2346,88064,Loyal
2347,88085,Loyal
2348,88165,Loyal
2349,88177,Loyal
2350,88188,Loyal
2351,88194,Loyal
2352,88245,Loyal
2353,88246,Loyal
2354,88260,Loyal
2355,88282,Loyal
2356,88308,Loyal
2357,88409,Loyal
2358,88578,Loyal
2359,88649,Loyal
2360,88665,Loyal
2361,88668,Loyal
2362,88733,Loyal
2363,88781,Loyal
2364,88784,Loyal
2365,88937,Loyal
2366,88948,Loyal
2367,88965,Loyal
2368,89058,Loyal
2369,89093,Loyal
2370,89105,Loyal
2371,89128,Loyal
2372,89160,Loyal
2373,89201,Loyal
2374,89209,Loyal
2375,89256,Loyal
2376,89319,Loyal
2377,89364,Loyal
2378,89437,Loyal
2379,89513,Loyal
2380,89537,Loyal
2381,89590,Loyal
2382,89661,Loyal
2383,89677,Loyal
2384,89680,Loyal
2385,89684,Loyal
2386,89741,Loyal
2387,89752,Loyal
2388,89805,Loyal
2389,89811,Loyal
2390,89882,Loyal
2391,89925,Loyal
2392,89985,Loyal
2393,90028,Loyal
2394,90089,Loyal
2395,90118,Loyal
2396,90192,Loyal
2397,90194,Loyal
2398,90316,Loyal
2399,90328,Loyal
2400,90339,Loyal
2401,90510,Loyal
2402,90521,Loyal
2403,90544,Loyal
2404,90546,Loyal
2405,90556,Loyal
2406,90574,Loyal
2407,90610,Loyal
2408,90709,Loyal
2409,90722,Loyal
2410,90734,Loyal
2411,90820,Loyal
2412,90824,Loyal
2413,90974,Loyal
2414,90995,Loyal
2415,90999,Loyal
2416,91012,Loyal
2417,91033,Loyal
2418,91092,Loyal
2419,91099,Loyal
2420,91112,Loyal
2421,91113,Loyal
2422,91157,Loyal
2423,91235,Loyal
2424,91291,Loyal
2425,91308,Loyal
2426,91326,Loyal
2427,91465,Loyal
2428,91504,Loyal
2429,91622,Loyal
2430,91635,Loyal
2431,91650,Loyal
2432,91727,Loyal
2433,91746,Loyal
2434,91889,Loyal
2435,91966,Loyal
2436,91977,Loyal
2437,91985,Loyal
2438,92018,Loyal
2439,92060,Loyal
2440,92130,Loyal
2441,92154,Loyal
2442,92175,Loyal
2443,92258,Loyal
2444,92273,Loyal
2445,92346,Loyal
2446,92352,Loyal
2447,92386,Loyal
2448,92432,Loyal
2449,92438,Loyal
2450,92483,Loyal
2451,92523,Loyal
2452,92540,Loyal
2453,92549,Loyal
2454,92623,Loyal
2455,92634,Loyal
2456,92638,Loyal
2457,92661,Loyal
2458,92673,Loyal
2459,92694,Loyal
2460,92708,Loyal
2461,92784,Loyal
2462,92828,Loyal
2463,92859,Loyal
2464,92979,Loyal
2465,93013,Loyal
2466,93034,Loyal
2467,93095,Loyal
2468,93126,Loyal
2469,93131,Loyal
2470,93133,Loyal
2471,93231,Loyal
2472,93297,Loyal
2473,93305,Loyal
2474,93315,Loyal
2475,93320,Loyal
2476,93412,Loyal
2477,93434,Loyal
2478,93480,Loyal
2479,93528,Loyal
2480,93540,Loyal
2481,93545,Loyal
2482,93574,Loyal
2483,93631,Loyal
2484,93763,Loyal
2485,93765,Loyal
2486,93766,Loyal
2487,93793,Loyal
2488,93851,Loyal
2489,93900,Loyal
2490,93907,Loyal
2491,93927,Loyal
2492,93932,Loyal
2493,94006,Loyal
2494,94026,Loyal
2495,94046,Loyal
2496,94191,Loyal
2497,94196,Loyal
2498,94255,Loyal
2499,94264,Loyal
2500,94279,Loyal
2501,94286,Loyal
2502,94296,Loyal
2503,94329,Loyal
2504,94417,Loyal
2505,94474,Loyal
2506,94490,Loyal
2507,94558,Loyal
2508,94572,Loyal
2509,94618,Loyal
2510,94646,Loyal
2511,94707,Loyal
2512,94747,Loyal
2513,94779,Loyal
2514,94809,Loyal
2515,94866,Loyal
2516,94890,Loyal
2517,94946,Loyal
2518,94982,Loyal
2519,95007,Loyal
2520,95017,Loyal
2521,95136,Loyal
2522,95157,Loyal
2523,95162,Loyal
2524,95202,Loyal
2525,95212,Loyal
2526,95294,Loyal
2527,95332,Loyal
2528,95350,Loyal
2529,95358,Loyal
2530,95359,Loyal
2531,95381,Loyal
2532,95406,Loyal
2533,95431,Loyal
2534,95535,Loyal
2535,95549,Loyal
2536,95631,Loyal
2537,95641,Loyal
2538,95853,Loyal
2539,95856,Loyal
2540,95873,Loyal
2541,95920,Loyal
2542,95983,Loyal
2543,96010,Loyal
2544,96025,Loyal
2545,96090,Loyal
2546,96110,Loyal
2547,96129,Loyal
2548,96255,Loyal
2549,96295,Loyal
2550,96309,Loyal
2551,96321,Loyal
2552,96384,Loyal
2553,96472,Loyal
2554,96484,Loyal
2555,96521,Loyal
2556,96536,Loyal
2557,96603,Loyal
2558,96626,Loyal
2559,96644,Loyal
2560,96655,Loyal
2561,96688,Loyal
2562,96700,Loyal
2563,96706,Loyal
2564,96732,Loyal
2565,96765,Loyal
2566,96795,Loyal
2567,96859,Loyal
2568,96876,Loyal
2569,96878,Loyal
2570,96880,Loyal
2571,97044,Loyal
2572,97092,Loyal
2573,97113,Loyal
2574,97190,Loyal
2575,97201,Loyal
2576,97207,Loyal
2577,97284,Loyal
2578,97313,Loyal
2579,97371,Loyal
2580,97386,Loyal
2581,97402,Loyal
2582,97422,Loyal
2583,97485,Loyal
2584,97494,Loyal
2585,97500,Loyal
2586,97506,Loyal
2587,97551,Loyal
2588,97577,Loyal
2589,97663,Loyal
2590,97691,Loyal
2591,97710,Loyal
2592,97777,Loyal
2593,97799,Loyal
2594,97842,Loyal
2595,97845,Loyal
2596,97862,Loyal
2597,97973,Loyal
2598,97979,Loyal
2599,98038,Loyal
2600,98154,Loyal
2601,98217,Loyal
2602,98256,Loyal
2603,98262,Loyal
2604,98327,Loyal
2605,98350,Loyal
2606,98358,Loyal
2607,98378,Loyal
2608,98397,Loyal
2609,98405,Loyal
2610,98445,Loyal
2611,98532,Loyal
2612,98549,Loyal
2613,98577,Loyal
2614,98718,Loyal
2615,98736,Loyal
2616,98743,Loyal
2617,98791,Loyal
2618,98808,Loyal
2619,98844,Loyal
2620,98860,Loyal
2621,98902,Loyal
2622,98920,Loyal
2623,98993,Loyal
2624,99043,Loyal
2625,99066,Loyal
2626,99100,Loyal
2627,99117,Loyal
2628,99143,Loyal
2629,99160,Loyal
2630,99191,Loyal
2631,99247,Loyal
2632,99292,Loyal
2633,99358,Loyal
2634,99391,Loyal
2635,99404,Loyal
2636,99473,Loyal
2637,99519,Loyal
2638,99541,Loyal
2639,99567,Loyal
2640,99582,Loyal
2641,99627,Loyal
2642,99635,Loyal
2643,99677,Loyal
2644,99697,Loyal
2645,99763,Loyal
2646,99792,Loyal
2647,99871,Loyal
2648,99887,Loyal
2649,99972,Loyal
