rowNumber,PersonId,Solved 
58,17Solved
119,55Not Solved
156,67Solved
224,92Not Solved
347,170Solved
436,215Not Solved
494,258Not Solved
506,266Not Solved
674,349Not Solved
777,400Solved
779,400Not Solved
829,416Not Solved
838,418Solved
864,427Not Solved
876,431Not Solved
986,486Solved
1012,503Solved
1027,512Not Solved
1055,530Not Solved
1065,533Not Solved
1087,546Not Solved
1231,615Solved
1249,628Solved
1278,644Solved
1286,644Solved
1333,662Solved
1335,662Solved
1374,688Solved
1476,751Not Solved
1491,759Not Solved
1524,775Solved
1551,788Not Solved
1612,811Solved
1643,828Not Solved
1735,873Not Solved
1744,878Not Solved
1877,964Solved
1913,981Not Solved
1951,1001Not Solved
2032,1041Solved
2040,1043Solved
2066,1054Not Solved
2071,1064Solved
2147,1113Solved
2149,1113Solved
2180,1122Not Solved
2222,1143Not Solved
2226,1147Not Solved
2302,1177Not Solved
2318,1184Not Solved
2361,1200Solved
2368,1202Not Solved
2391,1217Solved
2393,1217Not Solved
2425,1232Solved
2517,1298Solved
2533,1309Not Solved
2569,1327Solved
2585,1337Not Solved
2625,1367Not Solved
2634,1374Not Solved
2696,1397Not Solved
2727,1415Not Solved
2779,1445Not Solved
2847,1486Solved
2854,1487Solved
2856,1487Not Solved
2902,1514Solved
3004,1562Solved
3043,1572Solved
3114,1598Solved
3124,1604Not Solved
3140,1616Not Solved
3156,1628Not Solved
3160,1632Not Solved
3198,1647Not Solved
3215,1659Not Solved
3241,1681Not Solved
3276,1693Not Solved
3316,1721Solved
3330,1726Solved
3451,1781Solved
3462,1785Solved
3505,1810Not Solved
3551,1836Not Solved
3618,1876Not Solved
3837,1981Solved
3921,2032Not Solved
3951,2053Solved
3969,2061Solved
3971,2061Not Solved
3976,2062Solved
4012,2074Not Solved
4027,2080Solved
4204,2195Not Solved
4229,2208Not Solved
4234,2209Solved
4360,2273Solved
4505,2342Solved
4551,2358Solved
4752,2464Not Solved
4794,2486Solved
4809,2493Solved
4825,2497Not Solved
4838,2505Solved
5184,2690Not Solved
5245,2728Not Solved
5280,2745Not Solved
5304,2755Solved
5325,2768Solved
5360,2785Not Solved
5364,2786Solved
5371,2788Not Solved
5435,2822Not Solved
5478,2846Not Solved
5550,2895Not Solved
5554,2897Solved
5627,2924Solved
5638,2926Not Solved
5718,2966Solved
5861,3067Not Solved
5866,3069Solved
5877,3071Solved
5899,3082Not Solved
5957,3118Solved
5959,3118Solved
5961,3118Solved
6052,3153Solved
6059,3156Solved
6079,3165Solved
6130,3196Not Solved
6252,3255Solved
6319,3288Not Solved
6419,3334Not Solved
6451,3348Not Solved
6470,3357Solved
6521,3383Not Solved
6527,3385Solved
6573,3404Not Solved
6658,3443Not Solved
6662,3451Solved
6682,3460Not Solved
6702,3466Not Solved
6706,3468Solved
6759,3502Not Solved
6768,3507Not Solved
6852,3550Solved
6973,3619Solved
6999,3634Solved
7124,3687Not Solved
7160,3697Solved
7296,3763Solved
7311,3776Solved
7317,3777Solved
7337,3786Solved
7441,3849Not Solved
7449,3856Solved
7464,3863Solved
7471,3863Not Solved
7492,3873Not Solved
7656,3972Solved
7676,3987Solved
7793,4045Solved
7890,4084Solved
7892,4084Not Solved
7954,4110Not Solved
7972,4115Not Solved
7978,4118Solved
8002,4124Not Solved
8020,4135Not Solved
8025,4137Not Solved
8085,4184Solved
8180,4225Not Solved
8196,4237Not Solved
8211,4249Solved
8264,4268Solved
8332,4310Solved
8347,4314Not Solved
8375,4325Not Solved
8555,4423Not Solved
8595,4434Solved
8612,4443Not Solved
8704,4497Not Solved
8856,4568Solved
8916,4598Solved
8937,4612Not Solved
8984,4631Solved
9009,4642Not Solved
9031,4653Solved
9058,4666Not Solved
9084,4673Not Solved
9104,4685Solved
9124,4695Solved
9126,4695Solved
9177,4718Not Solved
9225,4737Not Solved
9276,4764Solved
9286,4766Solved
9390,4809Not Solved
9401,4820Solved
9427,4823Solved
9511,4857Not Solved
9583,4890Solved
9852,5027Not Solved
9867,5028Solved
9878,5034Not Solved
9891,5042Not Solved
9976,5091Solved
10024,5111Not Solved
10060,5130Not Solved
10071,5134Not Solved
10124,5160Solved
10145,5165Not Solved
10238,5209Not Solved
10339,5243Solved
10347,5246Not Solved
10373,5256Solved
10398,5263Not Solved
10421,5278Not Solved
10444,5290Not Solved
10461,5305Not Solved
10511,5319Not Solved
10531,5329Not Solved
10552,5338Not Solved
10562,5343Solved
10592,5357Solved
10601,5360Solved
10902,5504Not Solved
10999,5562Not Solved
11005,5563Solved
11007,5563Not Solved
11021,5576Not Solved
11025,5577Solved
11041,5581Not Solved
11071,5593Solved
11176,5641Not Solved
11326,5730Solved
11377,5778Solved
11440,5809Solved
11446,5813Solved
11456,5817Not Solved
11461,5821Not Solved
11542,5865Solved
11602,5896Not Solved
11684,5944Solved
11734,5973Not Solved
11765,5991Solved
11921,6090Not Solved
12016,6142Not Solved
12029,6148Solved
12075,6177Solved
12145,6203Solved
12160,6210Solved
12192,6231Not Solved
12197,6232Solved
12279,6264Solved
12445,6369Solved
12578,6424Solved
12648,6453Not Solved
12710,6470Not Solved
12774,6501Solved
12776,6501Solved
12863,6552Not Solved
12868,6553Solved
12874,6554Solved
12933,6590Not Solved
12947,6598Solved
12949,6598Solved
12963,6603Not Solved
12974,6612Solved
12976,6612Not Solved
13034,6629Solved
13101,6663Solved
13131,6673Not Solved
13216,6740Not Solved
13237,6751Not Solved
13259,6761Solved
13299,6780Not Solved
13320,6788Solved
13350,6805Not Solved
13395,6829Solved
13405,6837Solved
13520,6879Solved
13662,6944Not Solved
13671,6946Solved
13701,6962Not Solved
13706,6964Not Solved
13748,6996Not Solved
13764,7007Solved
13798,7027Not Solved
13932,7095Solved
13934,7095Not Solved
13981,7123Solved
14056,7152Not Solved
14061,7162Solved
14068,7167Solved
14089,7175Solved
14096,7178Solved
14109,7189Not Solved
14118,7197Solved
14124,7199Solved
14144,7208Solved
14209,7248Not Solved
14252,7266Solved
14311,7290Solved
14362,7308Not Solved
14390,7324Not Solved
14409,7335Solved
14535,7394Not Solved
14550,7401Not Solved
14562,7406Not Solved
14681,7468Solved
14706,7485Not Solved
14715,7491Solved
14809,7527Not Solved
14866,7559Solved
14882,7562Solved
14884,7562Not Solved
14957,7606Solved
15099,7666Not Solved
15149,7705Not Solved
15198,7723Not Solved
15330,7809Solved
15506,7898Solved
15508,7898Not Solved
15537,7916Not Solved
15639,7953Solved
15747,8011Not Solved
15754,8019Solved
15756,8019Not Solved
15894,8098Not Solved
15921,8105Solved
15951,8118Not Solved
16031,8161Solved
16039,8165Solved
16046,8166Not Solved
16055,8172Not Solved
16119,8205Solved
16164,8231Solved
16214,8255Not Solved
16260,8275Solved
16283,8289Solved
16341,8311Not Solved
16361,8331Solved
16372,8334Not Solved
16402,8354Solved
16426,8370Solved
16555,8431Not Solved
16578,8445Not Solved
16591,8460Solved
16650,8501Solved
16664,8505Not Solved
16673,8508Solved
16723,8532Not Solved
16758,8553Not Solved
16848,8617Solved
16919,8648Not Solved
16971,8687Solved
16985,8695Not Solved
17052,8736Not Solved
17160,8784Not Solved
17315,8861Solved
17323,8863Solved
17333,8867Not Solved
17388,8900Not Solved
17419,8908Not Solved
17504,8955Not Solved
17556,8972Solved
17636,9020Not Solved
17656,9027Solved
17756,9072Not Solved
17791,9088Not Solved
17814,9102Not Solved
17847,9122Not Solved
17853,9126Not Solved
17865,9132Solved
18051,9235Not Solved
18056,9236Solved
18069,9244Solved
18081,9257Not Solved
18136,9286Not Solved
18168,9296Solved
18176,9297Solved
18214,9325Solved
18264,9352Not Solved
18283,9357Not Solved
18309,9366Not Solved
18372,9400Not Solved
18383,9407Not Solved
18447,9439Solved
18465,9446Not Solved
18469,9448Not Solved
18539,9492Solved
18604,9520Solved
18737,9584Solved
18751,9588Not Solved
18757,9589Not Solved
18791,9614Solved
18852,9645Solved
18888,9658Solved
18943,9686Not Solved
19149,9783Solved
19196,9800Solved
19259,9826Solved
19380,9884Solved
19453,9915Solved
19459,9916Solved
19564,9988Not Solved
19630,10022Solved
19660,10035Not Solved
19774,10090Solved
19817,10106Solved
19842,10116Solved
19894,10142Not Solved
19968,10199Solved
20079,10259Solved
20170,10315Solved
20299,10372Not Solved
20346,10394Not Solved
20433,10422Not Solved
20588,10500Not Solved
20668,10556Solved
20670,10556Not Solved
20697,10566Solved
20816,10632Solved
20922,10700Not Solved
20971,10730Not Solved
21065,10775Not Solved
21161,10810Not Solved
21224,10852Solved
21289,10893Not Solved
21334,10926Solved
21359,10937Solved
21401,10958Solved
21480,11004Solved
21515,11020Solved
21523,11024Solved
21563,11054Not Solved
21592,11070Solved
21622,11091Solved
21701,11118Not Solved
21724,11126Not Solved
21775,11150Not Solved
21830,11185Solved
21836,11185Not Solved
21951,11239Not Solved
22088,11326Not Solved
22126,11346Not Solved
22174,11370Solved
22228,11401Solved
22236,11403Not Solved
22423,11504Not Solved
22577,11555Solved
22583,11556Not Solved
22599,11569Not Solved
22652,11609Solved
22748,11655Not Solved
22919,11758Solved
22934,11770Solved
22942,11772Solved
22961,11775Not Solved
22975,11781Solved
23016,11798Solved
23080,11821Not Solved
23224,11913Solved
23406,12019Solved
23481,12056Solved
23483,12056Not Solved
23490,12063Not Solved
23496,12066Solved
23568,12103Not Solved
23603,12131Not Solved
23670,12154Solved
23691,12162Not Solved
23698,12165Not Solved
23712,12175Solved
23738,12196Not Solved
23750,12214Not Solved
23754,12216Not Solved
23826,12262Not Solved
23840,12270Solved
23893,12298Solved
24073,12388Solved
24083,12388Not Solved
24164,12428Not Solved
24190,12438Not Solved
24218,12451Not Solved
24342,12509Not Solved
24403,12535Not Solved
24451,12561Solved
24478,12567Not Solved
24645,12655Not Solved
24726,12690Solved
24745,12694Solved
24789,12710Not Solved
24794,12712Solved
24869,12753Not Solved
24907,12767Not Solved
24958,12804Not Solved
25061,12867Not Solved
25092,12880Not Solved
25146,12903Not Solved
25237,12958Solved
25299,12985Not Solved
25327,13004Solved
25333,13007Not Solved
25369,13023Solved
25376,13027Solved
25550,13103Not Solved
25641,13154Not Solved
25649,13157Not Solved
25729,13213Not Solved
25884,13292Not Solved
25911,13307Solved
26059,13372Not Solved
26063,13375Solved
26074,13379Solved
26171,13428Solved
26177,13428Not Solved
26212,13447Solved
26247,13457Not Solved
26258,13461Solved
26340,13508Solved
26404,13555Not Solved
26449,13583Not Solved
26486,13603Solved
26497,13604Not Solved
26508,13615Solved
26619,13663Solved
26634,13669Solved
26658,13685Solved
26771,13752Not Solved
26775,13754Not Solved
26836,13787Solved
26857,13795Solved
26885,13810Solved
26895,13814Not Solved
26967,13851Not Solved
27195,13962Not Solved
27220,13974Not Solved
27225,13975Not Solved
27235,13983Not Solved
27311,14008Not Solved
27396,14055Not Solved
27427,14064Not Solved
27525,14126Not Solved
27576,14151Not Solved
27658,14187Solved
27692,14197Solved
27702,14198Solved
27753,14221Solved
27781,14232Solved
27960,14311Not Solved
28062,14359Solved
28064,14359Not Solved
28074,14363Solved
28136,14390Solved
28184,14412Solved
28219,14430Not Solved
28264,14456Solved
28303,14485Not Solved
28314,14486Not Solved
28328,14494Not Solved
28362,14513Solved
28369,14516Not Solved
28550,14603Solved
28684,14658Solved
28761,14695Not Solved
28796,14724Solved
28798,14724Not Solved
28821,14746Solved
28846,14757Solved
28904,14789Not Solved
28934,14802Solved
28936,14802Solved
28968,14813Not Solved
28972,14815Not Solved
28976,14816Solved
29029,14847Not Solved
29080,14872Not Solved
29096,14877Not Solved
29219,14959Not Solved
29234,14972Not Solved
29307,15002Solved
29314,15003Not Solved
29323,15009Not Solved
29428,15060Not Solved
29440,15068Solved
29491,15087Solved
29640,15165Solved
29706,15191Solved
29714,15193Not Solved
29801,15247Solved
29820,15256Not Solved
29847,15271Not Solved
29907,15295Solved
29943,15322Solved
30000,15350Not Solved
30107,15390Solved
30156,15408Solved
30181,15423Not Solved
30231,15446Not Solved
30268,15470Not Solved
30359,15513Not Solved
30471,15580Solved
30491,15596Not Solved
30550,15612Solved
30638,15658Solved
30756,15719Not Solved
30764,15724Not Solved
30822,15764Not Solved
30831,15767Not Solved
30839,15773Not Solved
30847,15775Not Solved
30974,15831Solved
30985,15834Solved
30992,15836Not Solved
31019,15853Solved
31054,15876Not Solved
31105,15904Solved
31111,15906Solved
31132,15911Not Solved
31173,15938Solved
31208,15944Solved
31227,15952Solved
31324,16005Not Solved
31361,16024Not Solved
31380,16040Solved
31391,16047Solved
31541,16135Not Solved
31554,16141Solved
31573,16152Solved
31589,16158Solved
31596,16158Not Solved
31623,16169Not Solved
31678,16196Not Solved
31717,16211Not Solved
31816,16264Not Solved
31844,16275Solved
31935,16329Solved
31942,16332Solved
32141,16428Not Solved
32204,16465Solved
32235,16488Not Solved
32249,16491Solved
32260,16494Not Solved
32267,16495Not Solved
32302,16527Solved
32309,16530Not Solved
32313,16532Solved
32319,16535Not Solved
32381,16586Solved
32479,16640Solved
32570,16695Solved
32620,16726Not Solved
32696,16762Solved
32741,16793Solved
32753,16795Not Solved
32799,16817Solved
32833,16832Solved
32896,16880Not Solved
32947,16903Solved
32987,16920Solved
33034,16938Not Solved
33094,16970Solved
33096,16970Not Solved
33180,17005Solved
33223,17035Solved
33314,17069Solved
33359,17097Solved
33427,17138Not Solved
33462,17148Not Solved
33487,17163Not Solved
33525,17176Not Solved
33581,17210Solved
33602,17217Not Solved
33615,17229Solved
33642,17236Solved
33775,17288Not Solved
33791,17296Not Solved
33812,17304Solved
33886,17329Solved
33979,17376Not Solved
33983,17377Solved
34004,17382Solved
34013,17384Not Solved
34285,17511Not Solved
34316,17530Solved
34322,17533Solved
34495,17632Not Solved
34515,17636Not Solved
34596,17677Solved
34612,17681Solved
34631,17690Solved
34737,17742Not Solved
34775,17775Not Solved
34779,17777Solved
34790,17781Not Solved
34830,17808Solved
34832,17808Solved
34834,17808Not Solved
34849,17813Solved
34969,17872Not Solved
35018,17892Solved
35033,17896Solved
35110,17959Solved
35116,17960Not Solved
35144,17970Not Solved
35148,17973Not Solved
35171,17980Solved
35217,18001Solved
35355,18057Solved
35357,18057Not Solved
35387,18067Not Solved
35472,18108Not Solved
35481,18112Solved
35518,18135Not Solved
35603,18183Solved
35647,18211Not Solved
35677,18218Solved
35709,18230Not Solved
35728,18250Not Solved
35733,18251Not Solved
35737,18253Not Solved
35824,18294Not Solved
35876,18323Solved
35987,18372Not Solved
36082,18433Not Solved
36152,18458Solved
36396,18566Solved
36499,18632Solved
36501,18632Not Solved
36517,18644Not Solved
36557,18675Solved
36559,18675Solved
36575,18678Not Solved
36588,18685Solved
36708,18742Not Solved
36765,18753Not Solved
36779,18762Solved
36785,18762Solved
36809,18774Solved
36811,18774Solved
36813,18774Solved
36861,18803Solved
36873,18810Solved
36884,18811Not Solved
36968,18872Solved
36978,18874Not Solved
36996,18886Not Solved
37063,18930Not Solved
37075,18939Not Solved
37097,18949Solved
37279,19068Not Solved
37334,19095Solved
37336,19095Solved
37410,19131Solved
37452,19148Solved
37510,19177Not Solved
37535,19200Solved
37558,19213Solved
37565,19215Solved
37573,19221Solved
37655,19259Not Solved
37741,19298Not Solved
37779,19316Solved
37805,19319Not Solved
37841,19331Not Solved
37863,19344Not Solved
37899,19357Solved
38019,19409Solved
38059,19422Not Solved
38142,19467Solved
38203,19501Not Solved
38208,19506Solved
38229,19519Not Solved
38352,19573Not Solved
38484,19624Solved
38545,19656Not Solved
38605,19691Solved
38633,19715Not Solved
38643,19718Not Solved
38686,19733Not Solved
38717,19750Not Solved
38793,19786Solved
38844,19822Solved
38950,19868Not Solved
38965,19881Solved
38980,19884Not Solved
38996,19889Solved
39086,19943Not Solved
39114,19954Not Solved
39124,19955Not Solved
39129,19957Solved
39170,19973Solved
39192,19983Not Solved
39226,19996Solved
39281,20024Solved
39339,20064Not Solved
39410,20091Not Solved
39478,20124Not Solved
39518,20142Solved
39559,20158Solved
39613,20193Not Solved
39688,20227Not Solved
39695,20229Not Solved
39816,20300Solved
39875,20326Solved
39935,20361Not Solved
39957,20368Solved
40063,20431Solved
40098,20448Not Solved
40182,20486Solved
40215,20503Not Solved
40335,20566Solved
40345,20566Solved
40361,20566Solved
40395,20584Not Solved
40408,20586Not Solved
40463,20619Solved
40502,20640Not Solved
40540,20654Solved
40585,20681Solved
40622,20705Not Solved
40676,20726Not Solved
40705,20744Not Solved
40808,20795Not Solved
41006,20910Solved
41127,20958Not Solved
41152,20970Not Solved
41208,21003Not Solved
41268,21032Not Solved
41324,21062Not Solved
41351,21071Solved
41393,21089Solved
41462,21125Solved
41491,21144Not Solved
41553,21194Solved
41709,21258Not Solved
41730,21268Solved
41776,21299Not Solved
41780,21300Solved
41782,21300Not Solved
41801,21311Not Solved
41874,21358Solved
41994,21416Not Solved
42038,21429Solved
42045,21430Solved
42071,21447Solved
42150,21482Solved
42215,21525Solved
42217,21525Solved
42224,21525Solved
42245,21533Solved
42669,21793Solved
42741,21839Not Solved
42849,21887Not Solved
42999,21974Not Solved
43009,21980Solved
43047,21998Solved
43151,22051Not Solved
43155,22055Not Solved
43349,22166Solved
43405,22193Not Solved
43436,22215Solved
43506,22250Solved
43570,22275Solved
43616,22287Solved
43668,22328Solved
43732,22366Not Solved
43771,22381Solved
43801,22396Solved
43968,22483Not Solved
44018,22525Not Solved
44024,22529Solved
44113,22571Solved
44125,22577Solved
44138,22581Solved
44161,22586Not Solved
44166,22588Solved
44168,22588Not Solved
44193,22597Solved
44292,22635Not Solved
44393,22692Not Solved
44536,22755Not Solved
44554,22773Solved
44682,22828Not Solved
44723,22850Not Solved
44749,22867Solved
44770,22873Not Solved
44801,22896Not Solved
44825,22910Solved
44831,22912Solved
44865,22921Solved
44897,22934Not Solved
44938,22956Not Solved
44966,22971Not Solved
44972,22975Solved
44979,22976Solved
45007,22985Not Solved
45013,22986Not Solved
45086,23024Solved
45168,23052Not Solved
45176,23054Solved
45221,23068Solved
45227,23072Solved
45250,23087Solved
45252,23087Solved
45269,23092Not Solved
45386,23151Solved
45474,23195Not Solved
45560,23244Solved
45644,23293Not Solved
45705,23314Not Solved
45723,23323Not Solved
45753,23337Not Solved
45767,23342Solved
45779,23356Solved
45785,23356Solved
45835,23371Solved
45858,23385Solved
45893,23397Solved
45931,23421Solved
46011,23447Solved
46097,23507Not Solved
46136,23518Solved
46244,23562Solved
46251,23567Not Solved
46259,23570Solved
46304,23590Not Solved
46412,23646Not Solved
46433,23666Solved
46453,23669Not Solved
46475,23681Solved
46523,23708Solved
46601,23770Solved
46620,23779Solved
46695,23812Not Solved
46796,23882Solved
46860,23912Solved
46888,23927Solved
46905,23939Not Solved
46909,23943Solved
46911,23943Not Solved
46977,23975Not Solved
47049,24019Not Solved
47068,24026Not Solved
47225,24096Not Solved
47369,24170Solved
47379,24171Solved
47460,24224Not Solved
47500,24234Not Solved
47515,24243Solved
47634,24289Not Solved
47659,24305Solved
47661,24305Solved
47695,24317Not Solved
47753,24354Solved
47765,24358Not Solved
47980,24440Solved
47988,24442Not Solved
47999,24447Not Solved
48245,24597Solved
48266,24608Solved
48272,24608Solved
48280,24611Not Solved
48346,24650Solved
48388,24675Solved
48390,24675Solved
48414,24682Solved
48420,24683Not Solved
48447,24701Solved
48518,24725Not Solved
48606,24767Solved
48702,24804Solved
48844,24888Solved
48877,24896Solved
48884,24900Solved
48894,24911Solved
48958,24948Solved
48984,24954Not Solved
49007,24964Not Solved
49021,24968Not Solved
49102,25017Not Solved
49147,25044Solved
49204,25070Not Solved
49318,25116Solved
49373,25139Solved
49419,25159Solved
49432,25163Not Solved
49472,25198Not Solved
49604,25271Solved
49606,25271Not Solved
49631,25282Not Solved
49759,25363Solved
49808,25380Not Solved
49828,25389Solved
49836,25391Not Solved
49904,25428Solved
49918,25432Solved
49949,25442Not Solved
49959,25448Solved
50004,25470Not Solved
50010,25478Not Solved
50018,25482Not Solved
50034,25491Not Solved
50120,25538Not Solved
50124,25539Solved
50285,25596Not Solved
50469,25702Not Solved
50612,25772Solved
50653,25799Solved
50694,25824Not Solved
50764,25860Solved
50818,25883Solved
50820,25883Solved
50904,25937Not Solved
50910,25939Not Solved
50970,25969Solved
50972,25969Not Solved
50987,25977Solved
50995,25980Solved
51058,26011Solved
51064,26012Not Solved
51130,26040Solved
51138,26047Solved
51184,26060Not Solved
51281,26101Not Solved
51338,26121Solved
51432,26172Solved
51545,26226Not Solved
51742,26322Not Solved
51808,26348Solved
51839,26366Not Solved
51918,26415Solved
51928,26418Solved
51930,26418Solved
51975,26449Solved
52046,26484Not Solved
52060,26490Not Solved
52082,26498Not Solved
52094,26507Not Solved
52105,26515Not Solved
52133,26530Not Solved
52202,26557Not Solved
52245,26580Not Solved
52292,26605Solved
52312,26612Not Solved
52485,26716Solved
52487,26716Not Solved
52551,26757Not Solved
52631,26799Solved
52761,26886Not Solved
52792,26917Solved
52822,26932Solved
52880,26967Not Solved
52884,26968Solved
52890,26973Solved
52899,26977Solved
52948,27008Solved
52956,27011Solved
53071,27075Not Solved
53392,27240Solved
53422,27264Solved
53424,27264Not Solved
53437,27269Not Solved
53454,27274Solved
53622,27337Not Solved
53648,27354Not Solved
53668,27363Solved
53683,27367Solved
53746,27385Solved
53807,27421Not Solved
53848,27448Not Solved
53866,27455Solved
53873,27461Solved
53927,27487Not Solved
53991,27524Not Solved
54233,27629Solved
54315,27670Not Solved
54379,27695Not Solved
54383,27697Not Solved
54411,27709Not Solved
54427,27722Not Solved
54433,27723Solved
54517,27749Not Solved
54846,27924Solved
54867,27935Not Solved
54957,27982Solved
55039,28044Not Solved
55131,28097Solved
55173,28107Not Solved
55343,28186Not Solved
55349,28189Solved
55364,28192Solved
55366,28192Not Solved
55392,28205Solved
55405,28216Solved
55452,28232Solved
55605,28309Not Solved
55760,28380Not Solved
55986,28485Solved
56002,28492Not Solved
56014,28505Not Solved
56029,28508Solved
56057,28519Solved
56122,28539Not Solved
56155,28553Not Solved
56173,28560Not Solved
56248,28594Solved
56367,28653Not Solved
56536,28747Solved
56554,28753Not Solved
56559,28755Not Solved
56580,28768Solved
56601,28776Not Solved
56704,28823Not Solved
56747,28852Solved
56762,28861Not Solved
56801,28885Not Solved
56845,28895Not Solved
56857,28903Solved
56979,28965Solved
57038,28998Solved
57095,29037Solved
57097,29037Not Solved
57157,29054Solved
57182,29063Not Solved
57279,29119Not Solved
57301,29130Not Solved
57310,29134Not Solved
57500,29228Solved
57548,29249Not Solved
57573,29261Not Solved
57578,29263Solved
57585,29266Solved
57639,29282Solved
57650,29286Solved
57694,29317Not Solved
57745,29342Not Solved
57821,29387Solved
57862,29403Solved
57942,29451Solved
57974,29468Not Solved
58014,29490Not Solved
58034,29505Not Solved
58098,29534Not Solved
58107,29537Solved
58264,29623Not Solved
58316,29647Not Solved
58328,29651Not Solved
58357,29677Not Solved
58394,29689Not Solved
58413,29700Not Solved
58437,29714Not Solved
58547,29772Not Solved
58552,29778Not Solved
58585,29795Not Solved
58706,29860Not Solved
58716,29865Solved
58738,29875Not Solved
58784,29900Not Solved
58811,29913Not Solved
58856,29931Solved
58909,29956Solved
58924,29965Solved
58982,29997Not Solved
59027,30024Solved
59048,30027Solved
59050,30027Solved
59084,30048Solved
59162,30089Not Solved
59207,30120Not Solved
59223,30129Not Solved
59327,30161Solved
59515,30269Solved
59695,30362Solved
59753,30387Not Solved
59877,30447Solved
59922,30467Solved
60001,30511Not Solved
60007,30513Solved
60063,30532Not Solved
60141,30577Solved
60217,30616Solved
60258,30628Not Solved
60280,30644Solved
60311,30660Solved
60342,30670Solved
60358,30689Not Solved
60409,30705Not Solved
60471,30739Solved
60518,30760Not Solved
60618,30795Not Solved
60648,30813Not Solved
60680,30831Not Solved
60693,30836Not Solved
60699,30839Not Solved
60746,30857Solved
60772,30881Not Solved
60791,30885Not Solved
60815,30891Solved
60868,30927Not Solved
60887,30937Solved
60902,30950Not Solved
60938,30985Not Solved
60992,31021Solved
61006,31036Solved
61107,31115Not Solved
61140,31127Not Solved
61162,31139Solved
61179,31144Solved
61259,31183Not Solved
61339,31230Not Solved
61442,31274Solved
61460,31279Solved
61462,31279Not Solved
61483,31288Not Solved
61492,31290Solved
61505,31294Not Solved
61624,31371Solved
61664,31386Not Solved
61689,31394Solved
61703,31400Not Solved
61774,31427Solved
61780,31429Solved
61848,31470Not Solved
61904,31509Not Solved
61929,31520Not Solved
61954,31538Solved
62014,31571Solved
62016,31571Solved
62018,31571Solved
62039,31585Solved
62041,31585Not Solved
62058,31594Solved
62108,31619Not Solved
62233,31665Solved
62267,31673Solved
62278,31674Solved
62423,31745Not Solved
62445,31760Solved
62591,31840Solved
62762,31928Solved
62830,31961Solved
62852,31975Not Solved
62873,31989Not Solved
62877,31993Solved
62935,32020Not Solved
62968,32031Not Solved
63095,32105Solved
63183,32155Solved
63210,32166Not Solved
63243,32183Solved
63271,32192Not Solved
63303,32221Not Solved
63380,32262Not Solved
63422,32286Solved
63521,32354Not Solved
63621,32390Solved
63628,32392Solved
63762,32454Solved
63789,32459Not Solved
63970,32540Solved
63995,32549Solved
64089,32621Not Solved
64141,32639Not Solved
64145,32641Not Solved
64158,32644Not Solved
64191,32660Not Solved
64253,32693Solved
64278,32709Solved
64304,32724Not Solved
64388,32760Not Solved
64416,32772Solved
64422,32773Not Solved
64539,32815Not Solved
64609,32855Solved
64611,32855Not Solved
64636,32864Not Solved
64715,32919Solved
64717,32919Not Solved
64744,32933Solved
64782,32951Not Solved
64840,32984Not Solved
64845,32986Not Solved
64854,32992Solved
64860,32996Not Solved
64920,33018Solved
64959,33034Not Solved
64982,33047Not Solved
65091,33099Not Solved
65096,33101Not Solved
65129,33109Not Solved
65134,33112Solved
65410,33264Not Solved
65534,33330Solved
65576,33350Not Solved
65591,33364Not Solved
65606,33371Not Solved
65612,33373Not Solved
65623,33379Solved
65844,33513Solved
65853,33514Solved
65882,33533Not Solved
65982,33587Solved
66045,33608Not Solved
66049,33609Not Solved
66116,33649Not Solved
66123,33658Not Solved
66131,33661Solved
66189,33692Not Solved
66237,33704Not Solved
66423,33819Solved
66425,33819Not Solved
66599,33936Not Solved
66728,34015Not Solved
66822,34064Not Solved
66877,34109Solved
66879,34109Not Solved
66901,34119Solved
66915,34124Solved
66970,34146Solved
67093,34209Not Solved
67129,34238Not Solved
67177,34263Solved
67223,34277Not Solved
67321,34338Solved
67338,34341Not Solved
67370,34352Solved
67459,34419Not Solved
67477,34423Solved
67484,34426Solved
67500,34434Solved
67502,34434Not Solved
67514,34439Solved
67588,34488Solved
67690,34558Solved
67712,34566Solved
67766,34600Solved
67827,34624Solved
67835,34627Solved
67837,34627Solved
67839,34627Solved
67859,34634Solved
67865,34634Solved
67944,34672Solved
67979,34680Not Solved
68030,34719Not Solved
68079,34748Not Solved
68116,34759Not Solved
68268,34845Solved
68283,34852Solved
68285,34852Not Solved
68336,34882Not Solved
68393,34907Not Solved
68461,34948Not Solved
68672,35081Not Solved
68728,35112Not Solved
68742,35119Solved
68790,35139Solved
68814,35147Not Solved
68916,35192Not Solved
68934,35199Solved
68940,35203Not Solved
68982,35224Solved
69053,35256Not Solved
69083,35271Not Solved
69094,35282Not Solved
69153,35306Not Solved
69233,35334Solved
69257,35340Not Solved
69310,35377Not Solved
69356,35408Solved
69391,35430Solved
69455,35460Solved
69487,35481Not Solved
69546,35503Solved
69557,35512Solved
69605,35526Not Solved
69627,35535Not Solved
69658,35548Not Solved
69753,35601Not Solved
69783,35610Not Solved
69820,35629Solved
69860,35650Solved
70010,35716Not Solved
70014,35717Solved
70039,35729Solved
70058,35734Not Solved
70072,35741Not Solved
70092,35749Solved
70194,35804Solved
70207,35811Solved
70240,35825Solved
70407,35941Not Solved
70419,35952Solved
70477,35989Solved
70557,36045Solved
70600,36056Not Solved
70636,36072Not Solved
70692,36097Not Solved
70791,36158Solved
70814,36173Solved
70824,36183Not Solved
70928,36231Not Solved
70942,36242Solved
70996,36264Not Solved
71046,36300Solved
71129,36345Not Solved
71198,36393Solved
71200,36393Not Solved
71248,36419Not Solved
71274,36436Not Solved
71309,36468Not Solved
71442,36546Not Solved
71478,36566Solved
71486,36571Solved
71530,36587Not Solved
71596,36620Not Solved
71712,36670Solved
71752,36693Not Solved
71852,36742Not Solved
71922,36775Not Solved
71955,36796Solved
71978,36808Not Solved
72012,36827Solved
72026,36834Not Solved
72036,36838Solved
72118,36885Solved
72133,36891Solved
72278,36960Not Solved
72304,36973Not Solved
72314,36978Not Solved
72318,36980Not Solved
72364,37001Solved
72479,37056Not Solved
72493,37070Solved
72499,37071Not Solved
72528,37089Solved
72606,37129Not Solved
72613,37132Not Solved
72724,37181Not Solved
72760,37194Solved
72767,37194Not Solved
72794,37207Solved
72806,37209Solved
72883,37241Not Solved
72949,37277Solved
72957,37277Solved
73044,37307Not Solved
73048,37308Not Solved
73065,37314Not Solved
73078,37316Solved
73611,37596Solved
73613,37596Not Solved
73627,37598Solved
73687,37622Not Solved
73778,37671Solved
73904,37743Not Solved
73962,37770Not Solved
74005,37796Solved
74111,37859Not Solved
74162,37878Not Solved
74194,37891Not Solved
74247,37919Solved
74260,37927Not Solved
74318,37950Solved
74331,37954Not Solved
74383,37972Solved
74397,37985Solved
74462,38027Solved
74464,38027Not Solved
74470,38030Not Solved
74521,38064Not Solved
74621,38111Solved
74652,38125Solved
74669,38130Solved
74723,38166Solved
74739,38169Not Solved
74754,38176Solved
74795,38194Solved
74817,38206Solved
74926,38271Not Solved
74944,38284Not Solved
74982,38309Solved
75046,38346Solved
75064,38352Not Solved
75120,38385Solved
75129,38387Solved
75224,38435Solved
75265,38461Solved
75367,38516Not Solved
75407,38535Solved
75433,38542Not Solved
75453,38548Not Solved
75550,38607Not Solved
75651,38666Not Solved
75672,38678Not Solved
75678,38681Solved
75686,38683Solved
75732,38699Not Solved
75742,38706Not Solved
75821,38741Solved
75867,38768Not Solved
75875,38769Not Solved
75886,38772Solved
75980,38838Not Solved
76118,38920Not Solved
76133,38929Solved
76140,38931Solved
76150,38934Solved
76251,38996Solved
76284,39011Not Solved
76325,39026Not Solved
76714,39226Not Solved
76754,39242Not Solved
76800,39272Not Solved
76821,39283Not Solved
76825,39288Not Solved
77097,39411Not Solved
77141,39431Solved
77205,39457Not Solved
77224,39463Solved
77232,39464Solved
77265,39479Not Solved
77291,39495Solved
77328,39516Solved
77334,39516Not Solved
77492,39603Solved
77561,39652Not Solved
77602,39665Solved
77604,39665Not Solved
77682,39718Solved
77697,39725Not Solved
77738,39744Solved
77849,39799Solved
77851,39799Solved
77861,39799Solved
77885,39806Solved
77948,39828Not Solved
77992,39863Solved
78064,39904Not Solved
78082,39910Not Solved
78105,39915Not Solved
78139,39925Solved
78192,39950Solved
78215,39959Solved
78262,39983Not Solved
78463,40090Not Solved
78527,40132Solved
78537,40139Not Solved
78541,40142Solved
78553,40147Not Solved
78606,40173Not Solved
78720,40241Not Solved
78749,40247Not Solved
78797,40273Not Solved
78875,40319Solved
79004,40403Not Solved
79020,40407Not Solved
79086,40449Solved
79093,40450Solved
79164,40495Not Solved
79216,40525Not Solved
79379,40596Not Solved
79400,40608Solved
79465,40635Solved
79513,40665Solved
79562,40689Solved
79564,40689Not Solved
79569,40691Not Solved
79584,40701Not Solved
79756,40789Solved
79780,40802Not Solved
79791,40808Not Solved
79846,40840Solved
79862,40842Solved
80071,40962Not Solved
80124,40985Not Solved
80193,41021Not Solved
80227,41033Not Solved
80237,41036Not Solved
80271,41060Not Solved
80292,41076Solved
80381,41121Solved
80463,41158Solved
80502,41175Not Solved
80507,41179Solved
80546,41202Not Solved
80643,41246Solved
80782,41318Not Solved
80851,41352Solved
80892,41369Solved
80997,41437Solved
81017,41448Solved
81025,41454Solved
81080,41486Not Solved
81086,41487Not Solved
81134,41511Not Solved
81151,41518Solved
81217,41546Solved
81259,41559Not Solved
81266,41567Solved
81275,41582Solved
81302,41597Not Solved
81384,41643Not Solved
81421,41659Solved
81453,41689Solved
81504,41716Solved
81643,41799Not Solved
81667,41809Solved
81676,41809Solved
81682,41813Solved
81700,41818Not Solved
81773,41862Solved
81818,41892Not Solved
81828,41896Solved
81877,41920Not Solved
81907,41937Solved
81925,41940Not Solved
81929,41945Solved
81940,41945Solved
81942,41945Solved
81959,41945Not Solved
82059,42001Not Solved
82064,42003Not Solved
82071,42010Solved
82297,42115Not Solved
82311,42120Solved
82362,42134Solved
82382,42145Solved
82384,42145Not Solved
82418,42169Not Solved
82527,42234Solved
82554,42244Not Solved
82584,42260Not Solved
82595,42265Solved
82642,42281Solved
82659,42286Not Solved
82681,42294Solved
82757,42331Solved
82937,42425Solved
82954,42432Solved
82995,42448Not Solved
83055,42479Solved
83089,42487Solved
83110,42494Not Solved
83203,42552Not Solved
83314,42600Not Solved
83334,42606Not Solved
83340,42608Solved
83361,42622Not Solved
83366,42629Not Solved
83396,42645Solved
83424,42659Solved
83460,42670Solved
83604,42735Not Solved
83628,42748Not Solved
83722,42811Solved
83757,42833Not Solved
83836,42875Solved
83838,42875Not Solved
83859,42891Solved
83861,42891Not Solved
83895,42909Solved
83950,42942Not Solved
83954,42943Not Solved
84004,42961Not Solved
84024,42971Solved
84026,42971Not Solved
84113,43014Not Solved
84162,43033Not Solved
84197,43047Solved
84211,43055Solved
84218,43055Not Solved
84240,43065Not Solved
84291,43087Solved
84319,43097Not Solved
84444,43156Not Solved
84452,43162Solved
84483,43172Not Solved
84497,43180Solved
84499,43180Not Solved
84522,43188Solved
84553,43209Not Solved
84605,43246Solved
84673,43271Not Solved
84844,43379Solved
84925,43426Solved
84937,43426Solved
84966,43439Not Solved
85140,43520Not Solved
85174,43540Not Solved
85210,43555Solved
85282,43577Solved
85288,43578Not Solved
85326,43603Solved
85386,43634Solved
85455,43660Not Solved
85477,43671Not Solved
85505,43690Solved
85542,43711Solved
85558,43716Solved
85570,43731Not Solved
85795,43829Solved
85808,43837Not Solved
85896,43868Not Solved
85972,43906Solved
85981,43914Solved
86023,43927Not Solved
86076,43959Not Solved
86345,44106Solved
86386,44115Not Solved
86397,44120Not Solved
86453,44137Solved
86455,44137Solved
86506,44150Solved
86562,44170Not Solved
86601,44187Not Solved
86885,44344Solved
87015,44401Solved
87051,44413Solved
87063,44415Not Solved
87131,44469Not Solved
87143,44475Not Solved
87157,44481Solved
87178,44493Not Solved
87186,44502Not Solved
87278,44570Not Solved
87289,44576Not Solved
87293,44577Solved
87323,44599Solved
87342,44613Solved
87375,44627Not Solved
87395,44636Solved
87465,44663Not Solved
87560,44715Solved
87591,44730Solved
87598,44731Not Solved
87606,44733Solved
87640,44746Not Solved
87714,44783Not Solved
87725,44790Solved
87749,44805Not Solved
87848,44857Solved
87910,44896Not Solved
88046,44977Not Solved
88139,45028Solved
88198,45057Solved
88339,45126Not Solved
88448,45179Not Solved
88466,45194Not Solved
88537,45226Solved
88556,45230Not Solved
88630,45258Solved
88839,45358Not Solved
88900,45390Not Solved
88905,45391Solved
89003,45451Not Solved
89037,45476Not Solved
89043,45479Solved
89141,45524Not Solved
89170,45538Solved
89197,45545Solved
89227,45553Solved
89258,45569Solved
89285,45584Not Solved
89304,45591Not Solved
89330,45611Not Solved
89421,45663Solved
89450,45681Not Solved
89488,45705Solved
89576,45746Solved
89772,45845Not Solved
89817,45863Not Solved
89830,45874Solved
89832,45874Solved
89834,45874Solved
89867,45883Solved
89878,45892Solved
89905,45912Not Solved
90214,46058Not Solved
90230,46068Not Solved
90331,46134Solved
90395,46153Not Solved
90480,46190Not Solved
90553,46224Solved
90633,46273Not Solved
90651,46284Not Solved
90821,46380Solved
90858,46394Solved
90907,46419Solved
90909,46419Not Solved
90931,46438Not Solved
91010,46477Solved
91077,46502Solved
91083,46503Not Solved
91124,46517Solved
91172,46546Not Solved
91186,46555Solved
91213,46575Not Solved
91288,46617Not Solved
91320,46628Solved
91330,46630Solved
91492,46721Not Solved
91546,46752Not Solved
91784,46891Solved
91795,46892Solved
91867,46934Solved
91879,46943Not Solved
91995,47005Not Solved
92155,47102Solved
92170,47106Solved
92211,47123Solved
92244,47134Not Solved
92264,47146Solved
92355,47177Solved
92357,47177Not Solved
92361,47178Solved
92438,47221Not Solved
92458,47233Solved
92496,47251Solved
92548,47279Solved
92557,47280Solved
92656,47334Solved
92658,47334Not Solved
92687,47350Solved
92727,47369Not Solved
92744,47378Solved
92746,47378Not Solved
92828,47417Solved
92845,47422Not Solved
92861,47429Not Solved
92876,47437Solved
92883,47438Not Solved
92896,47450Not Solved
92996,47513Solved
93044,47536Solved
93063,47542Solved
93190,47605Not Solved
93207,47610Solved
93256,47634Solved
93285,47640Not Solved
93300,47651Not Solved
93329,47674Not Solved
93474,47752Solved
93476,47752Solved
93491,47755Solved
93633,47817Solved
93672,47832Solved
93749,47853Solved
93763,47859Not Solved
93777,47864Not Solved
93828,47888Not Solved
93944,47959Not Solved
94070,48026Not Solved
94125,48057Solved
94144,48068Solved
94157,48069Solved
94181,48077Solved
94274,48116Solved
94318,48151Solved
94348,48156Not Solved
94368,48159Solved
94400,48178Not Solved
94425,48181Not Solved
94460,48198Solved
94462,48198Solved
94499,48221Not Solved
94523,48232Solved
94557,48250Not Solved
94777,48363Solved
94814,48378Not Solved
94891,48416Solved
94958,48455Solved
95009,48478Solved
95025,48481Not Solved
95115,48532Not Solved
95135,48545Solved
95306,48615Not Solved
95314,48623Not Solved
95436,48691Not Solved
95504,48724Not Solved
95513,48725Solved
95557,48742Not Solved
95594,48755Solved
95609,48765Solved
95649,48787Solved
95725,48812Solved
95734,48815Not Solved
95739,48823Not Solved
95803,48850Solved
95847,48864Solved
95883,48880Not Solved
95943,48915Solved
95945,48915Solved
95959,48917Not Solved
96046,48970Solved
96060,48976Not Solved
96141,49013Not Solved
96171,49038Not Solved
96186,49047Solved
96248,49080Not Solved
96300,49113Solved
96355,49139Solved
96363,49141Not Solved
96394,49154Solved
96508,49215Solved
96573,49239Solved
96595,49256Not Solved
96600,49258Not Solved
96617,49263Solved
96619,49263Solved
96628,49266Solved
96680,49301Not Solved
96813,49371Solved
96838,49385Not Solved
96999,49453Not Solved
97155,49566Solved
97180,49574Not Solved
97185,49577Solved
97225,49598Not Solved
97230,49599Solved
97282,49622Not Solved
97367,49667Solved
97506,49738Solved
97548,49762Not Solved
97755,49879Solved
97768,49890Not Solved
97901,49982Solved
98078,50075Not Solved
98083,50078Solved
98085,50078Solved
98106,50086Solved
98137,50092Not Solved
98210,50131Solved
98219,50135Solved
98238,50149Solved
98249,50152Solved
98258,50156Not Solved
98366,50242Solved
98392,50245Solved
98417,50252Solved
98467,50261Not Solved
98546,50302Not Solved
98572,50313Solved
98613,50330Solved
98665,50350Solved
98674,50350Solved
98757,50393Solved
98834,50436Not Solved
98845,50444Solved
98857,50447Solved
98984,50504Not Solved
99062,50535Solved
99132,50571Solved
99188,50607Solved
99248,50627Solved
99257,50634Solved
99304,50657Solved
99311,50657Solved
99507,50771Not Solved
99513,50776Solved
99537,50788Solved
99678,50868Not Solved
99709,50887Solved
99783,50927Not Solved
99801,50935Not Solved
99813,50941Not Solved
99840,50953Solved
99851,50966Not Solved
99868,50971Solved
99922,51003Not Solved
99937,51015Not Solved
99952,51018Solved
100098,51099Not Solved
100253,51182Solved
100255,51182Solved
100269,51185Solved
100284,51190Not Solved
100296,51192Solved
100333,51209Solved
100448,51258Solved
100475,51268Solved
100491,51276Not Solved
100533,51298Solved
100547,51300Not Solved
100552,51303Not Solved
100617,51352Solved
100631,51365Solved
100814,51448Solved
100839,51469Solved
100956,51533Solved
101047,51580Not Solved
101071,51599Solved
101124,51633Solved
101139,51639Solved
101157,51643Solved
101187,51661Solved
101207,51676Solved
101285,51712Solved
101353,51739Solved
101396,51767Not Solved
101406,51778Not Solved
101464,51812Not Solved
101483,51823Not Solved
101498,51825Not Solved
101509,51831Solved
101530,51849Not Solved
101858,52048Solved
101898,52061Solved
101914,52075Not Solved
101963,52098Solved
101980,52104Solved
102042,52147Solved
102191,52239Solved
102207,52243Not Solved
102213,52244Solved
102274,52273Solved
102283,52278Solved
102297,52281Solved
102402,52333Not Solved
102417,52341Not Solved
102459,52361Not Solved
102621,52442Not Solved
102701,52475Not Solved
102714,52483Not Solved
102728,52492Not Solved
102762,52512Not Solved
102815,52530Not Solved
102838,52539Solved
102935,52579Not Solved
102943,52583Not Solved
102951,52586Not Solved
102955,52587Not Solved
103090,52651Solved
103105,52655Solved
103113,52659Solved
103134,52672Solved
103162,52676Solved
103181,52682Solved
103240,52716Not Solved
103248,52718Not Solved
103278,52732Not Solved
103446,52820Solved
103457,52823Not Solved
103466,52829Solved
103498,52849Not Solved
103670,52940Not Solved
103719,52971Not Solved
103753,52993Solved
103781,53002Solved
103956,53088Solved
103970,53094Not Solved
103999,53110Not Solved
104004,53115Not Solved
104016,53120Not Solved
104093,53145Solved
104178,53183Not Solved
104183,53185Solved
104196,53189Solved
104294,53235Not Solved
104449,53304Not Solved
104552,53353Not Solved
104583,53367Not Solved
104595,53378Not Solved
104610,53386Not Solved
104704,53441Not Solved
104708,53442Solved
104731,53452Solved
104824,53510Not Solved
104839,53525Not Solved
104933,53583Solved
104950,53589Not Solved
104971,53595Not Solved
104980,53601Solved
105020,53623Not Solved
105136,53669Solved
105146,53674Solved
105171,53682Solved
105173,53682Not Solved
105202,53700Solved
105224,53709Solved
105256,53716Not Solved
105366,53775Solved
105601,53897Not Solved
105675,53931Solved
105684,53932Solved
105690,53933Solved
105763,53966Solved
105844,53994Solved
105918,54023Solved
105930,54031Not Solved
105941,54035Solved
106008,54057Solved
106045,54081Solved
106177,54147Not Solved
106228,54175Not Solved
106232,54177Not Solved
106261,54192Solved
106284,54205Solved
106292,54206Solved
106487,54311Not Solved
106521,54326Solved
106549,54337Solved
106555,54340Not Solved
106587,54360Not Solved
106907,54516Solved
106916,54518Solved
106941,54526Not Solved
107016,54555Not Solved
107032,54564Solved
107165,54647Not Solved
107219,54661Solved
107262,54689Not Solved
107279,54699Solved
107315,54712Solved
107325,54716Not Solved
107339,54724Not Solved
107395,54755Solved
107417,54760Not Solved
107487,54793Solved
107566,54830Solved
107614,54858Solved
107652,54873Solved
107680,54896Solved
107687,54902Solved
107801,54978Solved
107834,54984Solved
107870,54997Solved
107872,54997Solved
107874,54997Solved
107928,55020Solved
107978,55037Solved
107980,55037Not Solved
108002,55061Solved
108048,55081Not Solved
108120,55126Not Solved
108150,55141Solved
108152,55141Not Solved
108156,55142Not Solved
108175,55147Not Solved
108305,55224Solved
108368,55256Solved
108467,55315Solved
108496,55322Solved
108544,55339Solved
108620,55368Solved
108733,55429Solved
108743,55432Solved
108783,55451Not Solved
108803,55462Solved
108846,55477Solved
108942,55517Not Solved
109027,55553Not Solved
109042,55565Solved
109094,55584Not Solved
109287,55681Not Solved
109314,55697Not Solved
109318,55704Not Solved
109323,55706Solved
109396,55743Not Solved
109423,55759Solved
109484,55774Not Solved
109523,55794Not Solved
109568,55816Not Solved
109615,55841Solved
109716,55887Not Solved
109778,55922Not Solved
109835,55951Not Solved
109856,55961Solved
109873,55973Solved
109875,55973Not Solved
109938,55984Solved
110028,56046Solved
110062,56060Not Solved
110134,56092Not Solved
110138,56093Not Solved
110163,56101Solved
110187,56109Solved
110198,56114Not Solved
110208,56120Solved
110248,56138Not Solved
110292,56168Solved
110335,56188Not Solved
110356,56205Not Solved
110377,56217Not Solved
110395,56225Solved
110417,56232Solved
110475,56245Not Solved
110638,56331Solved
110683,56354Not Solved
110837,56425Solved
110873,56451Solved
110901,56465Not Solved
110911,56468Solved
110955,56488Solved
110982,56505Solved
111028,56544Not Solved
111064,56558Solved
111136,56595Not Solved
111200,56636Solved
111206,56640Solved
111208,56640Solved
111222,56647Solved
111252,56666Not Solved
111263,56671Not Solved
111274,56676Not Solved
111311,56691Not Solved
111358,56718Solved
111386,56729Not Solved
111427,56755Not Solved
111476,56773Not Solved
111482,56777Not Solved
111549,56806Not Solved
111593,56828Not Solved
111599,56830Not Solved
111625,56849Solved
111708,56900Solved
111715,56901Not Solved
111734,56919Not Solved
111739,56922Not Solved
111776,56936Not Solved
111824,56961Not Solved
111892,57001Solved
111894,57001Solved
111909,57005Not Solved
111956,57027Not Solved
112220,57174Solved
112457,57304Not Solved
112594,57366Not Solved
112761,57429Not Solved
112848,57466Not Solved
112865,57471Solved
112875,57485Solved
112881,57486Solved
112961,57527Solved
112988,57539Not Solved
113086,57585Not Solved
113307,57730Solved
113309,57730Not Solved
113331,57743Solved
113386,57770Solved
113554,57865Not Solved
113562,57867Solved
113617,57897Solved
113724,57950Not Solved
113801,57987Solved
113815,57995Solved
113872,58018Solved
113954,58084Solved
113960,58085Not Solved
113966,58090Solved
113981,58098Not Solved
114105,58166Not Solved
114109,58169Solved
114137,58182Not Solved
114146,58185Not Solved
114203,58226Solved
114219,58230Solved
114221,58230Solved
114325,58272Not Solved
114329,58275Not Solved
114337,58277Not Solved
114366,58289Solved
114420,58323Solved
114536,58385Solved
114544,58385Solved
114620,58420Solved
114674,58452Not Solved
114717,58464Solved
114763,58479Not Solved
114811,58502Not Solved
114830,58510Solved
114850,58518Not Solved
114860,58523Not Solved
114928,58562Solved
114953,58583Solved
115010,58605Solved
115073,58648Solved
115095,58655Not Solved
115239,58752Solved
115303,58779Not Solved
115329,58790Not Solved
115341,58794Solved
115411,58852Solved
115424,58857Not Solved
115459,58873Solved
115501,58900Not Solved
115581,58934Not Solved
115590,58939Solved
115655,58981Not Solved
115709,59000Solved
115883,59080Solved
115903,59087Not Solved
115946,59106Solved
115995,59135Solved
116009,59139Not Solved
116046,59154Not Solved
116083,59166Not Solved
116150,59197Solved
116210,59234Not Solved
116317,59275Solved
116319,59275Not Solved
116333,59281Solved
116359,59295Solved
116361,59295Not Solved
116371,59303Not Solved
116407,59314Solved
116431,59324Not Solved
116441,59332Solved
116469,59349Solved
116558,59384Solved
116653,59438Not Solved
116663,59440Not Solved
116680,59452Not Solved
116752,59489Solved
116849,59537Solved
116860,59539Solved
117063,59657Solved
117111,59682Not Solved
117141,59695Not Solved
117221,59754Solved
117227,59756Not Solved
117428,59862Not Solved
117470,59890Not Solved
117514,59906Solved
117648,59959Solved
117662,59960Not Solved
117683,59972Not Solved
117732,59987Solved
117772,60002Solved
117792,60010Solved
117813,60021Not Solved
117874,60053Not Solved
117896,60066Not Solved
118061,60169Not Solved
118265,60288Not Solved
118285,60295Not Solved
118438,60375Not Solved
118465,60395Not Solved
118539,60433Not Solved
118566,60438Not Solved
118584,60450Not Solved
118694,60498Not Solved
118807,60544Not Solved
118818,60547Solved
118856,60562Solved
118895,60586Not Solved
118954,60622Not Solved
119033,60657Not Solved
119039,60659Solved
119162,60701Solved
119164,60701Not Solved
119194,60712Not Solved
119279,60750Not Solved
119299,60756Solved
119452,60836Solved
119465,60840Not Solved
119472,60844Solved
119490,60857Not Solved
119598,60919Solved
119604,60923Not Solved
119609,60924Not Solved
119640,60945Not Solved
119663,60956Not Solved
119686,60962Not Solved
119824,61026Not Solved
119858,61035Not Solved
119968,61109Not Solved
120013,61134Not Solved
120126,61191Not Solved
120236,61246Solved
120328,61296Not Solved
120473,61364Not Solved
120500,61379Not Solved
120520,61384Not Solved
120554,61401Solved
120583,61418Solved
120663,61453Not Solved
120699,61482Solved
120715,61486Not Solved
120815,61544Solved
120855,61573Not Solved
120889,61602Solved
120982,61636Solved
121067,61681Not Solved
121089,61690Solved
121184,61731Not Solved
121213,61744Not Solved
121259,61775Not Solved
121322,61798Solved
121439,61855Solved
121455,61879Solved
121457,61879Solved
121505,61898Not Solved
121590,61950Not Solved
121609,61964Not Solved
121664,61998Solved
121685,62009Solved
121703,62017Not Solved
121714,62023Not Solved
121729,62029Not Solved
121736,62031Not Solved
121798,62071Not Solved
121803,62074Not Solved
121852,62091Not Solved
121937,62144Solved
121946,62149Not Solved
121990,62182Not Solved
122021,62197Not Solved
122164,62295Solved
122182,62302Not Solved
122227,62323Not Solved
122241,62331Not Solved
122260,62340Solved
122262,62340Not Solved
122401,62405Not Solved
122482,62432Not Solved
122489,62433Not Solved
122526,62455Not Solved
122543,62460Not Solved
122615,62491Solved
122645,62506Solved
122674,62513Solved
122685,62517Solved
122836,62606Solved
122901,62626Solved
122943,62654Solved
122967,62660Not Solved
122978,62662Not Solved
123066,62705Not Solved
123232,62816Not Solved
123239,62823Not Solved
123278,62842Solved
123333,62864Not Solved
123409,62915Solved
123436,62929Solved
123498,62973Not Solved
123555,63005Not Solved
123742,63113Solved
123803,63146Not Solved
123808,63147Solved
123827,63150Solved
123910,63188Not Solved
123955,63223Solved
124020,63267Solved
124037,63272Solved
124082,63295Not Solved
124164,63340Not Solved
124182,63346Solved
124188,63350Not Solved
124226,63369Solved
124259,63403Solved
124359,63442Not Solved
124367,63445Solved
124377,63455Not Solved
124390,63460Solved
124392,63460Solved
124419,63476Not Solved
124463,63499Solved
124475,63503Not Solved
124504,63514Not Solved
124528,63530Solved
124530,63530Not Solved
124637,63573Solved
124708,63605Not Solved
124735,63624Not Solved
124796,63648Not Solved
124808,63653Not Solved
124815,63657Not Solved
124844,63668Not Solved
124965,63722Not Solved
125088,63783Solved
125128,63801Solved
125158,63812Not Solved
125213,63829Not Solved
125369,63908Solved
125504,63988Solved
125602,64049Not Solved
125647,64067Solved
125657,64071Solved
125793,64139Not Solved
125806,64145Not Solved
126046,64283Solved
126048,64283Solved
126050,64283Solved
126063,64286Solved
126252,64385Not Solved
126256,64386Not Solved
126273,64395Not Solved
126286,64400Not Solved
126369,64438Not Solved
126481,64481Not Solved
126561,64525Solved
126608,64551Not Solved
126667,64582Not Solved
126675,64586Solved
126687,64589Solved
126719,64608Not Solved
126863,64691Solved
126876,64698Not Solved
126885,64699Not Solved
126929,64713Not Solved
127057,64787Not Solved
127223,64877Not Solved
127238,64886Not Solved
127301,64915Not Solved
127322,64922Not Solved
127390,64951Not Solved
127584,65050Solved
127586,65050Not Solved
127595,65053Solved
127680,65095Not Solved
127725,65125Solved
127789,65152Solved
127926,65210Solved
127932,65211Not Solved
127943,65215Not Solved
128134,65329Not Solved
128198,65362Solved
128200,65362Solved
128202,65362Solved
128208,65362Not Solved
128224,65370Solved
128226,65370Solved
128386,65452Solved
128503,65513Solved
128545,65532Not Solved
128789,65639Not Solved
128819,65649Solved
128845,65660Not Solved
128886,65672Solved
128896,65673Solved
128954,65695Not Solved
129006,65727Not Solved
129232,65818Not Solved
129281,65849Solved
129287,65851Not Solved
129307,65859Not Solved
129339,65870Solved
129341,65870Not Solved
129374,65896Not Solved
129559,65975Solved
129565,65977Solved
129595,65984Not Solved
129625,65994Solved
129627,65994Not Solved
129631,65995Solved
129642,65999Solved
129729,66037Not Solved
129735,66039Not Solved
129819,66068Not Solved
129839,66082Solved
129926,66126Solved
129982,66154Solved
130052,66176Solved
130082,66191Solved
130129,66213Solved
130136,66215Not Solved
130157,66219Solved
130197,66232Solved
130247,66248Not Solved
130413,66346Solved
130430,66353Not Solved
130475,66376Not Solved
130485,66379Solved
130624,66452Solved
130631,66454Solved
130828,66569Not Solved
130840,66571Solved
130925,66602Not Solved
131027,66648Not Solved
131080,66670Not Solved
131104,66677Solved
131237,66751Not Solved
131285,66770Not Solved
131289,66774Solved
131359,66797Not Solved
131479,66839Solved
131586,66888Solved
131636,66914Not Solved
131760,66985Not Solved
131783,67004Solved
131814,67022Solved
131829,67028Solved
131878,67047Solved
131925,67073Not Solved
131993,67103Solved
132061,67144Not Solved
132070,67153Solved
132084,67155Not Solved
132142,67185Solved
132159,67189Not Solved
132178,67198Solved
132205,67209Not Solved
132234,67219Not Solved
132334,67268Not Solved
132341,67274Solved
132378,67291Not Solved
132422,67306Not Solved
132462,67320Not Solved
132471,67323Not Solved
132506,67336Not Solved
132697,67438Solved
132759,67468Solved
132809,67483Not Solved
132824,67490Solved
132953,67550Solved
133022,67581Solved
133179,67668Solved
133313,67737Solved
133321,67741Not Solved
133398,67781Solved
133428,67800Not Solved
133649,67884Not Solved
133660,67889Not Solved
133678,67899Not Solved
133687,67906Solved
133744,67941Not Solved
133875,67993Solved
134385,68285Not Solved
134458,68315Solved
134477,68322Not Solved
134526,68346Solved
134597,68370Not Solved
134640,68397Not Solved
134668,68408Not Solved
134750,68452Solved
134887,68542Not Solved
134957,68579Not Solved
134984,68588Solved
135072,68651Solved
135204,68737Not Solved
135244,68756Not Solved
135281,68777Solved
135342,68803Solved
135383,68836Not Solved
135436,68868Solved
135452,68872Not Solved
135533,68913Solved
135535,68913Not Solved
135558,68922Solved
135677,68973Solved
135718,68998Solved
135761,69022Not Solved
135853,69068Not Solved
135997,69142Not Solved
136074,69183Solved
136166,69215Not Solved
136315,69288Solved
136321,69289Not Solved
136393,69310Solved
136395,69310Solved
136402,69311Not Solved
136613,69414Not Solved
136617,69415Not Solved
136621,69417Solved
136694,69457Solved
136696,69457Not Solved
136737,69473Not Solved
136741,69474Not Solved
136780,69484Solved
136920,69572Not Solved
136942,69596Solved
137008,69643Solved
137023,69646Not Solved
137045,69657Not Solved
137151,69720Not Solved
137179,69742Solved
137286,69789Not Solved
137310,69798Solved
137401,69853Solved
137409,69855Solved
137443,69873Solved
137506,69902Not Solved
137535,69917Solved
137822,70046Not Solved
137828,70049Not Solved
137907,70075Not Solved
137925,70079Solved
138015,70129Solved
138050,70140Not Solved
138133,70189Solved
138192,70220Solved
138282,70279Solved
138293,70282Solved
138308,70284Not Solved
138324,70303Not Solved
138507,70391Solved
138526,70400Not Solved
138567,70419Solved
138582,70433Solved
138601,70435Solved
138671,70467Not Solved
138766,70529Solved
138826,70560Solved
138862,70574Not Solved
138934,70603Solved
138936,70603Not Solved
138942,70610Not Solved
138984,70633Not Solved
139010,70647Not Solved
139075,70669Not Solved
139079,70671Not Solved
139113,70691Not Solved
139120,70696Not Solved
139149,70705Not Solved
139240,70741Not Solved
139279,70756Not Solved
139351,70799Not Solved
139425,70835Not Solved
139676,70981Not Solved
139710,70991Solved
139733,71001Not Solved
139999,71150Not Solved
140159,71232Not Solved
140186,71243Not Solved
140304,71293Not Solved
140326,71304Not Solved
140438,71358Not Solved
140492,71387Not Solved
140514,71399Not Solved
140524,71405Not Solved
140570,71443Solved
140601,71460Not Solved
140662,71492Solved
140664,71492Solved
140678,71509Not Solved
140796,71556Solved
140802,71559Solved
140829,71576Not Solved
140891,71608Solved
141015,71673Not Solved
141021,71676Not Solved
141130,71727Solved
141154,71736Solved
141160,71737Solved
141198,71756Not Solved
141224,71770Not Solved
141232,71774Solved
141239,71775Solved
141241,71775Not Solved
141301,71795Not Solved
141338,71813Not Solved
141409,71841Solved
141521,71898Not Solved
141528,71899Not Solved
141553,71913Solved
141575,71927Not Solved
141620,71941Solved
141646,71947Not Solved
141658,71955Not Solved
141688,71976Not Solved
141718,71992Solved
141760,72019Solved
141779,72025Not Solved
141800,72042Solved
141802,72042Not Solved
141869,72071Not Solved
141915,72091Solved
141935,72097Solved
141951,72106Not Solved
142049,72150Solved
142244,72259Solved
142246,72259Not Solved
142416,72357Not Solved
142555,72419Solved
142567,72423Not Solved
142584,72431Solved
142602,72439Not Solved
142668,72461Not Solved
142702,72475Not Solved
142727,72488Solved
142759,72500Not Solved
142853,72531Solved
143044,72635Not Solved
143057,72639Not Solved
143106,72672Solved
143144,72694Solved
143150,72697Not Solved
143198,72721Solved
143244,72741Not Solved
143264,72750Not Solved
143306,72769Not Solved
143415,72835Solved
143442,72854Solved
143461,72870Solved
143562,72909Not Solved
143608,72940Not Solved
143683,72978Not Solved
143699,72994Not Solved
143729,73012Not Solved
143740,73019Not Solved
143880,73097Not Solved
143906,73110Solved
143908,73110Solved
144003,73169Not Solved
144030,73185Not Solved
144104,73238Solved
144134,73248Solved
144156,73265Not Solved
144186,73285Solved
144279,73324Not Solved
144326,73355Solved
144364,73371Solved
144425,73401Solved
144521,73452Not Solved
144583,73481Not Solved
144621,73497Not Solved
144693,73544Not Solved
144697,73545Not Solved
144732,73555Solved
144822,73593Solved
144843,73597Solved
144895,73626Solved
144897,73626Solved
144907,73631Solved
145012,73694Not Solved
145066,73714Not Solved
145186,73768Solved
145221,73783Not Solved
145249,73800Not Solved
145374,73855Not Solved
145464,73905Solved
145582,73961Solved
145637,73994Solved
145662,74011Solved
145677,74024Solved
145686,74026Solved
145688,74026Not Solved
145704,74034Solved
145706,74034Solved
145777,74056Solved
145876,74098Not Solved
145971,74150Solved
146023,74171Not Solved
146123,74224Solved
146342,74319Not Solved
146367,74335Not Solved
146384,74349Not Solved
146507,74411Not Solved
146633,74494Solved
146643,74500Not Solved
146655,74505Solved
146670,74510Not Solved
146751,74560Not Solved
146849,74616Solved
146851,74616Not Solved
146863,74624Not Solved
146882,74631Not Solved
146887,74633Solved
146929,74655Solved
146995,74688Not Solved
147080,74727Not Solved
147109,74743Not Solved
147187,74785Solved
147278,74828Solved
147327,74845Not Solved
147387,74880Solved
147443,74910Not Solved
147451,74914Solved
147453,74914Not Solved
147528,74952Not Solved
147596,74986Solved
147695,75031Solved
147743,75061Solved
147825,75103Solved
147831,75103Solved
147875,75128Not Solved
147879,75129Solved
147890,75134Solved
147997,75181Not Solved
148156,75239Not Solved
148165,75241Solved
148194,75250Not Solved
148244,75282Not Solved
148259,75297Solved
148313,75325Not Solved
148386,75365Solved
148465,75400Solved
148671,75477Solved
148673,75477Not Solved
148703,75490Not Solved
148828,75567Not Solved
148873,75588Solved
149221,75768Solved
149356,75813Not Solved
149667,75964Not Solved
149683,75969Solved
149699,75977Solved
149716,75984Not Solved
149768,76004Solved
149770,76004Solved
149859,76061Solved
149934,76106Solved
149972,76127Solved
150003,76146Not Solved
150026,76160Not Solved
150058,76181Solved
150089,76196Solved
150124,76209Not Solved
150166,76227Solved
150238,76251Not Solved
150248,76259Not Solved
150275,76272Solved
150394,76323Solved
150576,76407Not Solved
150649,76438Solved
150681,76444Not Solved
150722,76466Not Solved
150765,76491Solved
150774,76495Not Solved
150806,76507Solved
150818,76513Solved
150835,76515Not Solved
150854,76524Not Solved
150928,76567Not Solved
150957,76584Solved
150969,76590Solved
151026,76614Not Solved
151037,76621Solved
151194,76688Solved
151218,76694Not Solved
151341,76759Solved
151352,76760Not Solved
151390,76770Not Solved
151395,76773Solved
151457,76811Not Solved
151532,76849Solved
151689,76931Solved
151710,76944Not Solved
151747,76962Not Solved
151795,76992Solved
151814,77002Not Solved
151857,77032Solved
151965,77080Not Solved
152037,77105Not Solved
152068,77125Not Solved
152147,77167Solved
152236,77212Not Solved
152254,77225Not Solved
152325,77256Solved
152379,77273Solved
152460,77321Not Solved
152480,77339Not Solved
152488,77341Not Solved
152511,77347Not Solved
152551,77364Solved
152591,77387Not Solved
152627,77401Not Solved
152675,77420Solved
152760,77453Not Solved
152874,77496Not Solved
152878,77497Not Solved
152884,77502Solved
152898,77509Not Solved
152903,77510Solved
152951,77537Solved
153031,77574Not Solved
153056,77598Solved
153217,77684Not Solved
153270,77722Not Solved
153289,77727Solved
153335,77756Not Solved
153396,77795Not Solved
153561,77863Not Solved
153567,77867Not Solved
153603,77880Solved
153676,77912Solved
153756,77951Solved
153770,77952Not Solved
153885,78012Not Solved
153976,78062Not Solved
154005,78071Not Solved
154301,78236Not Solved
154341,78254Solved
154456,78311Not Solved
154491,78324Solved
154503,78327Not Solved
154628,78397Not Solved
154635,78404Not Solved
154649,78410Not Solved
154675,78426Not Solved
154785,78496Solved
154848,78518Not Solved
154902,78560Not Solved
154945,78588Solved
154968,78599Solved
154983,78604Solved
155021,78624Not Solved
155038,78630Not Solved
155048,78637Solved
155146,78716Solved
155193,78744Not Solved
155278,78789Solved
155483,78891Not Solved
155571,78920Solved
155577,78920Not Solved
155586,78925Solved
155593,78929Not Solved
155752,78994Solved
155764,79004Solved
155824,79039Solved
155847,79057Solved
155873,79070Not Solved
155878,79071Solved
155903,79085Not Solved
155952,79106Not Solved
155978,79116Not Solved
156003,79133Not Solved
156007,79134Not Solved
156018,79139Solved
156033,79146Solved
156123,79190Solved
156245,79261Not Solved
156255,79268Not Solved
156330,79304Solved
156435,79335Solved
156475,79355Solved
156490,79360Not Solved
156494,79364Not Solved
156512,79382Solved
156596,79420Not Solved
156674,79477Solved
156734,79502Solved
156776,79527Not Solved
156788,79530Solved
156960,79611Solved
157010,79635Solved
157032,79644Not Solved
157095,79684Solved
157097,79684Solved
157132,79709Not Solved
157180,79725Not Solved
157208,79740Not Solved
157227,79748Solved
157284,79770Solved
157343,79796Not Solved
157407,79826Not Solved
157432,79844Solved
157450,79849Solved
157551,79891Solved
157569,79898Solved
157596,79912Not Solved
157650,79950Solved
157681,79966Not Solved
157828,80034Not Solved
157947,80120Solved
157978,80133Solved
158033,80158Solved
158050,80167Not Solved
158132,80202Solved
158148,80207Solved
158273,80268Solved
158454,80367Not Solved
158480,80385Not Solved
158501,80406Not Solved
158595,80448Not Solved
158604,80455Not Solved
158636,80468Not Solved
158642,80472Not Solved
158712,80508Not Solved
158812,80562Not Solved
158823,80569Not Solved
158887,80617Not Solved
158951,80659Not Solved
159055,80717Solved
159071,80723Solved
159142,80758Solved
159169,80774Not Solved
159236,80801Not Solved
159340,80867Solved
159367,80885Not Solved
159371,80886Not Solved
159378,80887Solved
159420,80922Not Solved
159424,80923Solved
159431,80926Solved
159447,80933Not Solved
159481,80947Not Solved
159493,80954Solved
159586,81000Solved
159628,81017Not Solved
159698,81050Solved
159733,81072Solved
159755,81080Not Solved
159896,81158Not Solved
159940,81188Solved
159994,81216Solved
160138,81266Not Solved
160217,81317Solved
160229,81319Not Solved
160325,81360Not Solved
160394,81386Solved
160407,81389Solved
160432,81404Solved
160465,81421Not Solved
160599,81489Solved
160617,81496Not Solved
160629,81505Not Solved
160693,81534Not Solved
160778,81566Solved
160880,81621Not Solved
160892,81630Solved
160940,81646Not Solved
160958,81663Not Solved
161079,81742Solved
161097,81756Solved
161204,81823Solved
161224,81834Solved
161230,81834Solved
161292,81862Solved
161353,81896Not Solved
161365,81899Not Solved
161395,81908Solved
161413,81916Solved
161511,81970Solved
161545,81989Not Solved
161566,81998Solved
161607,82024Solved
161637,82035Not Solved
161713,82083Not Solved
161800,82126Solved
161812,82131Solved
161834,82143Not Solved
161855,82149Solved
161903,82166Not Solved
161915,82168Not Solved
161920,82170Not Solved
161979,82204Not Solved
161987,82207Solved
162039,82230Solved
162181,82295Not Solved
162207,82306Solved
162282,82335Not Solved
162367,82379Solved
162389,82384Not Solved
162411,82393Not Solved
162474,82423Not Solved
162497,82432Not Solved
162569,82460Not Solved
162587,82467Not Solved
162687,82514Not Solved
162733,82537Solved
162782,82566Not Solved
162859,82612Not Solved
162880,82624Solved
162903,82640Not Solved
162915,82651Solved
162954,82664Solved
163081,82715Not Solved
163176,82770Solved
163184,82772Not Solved
163202,82776Solved
163204,82776Not Solved
163214,82780Not Solved
163286,82817Solved
163433,82904Not Solved
163437,82905Solved
163521,82946Solved
163544,82959Solved
163595,82983Solved
163646,83015Solved
163891,83137Solved
163893,83137Not Solved
163951,83181Solved
164049,83230Not Solved
164086,83249Solved
164098,83252Not Solved
164122,83259Solved
164145,83276Not Solved
164292,83343Not Solved
164314,83353Solved
164395,83417Solved
164402,83419Not Solved
164416,83425Not Solved
164429,83428Not Solved
164486,83470Solved
164507,83477Not Solved
164530,83493Solved
164595,83523Solved
164622,83532Solved
164648,83551Not Solved
164675,83565Not Solved
164679,83567Solved
164765,83629Solved
164856,83694Not Solved
164886,83709Not Solved
164908,83732Not Solved
164916,83735Solved
164963,83759Not Solved
164995,83777Not Solved
165004,83780Not Solved
165028,83795Not Solved
165127,83852Not Solved
165144,83858Solved
165155,83862Not Solved
165194,83886Not Solved
165199,83888Solved
165238,83914Not Solved
165266,83923Solved
165268,83923Not Solved
165313,83945Solved
165321,83947Not Solved
165350,83964Not Solved
165406,84000Not Solved
165442,84023Solved
165567,84091Solved
165581,84095Not Solved
165625,84115Not Solved
165646,84123Solved
165653,84124Solved
165841,84195Not Solved
165870,84220Solved
165966,84265Not Solved
166039,84298Not Solved
166113,84344Not Solved
166261,84412Solved
166263,84412Solved
166271,84415Not Solved
166454,84501Not Solved
166458,84502Not Solved
166466,84508Solved
166485,84509Not Solved
166538,84534Not Solved
166574,84548Not Solved
166684,84610Solved
166695,84616Not Solved
166718,84623Not Solved
166737,84635Not Solved
166741,84637Not Solved
166779,84656Not Solved
166797,84665Not Solved
166829,84678Not Solved
166932,84743Not Solved
167189,84888Solved
167284,84941Not Solved
167449,85008Not Solved
167566,85072Solved
167644,85108Solved
167654,85115Not Solved
167670,85119Solved
167696,85131Not Solved
167764,85159Solved
167833,85194Not Solved
167886,85225Solved
167897,85226Not Solved
167912,85235Solved
167918,85236Not Solved
167926,85241Solved
167953,85254Not Solved
167979,85274Not Solved
167992,85275Not Solved
168119,85358Solved
168269,85450Not Solved
168280,85459Solved
168325,85491Solved
168341,85499Solved
168343,85499Not Solved
168405,85520Solved
168407,85520Not Solved
168500,85562Not Solved
168716,85644Solved
168740,85653Not Solved
168761,85672Solved
168774,85677Solved
168847,85714Solved
168849,85714Not Solved
168933,85767Not Solved
168973,85774Solved
169014,85797Solved
169037,85810Not Solved
169085,85842Not Solved
169191,85888Solved
169210,85903Not Solved
169232,85911Not Solved
169245,85917Not Solved
169314,85949Not Solved
169322,85952Not Solved
169451,86004Not Solved
169519,86031Solved
169616,86084Solved
169759,86146Solved
169788,86156Not Solved
169878,86197Solved
169925,86219Not Solved
169956,86236Not Solved
169973,86246Solved
169982,86249Solved
170005,86269Not Solved
170057,86290Not Solved
170073,86299Solved
170089,86305Not Solved
170195,86359Solved
170351,86435Not Solved
170418,86477Not Solved
170477,86495Not Solved
170495,86508Solved
170504,86513Solved
170559,86541Not Solved
170574,86552Not Solved
170711,86639Solved
170722,86644Not Solved
170732,86653Not Solved
170803,86701Not Solved
170847,86721Not Solved
170993,86816Not Solved
171028,86826Not Solved
171055,86842Not Solved
171083,86859Not Solved
171128,86882Not Solved
171211,86925Not Solved
171226,86937Solved
171286,86961Not Solved
171303,86977Not Solved
171324,86989Solved
171393,87019Not Solved
171475,87057Not Solved
171603,87137Solved
171609,87140Solved
171673,87173Solved
171675,87173Not Solved
171680,87175Not Solved
171750,87213Solved
171841,87244Not Solved
171850,87247Not Solved
171854,87248Solved
172040,87368Not Solved
172126,87409Solved
172153,87425Not Solved
172177,87438Not Solved
172223,87457Solved
172261,87473Solved
172287,87499Not Solved
172299,87506Solved
172309,87507Not Solved
172328,87515Not Solved
172338,87519Not Solved
172346,87522Solved
172542,87627Solved
172570,87638Solved
172590,87664Not Solved
172604,87670Solved
172676,87714Not Solved
172760,87758Not Solved
172766,87763Solved
172898,87839Not Solved
172902,87840Solved
172929,87858Not Solved
172955,87870Not Solved
172990,87887Solved
172996,87888Solved
173132,87942Not Solved
173151,87946Solved
173194,87960Solved
173208,87964Solved
173280,87998Not Solved
173292,88012Solved
173344,88038Not Solved
173364,88047Not Solved
173581,88171Solved
173625,88196Not Solved
173629,88202Solved
173689,88228Solved
173707,88239Not Solved
173779,88278Not Solved
173947,88375Solved
173959,88379Solved
173961,88379Solved
174012,88401Solved
174033,88405Not Solved
174086,88433Solved
174147,88466Solved
174169,88475Not Solved
174237,88504Not Solved
174290,88533Solved
174339,88559Solved
174349,88561Not Solved
174357,88564Solved
174492,88625Not Solved
174571,88669Solved
174660,88706Not Solved
174783,88793Not Solved
174789,88798Solved
174804,88803Solved
174828,88813Not Solved
174852,88827Solved
174924,88856Not Solved
174991,88887Solved
175038,88901Solved
175044,88903Solved
175046,88903Solved
175086,88914Solved
175134,88941Not Solved
175172,88970Solved
175226,88989Solved
175271,89008Not Solved
175291,89017Not Solved
175299,89021Not Solved
175325,89033Not Solved
175388,89074Solved
175448,89113Not Solved
175514,89152Solved
175542,89167Not Solved
175566,89173Solved
175625,89188Not Solved
175682,89222Solved
175744,89263Solved
175897,89336Solved
175946,89366Not Solved
176105,89453Not Solved
176152,89472Not Solved
176203,89495Not Solved
176263,89520Solved
176273,89521Not Solved
176385,89575Solved
176514,89640Not Solved
176523,89643Not Solved
176534,89657Not Solved
176553,89660Not Solved
176602,89676Solved
176636,89693Solved
176672,89696Solved
176681,89704Solved
176702,89715Solved
176740,89730Solved
176766,89736Solved
176814,89774Not Solved
176960,89845Solved
176970,89849Not Solved
176974,89850Solved
177040,89897Solved
177053,89900Solved
177157,89978Not Solved
177335,90081Solved
177380,90107Solved
177404,90129Not Solved
177529,90220Not Solved
177536,90222Solved
177580,90234Not Solved
177584,90235Not Solved
177787,90343Not Solved
177819,90355Not Solved
177883,90390Solved
177902,90398Not Solved
177923,90405Not Solved
177958,90421Not Solved
178003,90443Solved
178057,90467Solved
178088,90480Solved
178102,90482Solved
178139,90510Solved
178145,90511Not Solved
178194,90540Not Solved
178200,90542Solved
178401,90661Solved
178403,90661Solved
178551,90745Solved
178614,90767Not Solved
178626,90773Not Solved
178730,90819Not Solved
178734,90827Solved
178744,90831Solved
178820,90861Not Solved
178836,90874Solved
179009,90960Solved
179078,90999Not Solved
179126,91026Not Solved
179159,91046Not Solved
179210,91073Not Solved
179232,91086Not Solved
179247,91098Solved
179325,91133Solved
179351,91154Solved
179378,91164Solved
179384,91164Not Solved
179398,91171Not Solved
179429,91201Not Solved
179538,91253Not Solved
179546,91256Not Solved
179590,91280Not Solved
179618,91297Solved
179688,91330Not Solved
179693,91331Solved
179715,91340Solved
179722,91342Solved
179870,91417Not Solved
179882,91424Not Solved
179924,91443Solved
179939,91453Solved
179957,91460Not Solved
180172,91562Not Solved
180216,91580Solved
180283,91616Not Solved
180309,91640Solved
180403,91695Not Solved
180416,91706Not Solved
180442,91718Not Solved
180526,91759Solved
180557,91767Solved
180576,91774Solved
180624,91796Solved
180687,91830Solved
180742,91870Not Solved
180778,91901Solved
180818,91915Solved
180834,91924Solved
180836,91924Solved
180915,91962Solved
180939,91971Solved
180949,91977Solved
181101,92045Solved
181172,92076Not Solved
181264,92129Solved
181271,92132Not Solved
181354,92179Solved
181495,92262Not Solved
181529,92275Not Solved
181544,92281Not Solved
181637,92315Not Solved
181678,92330Solved
181688,92332Solved
181706,92349Solved
181722,92353Solved
181772,92368Not Solved
181825,92386Solved
181854,92396Solved
181957,92441Solved
182025,92471Solved
182053,92486Solved
182085,92498Not Solved
182110,92511Not Solved
182115,92515Solved
182158,92535Not Solved
182176,92540Not Solved
182206,92559Not Solved
182280,92610Solved
182311,92626Solved
182370,92655Solved
182408,92677Solved
182423,92686Solved
182438,92688Not Solved
182565,92748Not Solved
182649,92793Solved
182743,92841Not Solved
182805,92866Solved
182859,92891Not Solved
182939,92924Solved
182947,92928Not Solved
182968,92936Not Solved
183022,92955Solved
183260,93069Solved
183344,93121Not Solved
183391,93151Not Solved
183423,93162Not Solved
183430,93163Solved
183442,93167Not Solved
183599,93259Solved
183616,93265Solved
183685,93290Not Solved
183703,93306Not Solved
183727,93318Solved
183738,93318Not Solved
183770,93331Not Solved
183894,93393Not Solved
184086,93479Not Solved
184143,93515Solved
184191,93534Solved
184205,93536Not Solved
184210,93538Not Solved
184239,93566Not Solved
184269,93587Solved
184330,93608Not Solved
184345,93611Not Solved
184352,93613Not Solved
184395,93647Solved
184397,93647Solved
184411,93651Solved
184425,93654Solved
184566,93745Not Solved
184597,93763Solved
184682,93801Not Solved
184761,93848Not Solved
184779,93863Not Solved
184866,93919Not Solved
184905,93932Solved
184911,93933Solved
184928,93937Not Solved
185196,94051Not Solved
185270,94106Not Solved
185320,94124Solved
185419,94181Not Solved
185459,94200Not Solved
185489,94213Solved
185541,94235Not Solved
185556,94239Solved
185608,94250Not Solved
185641,94265Solved
185658,94271Solved
185750,94308Not Solved
185769,94319Not Solved
185832,94361Not Solved
185841,94364Solved
185904,94393Solved
185920,94397Solved
186025,94455Solved
186120,94498Not Solved
186201,94537Not Solved
186293,94597Solved
186299,94599Solved
186314,94602Solved
186356,94625Not Solved
186396,94641Solved
186422,94652Solved
186562,94715Solved
186608,94745Solved
186662,94767Not Solved
186852,94867Solved
186862,94867Not Solved
186868,94869Solved
186970,94912Not Solved
186982,94918Not Solved
187078,94965Solved
187135,94992Solved
187149,94999Solved
187151,94999Not Solved
187205,95014Solved
187256,95055Solved
187273,95063Solved
187289,95067Not Solved
187325,95091Solved
187332,95092Solved
187354,95103Solved
187461,95138Not Solved
187465,95142Solved
187595,95224Solved
187619,95239Solved
187644,95249Not Solved
187743,95299Solved
187820,95350Solved
187951,95414Not Solved
187979,95421Solved
187990,95425Solved
188147,95482Not Solved
188180,95495Solved
188182,95495Not Solved
188213,95519Solved
188272,95567Not Solved
188352,95593Solved
188377,95599Not Solved
188434,95627Solved
188488,95647Not Solved
188524,95675Not Solved
188535,95678Not Solved
188550,95686Solved
188582,95694Solved
188627,95713Solved
188655,95723Not Solved
188870,95831Not Solved
188874,95832Not Solved
188914,95845Solved
189012,95892Not Solved
189060,95915Solved
189082,95938Not Solved
189238,95999Not Solved
189295,96034Not Solved
189370,96068Solved
189390,96072Not Solved
189416,96086Solved
189425,96089Solved
189639,96207Not Solved
189665,96225Solved
189679,96232Solved
189699,96232Not Solved
189720,96243Solved
189741,96251Solved
189845,96294Solved
189889,96325Not Solved
189902,96332Not Solved
190085,96434Solved
190209,96487Not Solved
190266,96510Solved
190302,96526Solved
190321,96532Not Solved
190469,96606Solved
190555,96662Solved
190676,96720Solved
190732,96757Not Solved
190748,96759Not Solved
190770,96767Solved
190932,96841Not Solved
190942,96845Not Solved
191068,96879Not Solved
191140,96935Not Solved
191177,96953Not Solved
191215,96972Solved
191217,96972Not Solved
191254,96987Not Solved
191261,96992Not Solved
191284,97008Not Solved
191290,97012Solved
191311,97022Not Solved
191316,97026Not Solved
191389,97057Solved
191442,97097Solved
191463,97107Not Solved
191574,97163Not Solved
191700,97216Not Solved
191714,97231Solved
191721,97233Not Solved
191746,97247Solved
191798,97277Solved
191896,97359Not Solved
191954,97409Not Solved
192031,97441Not Solved
192039,97445Not Solved
192083,97470Not Solved
192177,97533Not Solved
192229,97550Solved
192280,97570Solved
192346,97594Not Solved
192393,97608Solved
192395,97608Not Solved
192459,97643Not Solved
192464,97644Solved
192504,97666Not Solved
192547,97686Solved
192648,97730Not Solved
192674,97747Not Solved
192680,97750Not Solved
192707,97763Solved
192775,97809Not Solved
192995,97894Not Solved
193005,97896Solved
193011,97898Not Solved
193110,97967Solved
193180,97996Solved
193314,98069Not Solved
193332,98076Not Solved
193379,98101Not Solved
193383,98102Not Solved
193445,98138Not Solved
193536,98174Not Solved
193546,98185Not Solved
193565,98191Not Solved
193651,98236Not Solved
193689,98263Solved
193755,98302Solved
193811,98341Solved
193853,98358Solved
193884,98365Solved
193945,98391Not Solved
193977,98414Solved
193984,98416Solved
194007,98421Solved
194335,98631Solved
194337,98631Not Solved
194422,98671Solved
194541,98735Not Solved
194553,98738Solved
194632,98783Solved
194634,98783Not Solved
194649,98789Not Solved
194712,98813Not Solved
194742,98823Solved
194810,98884Solved
194832,98898Not Solved
194889,98926Solved
194935,98951Not Solved
194970,98963Not Solved
194979,98968Not Solved
195080,99023Not Solved
195094,99028Not Solved
195203,99085Not Solved
195254,99107Not Solved
195396,99181Solved
195593,99277Not Solved
195624,99292Not Solved
195664,99309Not Solved
195668,99310Solved
195694,99326Not Solved
195827,99390Solved
195852,99398Solved
195868,99408Solved
195887,99416Not Solved
195927,99432Not Solved
195970,99474Solved
196086,99527Not Solved
196149,99551Not Solved
196261,99613Not Solved
196330,99650Not Solved
196334,99652Solved
196345,99655Solved
196364,99664Solved
196615,99793Solved
196656,99809Solved
196677,99820Solved
196704,99830Solved
196772,99869Not Solved
196837,99906Not Solved
196857,99916Not Solved
