rowNumber,PersonId,State 
1,0,s1
2,0,s11
3,1,s1
4,1,s2
5,1,s3
6,1,s5
7,1,s7
8,1,s6
9,1,s11
10,2,s1
11,2,s2
12,2,s3
13,2,s4
14,2,s3
15,2,s11
16,3,s1
17,3,s2
18,3,s3
19,3,s4
20,3,s3
21,3,s11
22,4,s1
23,4,s2
24,4,s3
25,4,s11
26,5,s1
27,5,s11
28,6,s1
29,6,s2
30,6,s11
31,7,s1
32,7,s11
33,8,s1
34,8,s11
35,9,s1
36,9,s11
37,10,s1
38,10,s11
39,11,s1
40,11,s11
41,12,s1
42,12,s2
43,12,s3
44,12,s3
45,12,s4
46,12,s3
47,12,s5
48,12,s7
49,12,s9
50,12,s8
51,12,s9
52,12,s10
53,12,s11
54,13,s1
55,13,s2
56,13,s3
57,13,s11
58,14,s1
59,14,s11
60,15,s1
61,15,s2
62,15,s3
63,15,s5
64,15,s7
65,15,s9
66,15,s10
67,15,s11
68,16,s1
69,16,s2
70,16,s3
71,16,s11
72,17,s1
73,17,s2
74,17,s3
75,17,s5
76,17,s7
77,17,s9
78,17,s10
79,17,s11
80,18,s1
81,18,s2
82,18,s3
83,18,s11
84,19,s1
85,19,s2
86,19,s3
87,19,s4
88,19,s5
89,19,s7
90,19,s9
91,19,s10
92,19,s11
93,20,s1
94,20,s2
95,20,s3
96,20,s5
97,20,s7
98,20,s9
99,20,s10
100,20,s11
101,21,s1
102,21,s11
103,22,s1
104,22,s2
105,22,s3
106,22,s11
107,23,s1
108,23,s2
109,23,s3
110,23,s5
111,23,s2
112,23,s3
113,23,s4
114,23,s5
115,23,s7
116,23,s9
117,23,s10
118,23,s11
119,24,s1
120,24,s2
121,24,s3
122,24,s11
123,25,s1
124,25,s11
125,26,s1
126,26,s2
127,26,s3
128,26,s5
129,26,s7
130,26,s9
131,26,s10
132,26,s2
133,26,s3
134,26,s4
135,26,s11
136,27,s1
137,27,s2
138,27,s3
139,27,s4
140,27,s4
141,27,s4
142,27,s3
143,27,s3
144,27,s4
145,27,s3
146,27,s4
147,27,s5
148,27,s2
149,27,s3
150,27,s5
151,27,s2
152,27,s11
153,28,s1
154,28,s2
155,28,s3
156,28,s4
157,28,s3
158,28,s11
159,29,s1
160,29,s2
161,29,s3
162,29,s11
163,30,s1
164,30,s2
165,30,s3
166,30,s4
167,30,s5
168,30,s7
169,30,s6
170,30,s11
171,31,s1
172,31,s2
173,31,s3
174,31,s4
175,31,s11
176,32,s1
177,32,s11
178,33,s1
179,33,s2
180,33,s3
181,33,s3
182,33,s11
183,34,s1
184,34,s2
185,34,s3
186,34,s11
187,35,s1
188,35,s11
189,36,s1
190,36,s2
191,36,s3
192,36,s4
193,36,s3
194,36,s11
195,37,s1
196,37,s2
197,37,s11
198,38,s1
199,38,s11
200,39,s1
201,39,s2
202,39,s3
203,39,s5
204,39,s7
205,39,s9
206,39,s10
207,39,s2
208,39,s3
209,39,s5
210,39,s7
211,39,s9
212,39,s10
213,39,s11
214,40,s1
215,40,s2
216,40,s3
217,40,s4
218,40,s3
219,40,s5
220,40,s7
221,40,s9
222,40,s10
223,40,s11
224,41,s1
225,41,s2
226,41,s3
227,41,s4
228,41,s5
229,41,s7
230,41,s9
231,41,s10
232,41,s2
233,41,s3
234,41,s4
235,41,s5
236,41,s7
237,41,s6
238,41,s11
239,42,s1
240,42,s11
241,43,s1
242,43,s2
243,43,s3
244,43,s4
245,43,s4
246,43,s5
247,43,s7
248,43,s9
249,43,s10
250,43,s11
251,44,s1
252,44,s2
253,44,s11
254,45,s1
255,45,s2
256,45,s3
257,45,s4
258,45,s3
259,45,s5
260,45,s7
261,45,s9
262,45,s10
263,45,s11
264,46,s1
265,46,s2
266,46,s3
267,46,s4
268,46,s5
269,46,s2
270,46,s3
271,46,s5
272,46,s7
273,46,s9
274,46,s10
275,46,s11
276,47,s1
277,47,s2
278,47,s3
279,47,s5
280,47,s2
281,47,s3
282,47,s4
283,47,s11
284,48,s1
285,48,s2
286,48,s3
287,48,s5
288,48,s7
289,48,s9
290,48,s10
291,48,s11
292,49,s1
293,49,s2
294,49,s3
295,49,s3
296,49,s4
297,49,s11
298,50,s1
299,50,s2
300,50,s11
301,51,s1
302,51,s2
303,51,s3
304,51,s3
305,51,s3
306,51,s4
307,51,s11
308,52,s1
309,52,s11
310,53,s1
311,53,s2
312,53,s3
313,53,s5
314,53,s7
315,53,s9
316,53,s10
317,53,s11
318,54,s1
319,54,s11
320,55,s1
321,55,s2
322,55,s3
323,55,s4
324,55,s3
325,55,s3
326,55,s11
327,56,s1
328,56,s2
329,56,s3
330,56,s4
331,56,s5
332,56,s7
333,56,s9
334,56,s10
335,56,s11
336,57,s1
337,57,s11
338,58,s1
339,58,s2
340,58,s3
341,58,s5
342,58,s2
343,58,s3
344,58,s5
345,58,s7
346,58,s9
347,58,s10
348,58,s2
349,58,s3
350,58,s5
351,58,s2
352,58,s3
353,58,s4
354,58,s3
355,58,s4
356,58,s3
357,58,s5
358,58,s7
359,58,s9
360,58,s10
361,58,s11
362,59,s1
363,59,s2
364,59,s3
365,59,s3
366,59,s5
367,59,s7
368,59,s9
369,59,s10
370,59,s2
371,59,s3
372,59,s5
373,59,s2
374,59,s3
375,59,s4
376,59,s4
377,59,s3
378,59,s5
379,59,s7
380,59,s6
381,59,s11
382,60,s1
383,60,s2
384,60,s3
385,60,s11
386,61,s1
387,61,s2
388,61,s3
389,61,s4
390,61,s3
391,61,s4
392,61,s5
393,61,s7
394,61,s9
395,61,s8
396,61,s9
397,61,s10
398,61,s11
399,62,s1
400,62,s2
401,62,s3
402,62,s4
403,62,s4
404,62,s3
405,62,s4
406,62,s3
407,62,s4
408,62,s3
409,62,s11
410,63,s1
411,63,s2
412,63,s3
413,63,s4
414,63,s4
415,63,s5
416,63,s2
417,63,s3
418,63,s11
419,64,s1
420,64,s2
421,64,s3
422,64,s4
423,64,s11
424,65,s1
425,65,s2
426,65,s11
427,66,s1
428,66,s2
429,66,s3
430,66,s4
431,66,s3
432,66,s3
433,66,s5
434,66,s7
435,66,s9
436,66,s10
437,66,s11
438,67,s1
439,67,s11
440,68,s1
441,68,s2
442,68,s3
443,68,s3
444,68,s3
445,68,s5
446,68,s7
447,68,s9
448,68,s10
449,68,s11
450,69,s1
451,69,s11
452,70,s1
453,70,s11
454,71,s1
455,71,s2
456,71,s3
457,71,s5
458,71,s7
459,71,s9
460,71,s8
461,71,s9
462,71,s10
463,71,s2
464,71,s3
465,71,s4
466,71,s5
467,71,s7
468,71,s9
469,71,s10
470,71,s2
471,71,s3
472,71,s3
473,71,s4
474,71,s11
475,72,s1
476,72,s2
477,72,s3
478,72,s4
479,72,s5
480,72,s2
481,72,s3
482,72,s5
483,72,s7
484,72,s9
485,72,s10
486,72,s11
487,73,s1
488,73,s11
489,74,s1
490,74,s2
491,74,s11
492,75,s1
493,75,s2
494,75,s3
495,75,s5
496,75,s7
497,75,s9
498,75,s10
499,75,s11
500,76,s1
501,76,s2
502,76,s11
503,77,s1
504,77,s11
505,78,s1
506,78,s11
507,79,s1
508,79,s2
509,79,s11
510,80,s1
511,80,s2
512,80,s11
513,81,s1
514,81,s11
515,82,s1
516,82,s2
517,82,s3
518,82,s5
519,82,s7
520,82,s9
521,82,s10
522,82,s11
523,83,s1
524,83,s2
525,83,s3
526,83,s11
527,84,s1
528,84,s11
529,85,s1
530,85,s11
531,86,s1
532,86,s2
533,86,s3
534,86,s5
535,86,s2
536,86,s3
537,86,s3
538,86,s4
539,86,s5
540,86,s7
541,86,s9
542,86,s8
543,86,s11
544,87,s1
545,87,s11
546,88,s1
547,88,s2
548,88,s3
549,88,s4
550,88,s3
551,88,s4
552,88,s3
553,88,s4
554,88,s5
555,88,s6
556,88,s11
557,89,s1
558,89,s11
559,90,s1
560,90,s2
561,90,s3
562,90,s5
563,90,s7
564,90,s6
565,90,s11
566,91,s1
567,91,s2
568,91,s11
569,92,s1
570,92,s2
571,92,s11
572,93,s1
573,93,s2
574,93,s3
575,93,s4
576,93,s11
577,94,s1
578,94,s2
579,94,s11
580,95,s1
581,95,s2
582,95,s3
583,95,s5
584,95,s7
585,95,s9
586,95,s10
587,95,s11
588,96,s1
589,96,s2
590,96,s3
591,96,s5
592,96,s7
593,96,s9
594,96,s10
595,96,s11
596,97,s1
597,97,s2
598,97,s11
599,98,s1
600,98,s2
601,98,s11
602,99,s1
603,99,s11
604,100,s1
605,100,s2
606,100,s3
607,100,s4
608,100,s11
609,101,s1
610,101,s2
611,101,s3
612,101,s4
613,101,s4
614,101,s5
615,101,s2
616,101,s3
617,101,s11
618,102,s1
619,102,s2
620,102,s3
621,102,s3
622,102,s4
623,102,s3
624,102,s11
625,103,s1
626,103,s2
627,103,s3
628,103,s3
629,103,s11
630,104,s1
631,104,s11
632,105,s1
633,105,s11
634,106,s1
635,106,s2
636,106,s3
637,106,s5
638,106,s7
639,106,s9
640,106,s10
641,106,s11
642,107,s1
643,107,s11
644,108,s1
645,108,s11
646,109,s1
647,109,s11
648,110,s1
649,110,s11
650,111,s1
651,111,s11
652,112,s1
653,112,s2
654,112,s3
655,112,s5
656,112,s7
657,112,s9
658,112,s10
659,112,s11
660,113,s1
661,113,s11
662,114,s1
663,114,s11
664,115,s1
665,115,s11
666,116,s1
667,116,s2
668,116,s3
669,116,s4
670,116,s5
671,116,s7
672,116,s9
673,116,s10
674,116,s2
675,116,s3
676,116,s5
677,116,s7
678,116,s9
679,116,s10
680,116,s2
681,116,s3
682,116,s5
683,116,s7
684,116,s9
685,116,s10
686,116,s11
687,117,s1
688,117,s11
689,118,s1
690,118,s2
691,118,s3
692,118,s3
693,118,s4
694,118,s3
695,118,s4
696,118,s5
697,118,s6
698,118,s11
699,119,s1
700,119,s11
701,120,s1
702,120,s11
703,121,s1
704,121,s2
705,121,s3
706,121,s5
707,121,s7
708,121,s8
709,121,s9
710,121,s10
711,121,s2
712,121,s3
713,121,s4
714,121,s3
715,121,s4
716,121,s4
717,121,s11
718,122,s1
719,122,s2
720,122,s11
721,123,s1
722,123,s2
723,123,s3
724,123,s4
725,123,s3
726,123,s5
727,123,s7
728,123,s9
729,123,s10
730,123,s11
731,124,s1
732,124,s2
733,124,s3
734,124,s4
735,124,s5
736,124,s2
737,124,s3
738,124,s5
739,124,s7
740,124,s9
741,124,s10
742,124,s11
743,125,s1
744,125,s11
745,126,s1
746,126,s2
747,126,s3
748,126,s3
749,126,s4
750,126,s4
751,126,s3
752,126,s5
753,126,s7
754,126,s9
755,126,s10
756,126,s11
757,127,s1
758,127,s11
759,128,s1
760,128,s11
761,129,s1
762,129,s2
763,129,s11
764,130,s1
765,130,s2
766,130,s3
767,130,s4
768,130,s5
769,130,s2
770,130,s3
771,130,s4
772,130,s3
773,130,s3
774,130,s3
775,130,s4
776,130,s11
777,131,s1
778,131,s2
779,131,s3
780,131,s11
781,132,s1
782,132,s11
783,133,s1
784,133,s11
785,134,s1
786,134,s2
787,134,s3
788,134,s5
789,134,s7
790,134,s9
791,134,s10
792,134,s11
793,135,s1
794,135,s11
795,136,s1
796,136,s2
797,136,s3
798,136,s11
799,137,s1
800,137,s11
801,138,s1
802,138,s11
803,139,s1
804,139,s2
805,139,s3
806,139,s11
807,140,s1
808,140,s2
809,140,s3
810,140,s11
811,141,s1
812,141,s2
813,141,s11
814,142,s1
815,142,s11
816,143,s1
817,143,s11
818,144,s1
819,144,s2
820,144,s3
821,144,s11
822,145,s1
823,145,s2
824,145,s3
825,145,s4
826,145,s11
827,146,s1
828,146,s11
829,147,s1
830,147,s11
831,148,s1
832,148,s11
833,149,s1
834,149,s11
835,150,s1
836,150,s2
837,150,s3
838,150,s3
839,150,s3
840,150,s3
841,150,s5
842,150,s7
843,150,s9
844,150,s10
845,150,s11
846,151,s1
847,151,s11
848,152,s1
849,152,s2
850,152,s11
851,153,s1
852,153,s11
853,154,s1
854,154,s11
855,155,s1
856,155,s2
857,155,s3
858,155,s11
859,156,s1
860,156,s11
861,157,s1
862,157,s11
863,158,s1
864,158,s11
865,159,s1
866,159,s11
867,160,s1
868,160,s2
869,160,s3
870,160,s4
871,160,s3
872,160,s11
873,161,s1
874,161,s2
875,161,s3
876,161,s3
877,161,s5
878,161,s7
879,161,s9
880,161,s10
881,161,s11
882,162,s1
883,162,s2
884,162,s3
885,162,s4
886,162,s3
887,162,s3
888,162,s4
889,162,s11
890,163,s1
891,163,s2
892,163,s3
893,163,s5
894,163,s7
895,163,s9
896,163,s10
897,163,s11
898,164,s1
899,164,s2
900,164,s3
901,164,s3
902,164,s5
903,164,s7
904,164,s9
905,164,s10
906,164,s11
907,165,s1
908,165,s2
909,165,s11
910,166,s1
911,166,s11
912,167,s1
913,167,s11
914,168,s1
915,168,s11
916,169,s1
917,169,s11
918,170,s1
919,170,s2
920,170,s3
921,170,s3
922,170,s3
923,170,s5
924,170,s7
925,170,s9
926,170,s10
927,170,s11
928,171,s1
929,171,s2
930,171,s3
931,171,s3
932,171,s11
933,172,s1
934,172,s11
935,173,s1
936,173,s2
937,173,s3
938,173,s4
939,173,s5
940,173,s2
941,173,s3
942,173,s4
943,173,s5
944,173,s7
945,173,s9
946,173,s10
947,173,s11
948,174,s1
949,174,s2
950,174,s3
951,174,s3
952,174,s3
953,174,s5
954,174,s7
955,174,s9
956,174,s10
957,174,s2
958,174,s3
959,174,s11
960,175,s1
961,175,s2
962,175,s11
963,176,s1
964,176,s2
965,176,s3
966,176,s4
967,176,s11
968,177,s1
969,177,s2
970,177,s3
971,177,s11
972,178,s1
973,178,s2
974,178,s3
975,178,s4
976,178,s3
977,178,s11
978,179,s1
979,179,s11
980,180,s1
981,180,s2
982,180,s3
983,180,s4
984,180,s4
985,180,s11
986,181,s1
987,181,s2
988,181,s11
989,182,s1
990,182,s2
991,182,s3
992,182,s5
993,182,s7
994,182,s9
995,182,s10
996,182,s11
997,183,s1
998,183,s2
999,183,s11
1000,184,s1
1001,184,s2
1002,184,s3
1003,184,s3
1004,184,s4
1005,184,s3
1006,184,s3
1007,184,s3
1008,184,s5
1009,184,s7
1010,184,s9
1011,184,s10
1012,184,s11
1013,185,s1
1014,185,s11
1015,186,s1
1016,186,s2
1017,186,s11
1018,187,s1
1019,187,s2
1020,187,s3
1021,187,s5
1022,187,s7
1023,187,s9
1024,187,s10
1025,187,s2
1026,187,s3
1027,187,s5
1028,187,s7
1029,187,s6
1030,187,s11
1031,188,s1
1032,188,s2
1033,188,s3
1034,188,s5
1035,188,s7
1036,188,s9
1037,188,s10
1038,188,s2
1039,188,s3
1040,188,s5
1041,188,s7
1042,188,s6
1043,188,s11
1044,189,s1
1045,189,s2
1046,189,s11
1047,190,s1
1048,190,s11
1049,191,s1
1050,191,s2
1051,191,s3
1052,191,s5
1053,191,s7
1054,191,s9
1055,191,s10
1056,191,s11
1057,192,s1
1058,192,s2
1059,192,s3
1060,192,s5
1061,192,s7
1062,192,s9
1063,192,s10
1064,192,s2
1065,192,s3
1066,192,s5
1067,192,s7
1068,192,s9
1069,192,s10
1070,192,s11
1071,193,s1
1072,193,s2
1073,193,s3
1074,193,s4
1075,193,s11
1076,194,s1
1077,194,s11
1078,195,s1
1079,195,s11
1080,196,s1
1081,196,s11
1082,197,s1
1083,197,s2
1084,197,s3
1085,197,s4
1086,197,s3
1087,197,s3
1088,197,s5
1089,197,s7
1090,197,s9
1091,197,s10
1092,197,s11
1093,198,s1
1094,198,s2
1095,198,s3
1096,198,s5
1097,198,s2
1098,198,s3
1099,198,s5
1100,198,s7
1101,198,s9
1102,198,s10
1103,198,s11
1104,199,s1
1105,199,s2
1106,199,s3
1107,199,s5
1108,199,s7
1109,199,s9
1110,199,s10
1111,199,s11
1112,200,s1
1113,200,s2
1114,200,s3
1115,200,s11
1116,201,s1
1117,201,s11
1118,202,s1
1119,202,s11
1120,203,s1
1121,203,s11
1122,204,s1
1123,204,s11
1124,205,s1
1125,205,s2
1126,205,s3
1127,205,s5
1128,205,s2
1129,205,s3
1130,205,s4
1131,205,s3
1132,205,s5
1133,205,s7
1134,205,s9
1135,205,s10
1136,205,s11
1137,206,s1
1138,206,s2
1139,206,s11
1140,207,s1
1141,207,s11
1142,208,s1
1143,208,s2
1144,208,s3
1145,208,s3
1146,208,s5
1147,208,s7
1148,208,s6
1149,208,s11
1150,209,s1
1151,209,s11
1152,210,s1
1153,210,s11
1154,211,s1
1155,211,s2
1156,211,s3
1157,211,s5
1158,211,s7
1159,211,s8
1160,211,s6
1161,211,s11
1162,212,s1
1163,212,s2
1164,212,s3
1165,212,s3
1166,212,s5
1167,212,s7
1168,212,s9
1169,212,s10
1170,212,s11
1171,213,s1
1172,213,s11
1173,214,s1
1174,214,s11
1175,215,s1
1176,215,s2
1177,215,s3
1178,215,s3
1179,215,s11
1180,216,s1
1181,216,s2
1182,216,s3
1183,216,s4
1184,216,s5
1185,216,s7
1186,216,s9
1187,216,s10
1188,216,s11
1189,217,s1
1190,217,s11
1191,218,s1
1192,218,s2
1193,218,s3
1194,218,s11
1195,219,s1
1196,219,s11
1197,220,s1
1198,220,s2
1199,220,s11
1200,221,s1
1201,221,s11
1202,222,s1
1203,222,s2
1204,222,s3
1205,222,s5
1206,222,s7
1207,222,s9
1208,222,s10
1209,222,s11
1210,223,s1
1211,223,s2
1212,223,s11
1213,224,s1
1214,224,s11
1215,225,s1
1216,225,s11
1217,226,s1
1218,226,s2
1219,226,s3
1220,226,s5
1221,226,s2
1222,226,s3
1223,226,s5
1224,226,s7
1225,226,s6
1226,226,s11
1227,227,s1
1228,227,s2
1229,227,s3
1230,227,s5
1231,227,s7
1232,227,s9
1233,227,s10
1234,227,s11
1235,228,s1
1236,228,s11
1237,229,s1
1238,229,s2
1239,229,s3
1240,229,s4
1241,229,s5
1242,229,s7
1243,229,s6
1244,229,s11
1245,230,s1
1246,230,s2
1247,230,s3
1248,230,s4
1249,230,s3
1250,230,s5
1251,230,s6
1252,230,s11
1253,231,s1
1254,231,s11
1255,232,s1
1256,232,s2
1257,232,s3
1258,232,s4
1259,232,s3
1260,232,s4
1261,232,s3
1262,232,s3
1263,232,s5
1264,232,s7
1265,232,s9
1266,232,s10
1267,232,s11
1268,233,s1
1269,233,s2
1270,233,s3
1271,233,s11
1272,234,s1
1273,234,s11
1274,235,s1
1275,235,s11
1276,236,s1
1277,236,s11
1278,237,s1
1279,237,s2
1280,237,s11
1281,238,s1
1282,238,s11
1283,239,s1
1284,239,s2
1285,239,s3
1286,239,s11
1287,240,s1
1288,240,s11
1289,241,s1
1290,241,s2
1291,241,s3
1292,241,s4
1293,241,s4
1294,241,s5
1295,241,s7
1296,241,s9
1297,241,s10
1298,241,s2
1299,241,s3
1300,241,s11
1301,242,s1
1302,242,s11
1303,243,s1
1304,243,s11
1305,244,s1
1306,244,s2
1307,244,s3
1308,244,s4
1309,244,s4
1310,244,s11
1311,245,s1
1312,245,s2
1313,245,s3
1314,245,s3
1315,245,s3
1316,245,s11
1317,246,s1
1318,246,s2
1319,246,s3
1320,246,s11
1321,247,s1
1322,247,s11
1323,248,s1
1324,248,s2
1325,248,s3
1326,248,s11
1327,249,s1
1328,249,s11
1329,250,s1
1330,250,s11
1331,251,s1
1332,251,s2
1333,251,s3
1334,251,s3
1335,251,s4
1336,251,s5
1337,251,s7
1338,251,s9
1339,251,s10
1340,251,s11
1341,252,s1
1342,252,s11
1343,253,s1
1344,253,s2
1345,253,s3
1346,253,s5
1347,253,s7
1348,253,s9
1349,253,s10
1350,253,s2
1351,253,s3
1352,253,s5
1353,253,s7
1354,253,s9
1355,253,s10
1356,253,s2
1357,253,s11
1358,254,s1
1359,254,s2
1360,254,s3
1361,254,s5
1362,254,s7
1363,254,s9
1364,254,s10
1365,254,s11
1366,255,s1
1367,255,s11
1368,256,s1
1369,256,s11
1370,257,s1
1371,257,s2
1372,257,s3
1373,257,s5
1374,257,s2
1375,257,s11
1376,258,s1
1377,258,s2
1378,258,s3
1379,258,s4
1380,258,s4
1381,258,s4
1382,258,s3
1383,258,s11
1384,259,s1
1385,259,s11
1386,260,s1
1387,260,s11
1388,261,s1
1389,261,s11
1390,262,s1
1391,262,s11
1392,263,s1
1393,263,s2
1394,263,s3
1395,263,s5
1396,263,s7
1397,263,s9
1398,263,s10
1399,263,s11
1400,264,s1
1401,264,s2
1402,264,s11
1403,265,s1
1404,265,s2
1405,265,s3
1406,265,s5
1407,265,s7
1408,265,s6
1409,265,s11
1410,266,s1
1411,266,s2
1412,266,s3
1413,266,s4
1414,266,s3
1415,266,s11
1416,267,s1
1417,267,s2
1418,267,s3
1419,267,s11
1420,268,s1
1421,268,s2
1422,268,s11
1423,269,s1
1424,269,s2
1425,269,s11
1426,270,s1
1427,270,s11
1428,271,s1
1429,271,s2
1430,271,s3
1431,271,s4
1432,271,s11
1433,272,s1
1434,272,s11
1435,273,s1
1436,273,s2
1437,273,s3
1438,273,s5
1439,273,s7
1440,273,s9
1441,273,s10
1442,273,s11
1443,274,s1
1444,274,s11
1445,275,s1
1446,275,s2
1447,275,s3
1448,275,s5
1449,275,s7
1450,275,s9
1451,275,s10
1452,275,s11
1453,276,s1
1454,276,s11
1455,277,s1
1456,277,s2
1457,277,s3
1458,277,s5
1459,277,s2
1460,277,s3
1461,277,s4
1462,277,s5
1463,277,s7
1464,277,s9
1465,277,s10
1466,277,s11
1467,278,s1
1468,278,s2
1469,278,s3
1470,278,s3
1471,278,s4
1472,278,s5
1473,278,s2
1474,278,s3
1475,278,s5
1476,278,s7
1477,278,s9
1478,278,s10
1479,278,s2
1480,278,s3
1481,278,s5
1482,278,s7
1483,278,s9
1484,278,s10
1485,278,s2
1486,278,s3
1487,278,s3
1488,278,s5
1489,278,s7
1490,278,s9
1491,278,s10
1492,278,s11
1493,279,s1
1494,279,s11
1495,280,s1
1496,280,s11
1497,281,s1
1498,281,s11
1499,282,s1
1500,282,s2
1501,282,s3
1502,282,s5
1503,282,s7
1504,282,s9
1505,282,s10
1506,282,s11
1507,283,s1
1508,283,s2
1509,283,s3
1510,283,s11
1511,284,s1
1512,284,s2
1513,284,s3
1514,284,s3
1515,284,s4
1516,284,s3
1517,284,s4
1518,284,s4
1519,284,s5
1520,284,s7
1521,284,s9
1522,284,s10
1523,284,s11
1524,285,s1
1525,285,s2
1526,285,s3
1527,285,s11
1528,286,s1
1529,286,s11
1530,287,s1
1531,287,s2
1532,287,s3
1533,287,s4
1534,287,s4
1535,287,s5
1536,287,s2
1537,287,s3
1538,287,s3
1539,287,s5
1540,287,s7
1541,287,s6
1542,287,s11
1543,288,s1
1544,288,s2
1545,288,s3
1546,288,s11
1547,289,s1
1548,289,s2
1549,289,s3
1550,289,s3
1551,289,s4
1552,289,s3
1553,289,s4
1554,289,s3
1555,289,s4
1556,289,s3
1557,289,s3
1558,289,s3
1559,289,s4
1560,289,s3
1561,289,s11
1562,290,s1
1563,290,s2
1564,290,s3
1565,290,s5
1566,290,s7
1567,290,s9
1568,290,s10
1569,290,s11
1570,291,s1
1571,291,s2
1572,291,s3
1573,291,s3
1574,291,s3
1575,291,s11
1576,292,s1
1577,292,s2
1578,292,s3
1579,292,s5
1580,292,s7
1581,292,s9
1582,292,s10
1583,292,s11
1584,293,s1
1585,293,s11
1586,294,s1
1587,294,s11
1588,295,s1
1589,295,s2
1590,295,s11
1591,296,s1
1592,296,s2
1593,296,s11
1594,297,s1
1595,297,s11
1596,298,s1
1597,298,s11
1598,299,s1
1599,299,s2
1600,299,s3
1601,299,s4
1602,299,s4
1603,299,s3
1604,299,s3
1605,299,s5
1606,299,s6
1607,299,s11
1608,300,s1
1609,300,s2
1610,300,s3
1611,300,s5
1612,300,s7
1613,300,s9
1614,300,s8
1615,300,s11
1616,301,s1
1617,301,s2
1618,301,s3
1619,301,s4
1620,301,s5
1621,301,s2
1622,301,s3
1623,301,s11
1624,302,s1
1625,302,s2
1626,302,s3
1627,302,s3
1628,302,s11
1629,303,s1
1630,303,s2
1631,303,s11
1632,304,s1
1633,304,s2
1634,304,s3
1635,304,s5
1636,304,s2
1637,304,s3
1638,304,s5
1639,304,s7
1640,304,s9
1641,304,s10
1642,304,s11
1643,305,s1
1644,305,s2
1645,305,s3
1646,305,s11
1647,306,s1
1648,306,s11
1649,307,s1
1650,307,s11
1651,308,s1
1652,308,s11
1653,309,s1
1654,309,s2
1655,309,s3
1656,309,s3
1657,309,s11
1658,310,s1
1659,310,s2
1660,310,s3
1661,310,s3
1662,310,s4
1663,310,s11
1664,311,s1
1665,311,s11
1666,312,s1
1667,312,s11
1668,313,s1
1669,313,s2
1670,313,s3
1671,313,s4
1672,313,s5
1673,313,s7
1674,313,s9
1675,313,s10
1676,313,s11
1677,314,s1
1678,314,s11
1679,315,s1
1680,315,s2
1681,315,s3
1682,315,s3
1683,315,s3
1684,315,s11
1685,316,s1
1686,316,s2
1687,316,s3
1688,316,s5
1689,316,s7
1690,316,s9
1691,316,s10
1692,316,s11
1693,317,s1
1694,317,s11
1695,318,s1
1696,318,s2
1697,318,s3
1698,318,s4
1699,318,s5
1700,318,s7
1701,318,s9
1702,318,s10
1703,318,s11
1704,319,s1
1705,319,s11
1706,320,s1
1707,320,s11
1708,321,s1
1709,321,s2
1710,321,s11
1711,322,s1
1712,322,s2
1713,322,s3
1714,322,s5
1715,322,s7
1716,322,s9
1717,322,s10
1718,322,s2
1719,322,s3
1720,322,s11
1721,323,s1
1722,323,s2
1723,323,s3
1724,323,s4
1725,323,s3
1726,323,s4
1727,323,s5
1728,323,s7
1729,323,s9
1730,323,s10
1731,323,s11
1732,324,s1
1733,324,s11
1734,325,s1
1735,325,s11
1736,326,s1
1737,326,s2
1738,326,s3
1739,326,s5
1740,326,s7
1741,326,s9
1742,326,s10
1743,326,s11
1744,327,s1
1745,327,s2
1746,327,s11
1747,328,s1
1748,328,s2
1749,328,s3
1750,328,s3
1751,328,s4
1752,328,s11
1753,329,s1
1754,329,s2
1755,329,s3
1756,329,s4
1757,329,s5
1758,329,s2
1759,329,s3
1760,329,s4
1761,329,s3
1762,329,s4
1763,329,s11
1764,330,s1
1765,330,s2
1766,330,s3
1767,330,s5
1768,330,s7
1769,330,s6
1770,330,s11
1771,331,s1
1772,331,s2
1773,331,s3
1774,331,s4
1775,331,s5
1776,331,s7
1777,331,s9
1778,331,s10
1779,331,s11
1780,332,s1
1781,332,s2
1782,332,s3
1783,332,s4
1784,332,s3
1785,332,s5
1786,332,s2
1787,332,s3
1788,332,s5
1789,332,s7
1790,332,s9
1791,332,s10
1792,332,s2
1793,332,s3
1794,332,s4
1795,332,s4
1796,332,s4
1797,332,s3
1798,332,s5
1799,332,s2
1800,332,s3
1801,332,s5
1802,332,s2
1803,332,s3
1804,332,s5
1805,332,s7
1806,332,s9
1807,332,s10
1808,332,s11
1809,333,s1
1810,333,s2
1811,333,s3
1812,333,s3
1813,333,s5
1814,333,s7
1815,333,s9
1816,333,s10
1817,333,s11
1818,334,s1
1819,334,s2
1820,334,s3
1821,334,s4
1822,334,s3
1823,334,s4
1824,334,s3
1825,334,s3
1826,334,s4
1827,334,s5
1828,334,s7
1829,334,s9
1830,334,s10
1831,334,s11
1832,335,s1
1833,335,s11
1834,336,s1
1835,336,s11
1836,337,s1
1837,337,s2
1838,337,s3
1839,337,s4
1840,337,s4
1841,337,s3
1842,337,s4
1843,337,s4
1844,337,s5
1845,337,s7
1846,337,s9
1847,337,s10
1848,337,s2
1849,337,s3
1850,337,s5
1851,337,s7
1852,337,s9
1853,337,s10
1854,337,s2
1855,337,s3
1856,337,s5
1857,337,s7
1858,337,s9
1859,337,s10
1860,337,s2
1861,337,s3
1862,337,s4
1863,337,s11
1864,338,s1
1865,338,s2
1866,338,s3
1867,338,s3
1868,338,s3
1869,338,s4
1870,338,s3
1871,338,s5
1872,338,s7
1873,338,s9
1874,338,s10
1875,338,s11
1876,339,s1
1877,339,s11
1878,340,s1
1879,340,s2
1880,340,s3
1881,340,s3
1882,340,s11
1883,341,s1
1884,341,s11
1885,342,s1
1886,342,s2
1887,342,s3
1888,342,s11
1889,343,s1
1890,343,s2
1891,343,s3
1892,343,s5
1893,343,s7
1894,343,s9
1895,343,s10
1896,343,s2
1897,343,s3
1898,343,s4
1899,343,s4
1900,343,s11
1901,344,s1
1902,344,s2
1903,344,s3
1904,344,s5
1905,344,s7
1906,344,s9
1907,344,s10
1908,344,s11
1909,345,s1
1910,345,s11
1911,346,s1
1912,346,s2
1913,346,s3
1914,346,s5
1915,346,s7
1916,346,s9
1917,346,s10
1918,346,s11
1919,347,s1
1920,347,s2
1921,347,s3
1922,347,s11
1923,348,s1
1924,348,s11
1925,349,s1
1926,349,s11
1927,350,s1
1928,350,s2
1929,350,s3
1930,350,s4
1931,350,s11
1932,351,s1
1933,351,s2
1934,351,s3
1935,351,s4
1936,351,s4
1937,351,s3
1938,351,s3
1939,351,s11
1940,352,s1
1941,352,s2
1942,352,s3
1943,352,s3
1944,352,s4
1945,352,s5
1946,352,s7
1947,352,s8
1948,352,s9
1949,352,s10
1950,352,s11
1951,353,s1
1952,353,s2
1953,353,s3
1954,353,s3
1955,353,s11
1956,354,s1
1957,354,s11
1958,355,s1
1959,355,s11
1960,356,s1
1961,356,s2
1962,356,s3
1963,356,s3
1964,356,s4
1965,356,s11
1966,357,s1
1967,357,s2
1968,357,s3
1969,357,s3
1970,357,s5
1971,357,s7
1972,357,s9
1973,357,s10
1974,357,s2
1975,357,s3
1976,357,s5
1977,357,s7
1978,357,s9
1979,357,s10
1980,357,s11
1981,358,s1
1982,358,s11
1983,359,s1
1984,359,s11
1985,360,s1
1986,360,s11
1987,361,s1
1988,361,s11
1989,362,s1
1990,362,s2
1991,362,s11
1992,363,s1
1993,363,s11
1994,364,s1
1995,364,s2
1996,364,s3
1997,364,s3
1998,364,s4
1999,364,s3
2000,364,s5
2001,364,s7
2002,364,s9
2003,364,s10
2004,364,s11
2005,365,s1
2006,365,s2
2007,365,s3
2008,365,s3
2009,365,s5
2010,365,s2
2011,365,s3
2012,365,s3
2013,365,s5
2014,365,s7
2015,365,s9
2016,365,s10
2017,365,s11
2018,366,s1
2019,366,s2
2020,366,s3
2021,366,s4
2022,366,s4
2023,366,s3
2024,366,s3
2025,366,s4
2026,366,s5
2027,366,s2
2028,366,s3
2029,366,s11
2030,367,s1
2031,367,s11
2032,368,s1
2033,368,s2
2034,368,s3
2035,368,s11
2036,369,s1
2037,369,s11
2038,370,s1
2039,370,s2
2040,370,s3
2041,370,s5
2042,370,s7
2043,370,s9
2044,370,s10
2045,370,s11
2046,371,s1
2047,371,s2
2048,371,s3
2049,371,s4
2050,371,s11
2051,372,s1
2052,372,s2
2053,372,s3
2054,372,s4
2055,372,s11
2056,373,s1
2057,373,s2
2058,373,s3
2059,373,s11
2060,374,s1
2061,374,s11
2062,375,s1
2063,375,s11
2064,376,s1
2065,376,s2
2066,376,s3
2067,376,s5
2068,376,s7
2069,376,s9
2070,376,s10
2071,376,s11
2072,377,s1
2073,377,s11
2074,378,s1
2075,378,s2
2076,378,s3
2077,378,s11
2078,379,s1
2079,379,s11
2080,380,s1
2081,380,s11
2082,381,s1
2083,381,s2
2084,381,s3
2085,381,s5
2086,381,s2
2087,381,s3
2088,381,s4
2089,381,s5
2090,381,s7
2091,381,s9
2092,381,s10
2093,381,s11
2094,382,s1
2095,382,s11
2096,383,s1
2097,383,s11
2098,384,s1
2099,384,s2
2100,384,s3
2101,384,s11
2102,385,s1
2103,385,s2
2104,385,s3
2105,385,s3
2106,385,s5
2107,385,s7
2108,385,s9
2109,385,s10
2110,385,s2
2111,385,s3
2112,385,s3
2113,385,s11
2114,386,s1
2115,386,s2
2116,386,s3
2117,386,s11
2118,387,s1
2119,387,s11
2120,388,s1
2121,388,s2
2122,388,s3
2123,388,s4
2124,388,s5
2125,388,s2
2126,388,s3
2127,388,s5
2128,388,s7
2129,388,s9
2130,388,s10
2131,388,s11
2132,389,s1
2133,389,s2
2134,389,s3
2135,389,s11
2136,390,s1
2137,390,s11
2138,391,s1
2139,391,s2
2140,391,s3
2141,391,s4
2142,391,s5
2143,391,s2
2144,391,s11
2145,392,s1
2146,392,s11
2147,393,s1
2148,393,s2
2149,393,s3
2150,393,s5
2151,393,s7
2152,393,s9
2153,393,s10
2154,393,s11
2155,394,s1
2156,394,s2
2157,394,s3
2158,394,s5
2159,394,s7
2160,394,s9
2161,394,s10
2162,394,s11
2163,395,s1
2164,395,s11
2165,396,s1
2166,396,s2
2167,396,s3
2168,396,s11
2169,397,s1
2170,397,s11
2171,398,s1
2172,398,s2
2173,398,s3
2174,398,s3
2175,398,s5
2176,398,s7
2177,398,s9
2178,398,s10
2179,398,s2
2180,398,s3
2181,398,s5
2182,398,s2
2183,398,s3
2184,398,s3
2185,398,s4
2186,398,s11
2187,399,s1
2188,399,s2
2189,399,s3
2190,399,s5
2191,399,s2
2192,399,s3
2193,399,s11
2194,400,s1
2195,400,s2
2196,400,s3
2197,400,s11
2198,401,s1
2199,401,s11
2200,402,s1
2201,402,s2
2202,402,s3
2203,402,s3
2204,402,s3
2205,402,s4
2206,402,s3
2207,402,s11
2208,403,s1
2209,403,s2
2210,403,s3
2211,403,s5
2212,403,s2
2213,403,s11
2214,404,s1
2215,404,s2
2216,404,s3
2217,404,s4
2218,404,s5
2219,404,s7
2220,404,s9
2221,404,s10
2222,404,s11
2223,405,s1
2224,405,s11
2225,406,s1
2226,406,s11
2227,407,s1
2228,407,s2
2229,407,s3
2230,407,s3
2231,407,s11
2232,408,s1
2233,408,s2
2234,408,s11
2235,409,s1
2236,409,s2
2237,409,s3
2238,409,s3
2239,409,s11
2240,410,s1
2241,410,s2
2242,410,s3
2243,410,s5
2244,410,s7
2245,410,s9
2246,410,s10
2247,410,s11
2248,411,s1
2249,411,s11
2250,412,s1
2251,412,s2
2252,412,s3
2253,412,s5
2254,412,s2
2255,412,s11
2256,413,s1
2257,413,s11
2258,414,s1
2259,414,s2
2260,414,s3
2261,414,s11
2262,415,s1
2263,415,s2
2264,415,s3
2265,415,s4
2266,415,s11
2267,416,s1
2268,416,s11
2269,417,s1
2270,417,s2
2271,417,s3
2272,417,s5
2273,417,s7
2274,417,s9
2275,417,s10
2276,417,s11
2277,418,s1
2278,418,s2
2279,418,s3
2280,418,s5
2281,418,s7
2282,418,s9
2283,418,s10
2284,418,s2
2285,418,s3
2286,418,s5
2287,418,s7
2288,418,s9
2289,418,s10
2290,418,s11
2291,419,s1
2292,419,s11
2293,420,s1
2294,420,s2
2295,420,s3
2296,420,s5
2297,420,s2
2298,420,s3
2299,420,s5
2300,420,s7
2301,420,s9
2302,420,s10
2303,420,s11
2304,421,s1
2305,421,s2
2306,421,s3
2307,421,s4
2308,421,s4
2309,421,s4
2310,421,s5
2311,421,s2
2312,421,s3
2313,421,s3
2314,421,s4
2315,421,s4
2316,421,s4
2317,421,s5
2318,421,s2
2319,421,s3
2320,421,s3
2321,421,s3
2322,421,s11
2323,422,s1
2324,422,s2
2325,422,s3
2326,422,s4
2327,422,s4
2328,422,s3
2329,422,s11
2330,423,s1
2331,423,s2
2332,423,s3
2333,423,s4
2334,423,s3
2335,423,s3
2336,423,s5
2337,423,s7
2338,423,s9
2339,423,s10
2340,423,s11
2341,424,s1
2342,424,s11
2343,425,s1
2344,425,s11
2345,426,s1
2346,426,s2
2347,426,s11
2348,427,s1
2349,427,s2
2350,427,s3
2351,427,s4
2352,427,s3
2353,427,s3
2354,427,s4
2355,427,s5
2356,427,s7
2357,427,s9
2358,427,s10
2359,427,s2
2360,427,s11
2361,428,s1
2362,428,s2
2363,428,s3
2364,428,s11
2365,429,s1
2366,429,s2
2367,429,s3
2368,429,s5
2369,429,s7
2370,429,s9
2371,429,s8
2372,429,s9
2373,429,s10
2374,429,s11
2375,430,s1
2376,430,s11
2377,431,s1
2378,431,s2
2379,431,s3
2380,431,s3
2381,431,s11
2382,432,s1
2383,432,s11
2384,433,s1
2385,433,s2
2386,433,s11
2387,434,s1
2388,434,s2
2389,434,s3
2390,434,s4
2391,434,s4
2392,434,s3
2393,434,s5
2394,434,s7
2395,434,s9
2396,434,s10
2397,434,s11
2398,435,s1
2399,435,s2
2400,435,s3
2401,435,s5
2402,435,s2
2403,435,s3
2404,435,s11
2405,436,s1
2406,436,s2
2407,436,s3
2408,436,s4
2409,436,s4
2410,436,s5
2411,436,s2
2412,436,s3
2413,436,s4
2414,436,s3
2415,436,s5
2416,436,s2
2417,436,s3
2418,436,s5
2419,436,s7
2420,436,s9
2421,436,s10
2422,436,s2
2423,436,s3
2424,436,s4
2425,436,s5
2426,436,s7
2427,436,s9
2428,436,s10
2429,436,s11
2430,437,s1
2431,437,s2
2432,437,s3
2433,437,s5
2434,437,s7
2435,437,s9
2436,437,s10
2437,437,s11
2438,438,s1
2439,438,s11
2440,439,s1
2441,439,s11
2442,440,s1
2443,440,s2
2444,440,s3
2445,440,s4
2446,440,s3
2447,440,s3
2448,440,s4
2449,440,s5
2450,440,s2
2451,440,s3
2452,440,s5
2453,440,s7
2454,440,s9
2455,440,s10
2456,440,s11
2457,441,s1
2458,441,s11
2459,442,s1
2460,442,s2
2461,442,s3
2462,442,s3
2463,442,s4
2464,442,s3
2465,442,s11
2466,443,s1
2467,443,s11
2468,444,s1
2469,444,s2
2470,444,s3
2471,444,s5
2472,444,s2
2473,444,s11
2474,445,s1
2475,445,s11
2476,446,s1
2477,446,s11
2478,447,s1
2479,447,s11
2480,448,s1
2481,448,s11
2482,449,s1
2483,449,s2
2484,449,s3
2485,449,s5
2486,449,s2
2487,449,s3
2488,449,s4
2489,449,s3
2490,449,s11
2491,450,s1
2492,450,s2
2493,450,s11
2494,451,s1
2495,451,s11
2496,452,s1
2497,452,s11
2498,453,s1
2499,453,s11
2500,454,s1
2501,454,s2
2502,454,s11
2503,455,s1
2504,455,s11
2505,456,s1
2506,456,s2
2507,456,s3
2508,456,s5
2509,456,s7
2510,456,s9
2511,456,s10
2512,456,s11
2513,457,s1
2514,457,s11
2515,458,s1
2516,458,s2
2517,458,s3
2518,458,s5
2519,458,s7
2520,458,s9
2521,458,s10
2522,458,s11
2523,459,s1
2524,459,s2
2525,459,s11
2526,460,s1
2527,460,s11
2528,461,s1
2529,461,s2
2530,461,s3
2531,461,s4
2532,461,s4
2533,461,s5
2534,461,s7
2535,461,s9
2536,461,s10
2537,461,s11
2538,462,s1
2539,462,s2
2540,462,s3
2541,462,s4
2542,462,s4
2543,462,s5
2544,462,s7
2545,462,s9
2546,462,s10
2547,462,s11
2548,463,s1
2549,463,s2
2550,463,s3
2551,463,s3
2552,463,s3
2553,463,s5
2554,463,s2
2555,463,s11
2556,464,s1
2557,464,s2
2558,464,s3
2559,464,s5
2560,464,s7
2561,464,s9
2562,464,s10
2563,464,s2
2564,464,s3
2565,464,s5
2566,464,s7
2567,464,s9
2568,464,s10
2569,464,s11
2570,465,s1
2571,465,s2
2572,465,s3
2573,465,s3
2574,465,s4
2575,465,s5
2576,465,s7
2577,465,s9
2578,465,s10
2579,465,s11
2580,466,s1
2581,466,s2
2582,466,s3
2583,466,s5
2584,466,s7
2585,466,s9
2586,466,s10
2587,466,s11
2588,467,s1
2589,467,s2
2590,467,s3
2591,467,s11
2592,468,s1
2593,468,s11
2594,469,s1
2595,469,s11
2596,470,s1
2597,470,s2
2598,470,s11
2599,471,s1
2600,471,s11
2601,472,s1
2602,472,s2
2603,472,s3
2604,472,s4
2605,472,s3
2606,472,s11
2607,473,s1
2608,473,s2
2609,473,s3
2610,473,s3
2611,473,s4
2612,473,s11
2613,474,s1
2614,474,s2
2615,474,s3
2616,474,s4
2617,474,s5
2618,474,s6
2619,474,s11
2620,475,s1
2621,475,s2
2622,475,s3
2623,475,s4
2624,475,s4
2625,475,s5
2626,475,s7
2627,475,s9
2628,475,s8
2629,475,s11
2630,476,s1
2631,476,s2
2632,476,s3
2633,476,s11
2634,477,s1
2635,477,s2
2636,477,s11
2637,478,s1
2638,478,s11
2639,479,s1
2640,479,s2
2641,479,s3
2642,479,s4
2643,479,s5
2644,479,s7
2645,479,s9
2646,479,s10
2647,479,s11
2648,480,s1
2649,480,s11
2650,481,s1
2651,481,s11
2652,482,s1
2653,482,s2
2654,482,s3
2655,482,s11
2656,483,s1
2657,483,s2
2658,483,s3
2659,483,s3
2660,483,s11
2661,484,s1
2662,484,s11
2663,485,s1
2664,485,s2
2665,485,s3
2666,485,s4
2667,485,s5
2668,485,s2
2669,485,s11
2670,486,s1
2671,486,s11
2672,487,s1
2673,487,s11
2674,488,s1
2675,488,s11
2676,489,s1
2677,489,s2
2678,489,s3
2679,489,s5
2680,489,s7
2681,489,s9
2682,489,s10
2683,489,s11
2684,490,s1
2685,490,s11
2686,491,s1
2687,491,s11
2688,492,s1
2689,492,s2
2690,492,s3
2691,492,s11
2692,493,s1
2693,493,s11
2694,494,s1
2695,494,s2
2696,494,s3
2697,494,s4
2698,494,s5
2699,494,s2
2700,494,s3
2701,494,s4
2702,494,s5
2703,494,s7
2704,494,s9
2705,494,s10
2706,494,s11
2707,495,s1
2708,495,s11
2709,496,s1
2710,496,s11
2711,497,s1
2712,497,s11
2713,498,s1
2714,498,s11
2715,499,s1
2716,499,s11
2717,500,s1
2718,500,s2
2719,500,s3
2720,500,s3
2721,500,s4
2722,500,s4
2723,500,s5
2724,500,s7
2725,500,s9
2726,500,s10
2727,500,s2
2728,500,s3
2729,500,s5
2730,500,s7
2731,500,s9
2732,500,s10
2733,500,s11
2734,501,s1
2735,501,s2
2736,501,s3
2737,501,s5
2738,501,s2
2739,501,s3
2740,501,s5
2741,501,s7
2742,501,s9
2743,501,s10
2744,501,s11
2745,502,s1
2746,502,s11
2747,503,s1
2748,503,s11
2749,504,s1
2750,504,s2
2751,504,s3
2752,504,s3
2753,504,s5
2754,504,s2
2755,504,s3
2756,504,s4
2757,504,s3
2758,504,s3
2759,504,s4
2760,504,s3
2761,504,s4
2762,504,s4
2763,504,s5
2764,504,s7
2765,504,s6
2766,504,s11
2767,505,s1
2768,505,s2
2769,505,s3
2770,505,s4
2771,505,s5
2772,505,s7
2773,505,s9
2774,505,s8
2775,505,s9
2776,505,s10
2777,505,s11
2778,506,s1
2779,506,s2
2780,506,s3
2781,506,s4
2782,506,s5
2783,506,s7
2784,506,s9
2785,506,s10
2786,506,s11
2787,507,s1
2788,507,s2
2789,507,s3
2790,507,s3
2791,507,s4
2792,507,s5
2793,507,s7
2794,507,s9
2795,507,s10
2796,507,s11
2797,508,s1
2798,508,s2
2799,508,s3
2800,508,s3
2801,508,s4
2802,508,s5
2803,508,s7
2804,508,s9
2805,508,s10
2806,508,s11
2807,509,s1
2808,509,s2
2809,509,s3
2810,509,s4
2811,509,s11
2812,510,s1
2813,510,s2
2814,510,s11
2815,511,s1
2816,511,s2
2817,511,s11
2818,512,s1
2819,512,s2
2820,512,s3
2821,512,s4
2822,512,s3
2823,512,s4
2824,512,s3
2825,512,s11
2826,513,s1
2827,513,s11
2828,514,s1
2829,514,s2
2830,514,s3
2831,514,s11
2832,515,s1
2833,515,s2
2834,515,s11
2835,516,s1
2836,516,s2
2837,516,s11
2838,517,s1
2839,517,s2
2840,517,s3
2841,517,s5
2842,517,s7
2843,517,s9
2844,517,s10
2845,517,s2
2846,517,s3
2847,517,s4
2848,517,s5
2849,517,s7
2850,517,s9
2851,517,s10
2852,517,s11
2853,518,s1
2854,518,s11
2855,519,s1
2856,519,s11
2857,520,s1
2858,520,s11
2859,521,s1
2860,521,s2
2861,521,s3
2862,521,s4
2863,521,s11
2864,522,s1
2865,522,s11
2866,523,s1
2867,523,s2
2868,523,s3
2869,523,s3
2870,523,s5
2871,523,s7
2872,523,s6
2873,523,s11
2874,524,s1
2875,524,s2
2876,524,s3
2877,524,s4
2878,524,s3
2879,524,s11
2880,525,s1
2881,525,s2
2882,525,s3
2883,525,s11
2884,526,s1
2885,526,s2
2886,526,s3
2887,526,s5
2888,526,s7
2889,526,s9
2890,526,s10
2891,526,s11
2892,527,s1
2893,527,s2
2894,527,s3
2895,527,s4
2896,527,s3
2897,527,s5
2898,527,s7
2899,527,s9
2900,527,s10
2901,527,s11
2902,528,s1
2903,528,s11
2904,529,s1
2905,529,s2
2906,529,s3
2907,529,s3
2908,529,s4
2909,529,s5
2910,529,s7
2911,529,s9
2912,529,s10
2913,529,s11
2914,530,s1
2915,530,s2
2916,530,s3
2917,530,s5
2918,530,s7
2919,530,s9
2920,530,s10
2921,530,s11
2922,531,s1
2923,531,s2
2924,531,s3
2925,531,s5
2926,531,s7
2927,531,s9
2928,531,s10
2929,531,s2
2930,531,s3
2931,531,s5
2932,531,s7
2933,531,s9
2934,531,s10
2935,531,s11
2936,532,s1
2937,532,s2
2938,532,s3
2939,532,s4
2940,532,s5
2941,532,s2
2942,532,s11
2943,533,s1
2944,533,s2
2945,533,s3
2946,533,s11
2947,534,s1
2948,534,s2
2949,534,s11
2950,535,s1
2951,535,s2
2952,535,s3
2953,535,s5
2954,535,s7
2955,535,s9
2956,535,s10
2957,535,s11
2958,536,s1
2959,536,s2
2960,536,s3
2961,536,s3
2962,536,s11
2963,537,s1
2964,537,s2
2965,537,s3
2966,537,s5
2967,537,s2
2968,537,s3
2969,537,s5
2970,537,s7
2971,537,s9
2972,537,s10
2973,537,s11
2974,538,s1
2975,538,s2
2976,538,s3
2977,538,s5
2978,538,s7
2979,538,s9
2980,538,s10
2981,538,s2
2982,538,s3
2983,538,s5
2984,538,s7
2985,538,s9
2986,538,s10
2987,538,s11
2988,539,s1
2989,539,s11
2990,540,s1
2991,540,s2
2992,540,s11
2993,541,s1
2994,541,s2
2995,541,s11
2996,542,s1
2997,542,s2
2998,542,s3
2999,542,s4
3000,542,s5
3001,542,s2
3002,542,s3
3003,542,s4
3004,542,s4
3005,542,s3
3006,542,s4
3007,542,s11
3008,543,s1
3009,543,s2
3010,543,s11
3011,544,s1
3012,544,s11
3013,545,s1
3014,545,s2
3015,545,s11
3016,546,s1
3017,546,s2
3018,546,s3
3019,546,s3
3020,546,s11
3021,547,s1
3022,547,s2
3023,547,s3
3024,547,s4
3025,547,s5
3026,547,s2
3027,547,s11
3028,548,s1
3029,548,s2
3030,548,s11
3031,549,s1
3032,549,s11
3033,550,s1
3034,550,s2
3035,550,s3
3036,550,s4
3037,550,s11
3038,551,s1
3039,551,s11
3040,552,s1
3041,552,s2
3042,552,s11
3043,553,s1
3044,553,s2
3045,553,s11
3046,554,s1
3047,554,s2
3048,554,s3
3049,554,s3
3050,554,s5
3051,554,s7
3052,554,s9
3053,554,s10
3054,554,s11
3055,555,s1
3056,555,s11
3057,556,s1
3058,556,s2
3059,556,s3
3060,556,s11
3061,557,s1
3062,557,s2
3063,557,s3
3064,557,s4
3065,557,s3
3066,557,s4
3067,557,s4
3068,557,s5
3069,557,s7
3070,557,s9
3071,557,s10
3072,557,s11
3073,558,s1
3074,558,s2
3075,558,s3
3076,558,s5
3077,558,s2
3078,558,s3
3079,558,s5
3080,558,s7
3081,558,s9
3082,558,s10
3083,558,s11
3084,559,s1
3085,559,s11
3086,560,s1
3087,560,s2
3088,560,s3
3089,560,s5
3090,560,s7
3091,560,s9
3092,560,s10
3093,560,s11
3094,561,s1
3095,561,s11
3096,562,s1
3097,562,s2
3098,562,s3
3099,562,s11
3100,563,s1
3101,563,s2
3102,563,s11
3103,564,s1
3104,564,s11
3105,565,s1
3106,565,s11
3107,566,s1
3108,566,s11
3109,567,s1
3110,567,s11
3111,568,s1
3112,568,s2
3113,568,s3
3114,568,s3
3115,568,s5
3116,568,s7
3117,568,s9
3118,568,s10
3119,568,s11
3120,569,s1
3121,569,s2
3122,569,s3
3123,569,s3
3124,569,s5
3125,569,s2
3126,569,s3
3127,569,s4
3128,569,s11
3129,570,s1
3130,570,s2
3131,570,s3
3132,570,s3
3133,570,s3
3134,570,s11
3135,571,s1
3136,571,s11
3137,572,s1
3138,572,s2
3139,572,s3
3140,572,s5
3141,572,s6
3142,572,s11
3143,573,s1
3144,573,s2
3145,573,s3
3146,573,s4
3147,573,s5
3148,573,s7
3149,573,s9
3150,573,s10
3151,573,s11
3152,574,s1
3153,574,s2
3154,574,s3
3155,574,s11
3156,575,s1
3157,575,s2
3158,575,s3
3159,575,s5
3160,575,s7
3161,575,s9
3162,575,s10
3163,575,s11
3164,576,s1
3165,576,s11
3166,577,s1
3167,577,s11
3168,578,s1
3169,578,s2
3170,578,s3
3171,578,s4
3172,578,s3
3173,578,s3
3174,578,s4
3175,578,s3
3176,578,s11
3177,579,s1
3178,579,s11
3179,580,s1
3180,580,s2
3181,580,s11
3182,581,s1
3183,581,s2
3184,581,s3
3185,581,s4
3186,581,s11
3187,582,s1
3188,582,s2
3189,582,s3
3190,582,s5
3191,582,s7
3192,582,s9
3193,582,s10
3194,582,s11
3195,583,s1
3196,583,s11
3197,584,s1
3198,584,s11
3199,585,s1
3200,585,s2
3201,585,s3
3202,585,s5
3203,585,s7
3204,585,s9
3205,585,s10
3206,585,s2
3207,585,s3
3208,585,s4
3209,585,s4
3210,585,s5
3211,585,s7
3212,585,s9
3213,585,s10
3214,585,s11
3215,586,s1
3216,586,s2
3217,586,s3
3218,586,s3
3219,586,s5
3220,586,s7
3221,586,s9
3222,586,s10
3223,586,s2
3224,586,s3
3225,586,s5
3226,586,s7
3227,586,s9
3228,586,s10
3229,586,s2
3230,586,s3
3231,586,s5
3232,586,s7
3233,586,s9
3234,586,s10
3235,586,s11
3236,587,s1
3237,587,s11
3238,588,s1
3239,588,s2
3240,588,s3
3241,588,s5
3242,588,s2
3243,588,s3
3244,588,s11
3245,589,s1
3246,589,s11
3247,590,s1
3248,590,s11
3249,591,s1
3250,591,s2
3251,591,s3
3252,591,s4
3253,591,s5
3254,591,s7
3255,591,s9
3256,591,s10
3257,591,s11
3258,592,s1
3259,592,s11
3260,593,s1
3261,593,s2
3262,593,s3
3263,593,s11
3264,594,s1
3265,594,s11
3266,595,s1
3267,595,s11
3268,596,s1
3269,596,s11
3270,597,s1
3271,597,s2
3272,597,s3
3273,597,s4
3274,597,s11
3275,598,s1
3276,598,s2
3277,598,s3
3278,598,s11
3279,599,s1
3280,599,s2
3281,599,s3
3282,599,s5
3283,599,s7
3284,599,s6
3285,599,s11
3286,600,s1
3287,600,s11
3288,601,s1
3289,601,s2
3290,601,s3
3291,601,s5
3292,601,s7
3293,601,s9
3294,601,s10
3295,601,s11
3296,602,s1
3297,602,s2
3298,602,s3
3299,602,s4
3300,602,s5
3301,602,s7
3302,602,s9
3303,602,s10
3304,602,s11
3305,603,s1
3306,603,s11
3307,604,s1
3308,604,s11
3309,605,s1
3310,605,s11
3311,606,s1
3312,606,s2
3313,606,s11
3314,607,s1
3315,607,s11
3316,608,s1
3317,608,s2
3318,608,s3
3319,608,s4
3320,608,s3
3321,608,s3
3322,608,s11
3323,609,s1
3324,609,s11
3325,610,s1
3326,610,s2
3327,610,s11
3328,611,s1
3329,611,s11
3330,612,s1
3331,612,s2
3332,612,s3
3333,612,s4
3334,612,s4
3335,612,s4
3336,612,s3
3337,612,s4
3338,612,s3
3339,612,s4
3340,612,s3
3341,612,s4
3342,612,s11
3343,613,s1
3344,613,s2
3345,613,s3
3346,613,s4
3347,613,s3
3348,613,s5
3349,613,s7
3350,613,s9
3351,613,s10
3352,613,s11
3353,614,s1
3354,614,s11
3355,615,s1
3356,615,s2
3357,615,s3
3358,615,s4
3359,615,s3
3360,615,s3
3361,615,s3
3362,615,s3
3363,615,s5
3364,615,s7
3365,615,s9
3366,615,s10
3367,615,s2
3368,615,s11
3369,616,s1
3370,616,s2
3371,616,s3
3372,616,s5
3373,616,s7
3374,616,s6
3375,616,s11
3376,617,s1
3377,617,s11
3378,618,s1
3379,618,s2
3380,618,s11
3381,619,s1
3382,619,s2
3383,619,s3
3384,619,s5
3385,619,s2
3386,619,s3
3387,619,s4
3388,619,s4
3389,619,s4
3390,619,s5
3391,619,s2
3392,619,s3
3393,619,s11
3394,620,s1
3395,620,s2
3396,620,s3
3397,620,s3
3398,620,s11
3399,621,s1
3400,621,s11
3401,622,s1
3402,622,s11
3403,623,s1
3404,623,s2
3405,623,s3
3406,623,s5
3407,623,s7
3408,623,s9
3409,623,s8
3410,623,s11
3411,624,s1
3412,624,s2
3413,624,s3
3414,624,s3
3415,624,s4
3416,624,s3
3417,624,s11
3418,625,s1
3419,625,s11
3420,626,s1
3421,626,s2
3422,626,s3
3423,626,s4
3424,626,s4
3425,626,s3
3426,626,s4
3427,626,s5
3428,626,s7
3429,626,s9
3430,626,s10
3431,626,s11
3432,627,s1
3433,627,s11
3434,628,s1
3435,628,s2
3436,628,s3
3437,628,s3
3438,628,s3
3439,628,s3
3440,628,s4
3441,628,s5
3442,628,s7
3443,628,s9
3444,628,s10
3445,628,s11
3446,629,s1
3447,629,s11
3448,630,s1
3449,630,s11
3450,631,s1
3451,631,s11
3452,632,s1
3453,632,s11
3454,633,s1
3455,633,s11
3456,634,s1
3457,634,s2
3458,634,s11
3459,635,s1
3460,635,s2
3461,635,s3
3462,635,s4
3463,635,s5
3464,635,s7
3465,635,s9
3466,635,s10
3467,635,s11
3468,636,s1
3469,636,s2
3470,636,s3
3471,636,s4
3472,636,s5
3473,636,s7
3474,636,s9
3475,636,s10
3476,636,s11
3477,637,s1
3478,637,s11
3479,638,s1
3480,638,s2
3481,638,s11
3482,639,s1
3483,639,s2
3484,639,s3
3485,639,s5
3486,639,s7
3487,639,s9
3488,639,s10
3489,639,s2
3490,639,s3
3491,639,s4
3492,639,s11
3493,640,s1
3494,640,s2
3495,640,s11
3496,641,s1
3497,641,s11
3498,642,s1
3499,642,s2
3500,642,s3
3501,642,s5
3502,642,s7
3503,642,s9
3504,642,s10
3505,642,s11
3506,643,s1
3507,643,s11
3508,644,s1
3509,644,s11
3510,645,s1
3511,645,s2
3512,645,s3
3513,645,s11
3514,646,s1
3515,646,s2
3516,646,s3
3517,646,s5
3518,646,s7
3519,646,s8
3520,646,s9
3521,646,s10
3522,646,s11
3523,647,s1
3524,647,s11
3525,648,s1
3526,648,s2
3527,648,s3
3528,648,s5
3529,648,s7
3530,648,s9
3531,648,s10
3532,648,s11
3533,649,s1
3534,649,s11
3535,650,s1
3536,650,s11
3537,651,s1
3538,651,s2
3539,651,s3
3540,651,s3
3541,651,s4
3542,651,s11
3543,652,s1
3544,652,s11
3545,653,s1
3546,653,s2
3547,653,s3
3548,653,s5
3549,653,s7
3550,653,s9
3551,653,s10
3552,653,s11
3553,654,s1
3554,654,s2
3555,654,s3
3556,654,s4
3557,654,s3
3558,654,s4
3559,654,s5
3560,654,s6
3561,654,s11
3562,655,s1
3563,655,s11
3564,656,s1
3565,656,s2
3566,656,s3
3567,656,s4
3568,656,s11
3569,657,s1
3570,657,s2
3571,657,s3
3572,657,s4
3573,657,s3
3574,657,s5
3575,657,s7
3576,657,s9
3577,657,s10
3578,657,s11
3579,658,s1
3580,658,s2
3581,658,s3
3582,658,s11
3583,659,s1
3584,659,s2
3585,659,s3
3586,659,s4
3587,659,s3
3588,659,s4
3589,659,s11
3590,660,s1
3591,660,s11
3592,661,s1
3593,661,s11
3594,662,s1
3595,662,s2
3596,662,s3
3597,662,s4
3598,662,s5
3599,662,s7
3600,662,s9
3601,662,s10
3602,662,s11
3603,663,s1
3604,663,s11
3605,664,s1
3606,664,s2
3607,664,s3
3608,664,s11
3609,665,s1
3610,665,s2
3611,665,s3
3612,665,s3
3613,665,s4
3614,665,s3
3615,665,s3
3616,665,s11
3617,666,s1
3618,666,s2
3619,666,s3
3620,666,s4
3621,666,s3
3622,666,s11
3623,667,s1
3624,667,s11
3625,668,s1
3626,668,s11
3627,669,s1
3628,669,s11
3629,670,s1
3630,670,s2
3631,670,s3
3632,670,s5
3633,670,s7
3634,670,s9
3635,670,s10
3636,670,s11
3637,671,s1
3638,671,s2
3639,671,s3
3640,671,s4
3641,671,s5
3642,671,s2
3643,671,s3
3644,671,s5
3645,671,s7
3646,671,s8
3647,671,s9
3648,671,s10
3649,671,s11
3650,672,s1
3651,672,s2
3652,672,s3
3653,672,s5
3654,672,s7
3655,672,s9
3656,672,s10
3657,672,s11
3658,673,s1
3659,673,s11
3660,674,s1
3661,674,s11
3662,675,s1
3663,675,s2
3664,675,s3
3665,675,s5
3666,675,s2
3667,675,s3
3668,675,s5
3669,675,s7
3670,675,s9
3671,675,s10
3672,675,s11
3673,676,s1
3674,676,s2
3675,676,s3
3676,676,s5
3677,676,s2
3678,676,s3
3679,676,s5
3680,676,s7
3681,676,s9
3682,676,s10
3683,676,s11
3684,677,s1
3685,677,s11
3686,678,s1
3687,678,s11
3688,679,s1
3689,679,s2
3690,679,s11
3691,680,s1
3692,680,s11
3693,681,s1
3694,681,s2
3695,681,s3
3696,681,s4
3697,681,s3
3698,681,s5
3699,681,s7
3700,681,s9
3701,681,s10
3702,681,s11
3703,682,s1
3704,682,s2
3705,682,s3
3706,682,s4
3707,682,s5
3708,682,s7
3709,682,s6
3710,682,s11
3711,683,s1
3712,683,s11
3713,684,s1
3714,684,s2
3715,684,s3
3716,684,s11
3717,685,s1
3718,685,s2
3719,685,s3
3720,685,s4
3721,685,s3
3722,685,s11
3723,686,s1
3724,686,s2
3725,686,s3
3726,686,s5
3727,686,s2
3728,686,s3
3729,686,s5
3730,686,s2
3731,686,s3
3732,686,s4
3733,686,s5
3734,686,s7
3735,686,s9
3736,686,s10
3737,686,s11
3738,687,s1
3739,687,s2
3740,687,s11
3741,688,s1
3742,688,s11
3743,689,s1
3744,689,s2
3745,689,s3
3746,689,s5
3747,689,s7
3748,689,s9
3749,689,s10
3750,689,s11
3751,690,s1
3752,690,s2
3753,690,s3
3754,690,s11
3755,691,s1
3756,691,s2
3757,691,s3
3758,691,s3
3759,691,s4
3760,691,s5
3761,691,s7
3762,691,s9
3763,691,s10
3764,691,s2
3765,691,s3
3766,691,s4
3767,691,s3
3768,691,s4
3769,691,s5
3770,691,s7
3771,691,s6
3772,691,s11
3773,692,s1
3774,692,s2
3775,692,s3
3776,692,s3
3777,692,s11
3778,693,s1
3779,693,s11
3780,694,s1
3781,694,s11
3782,695,s1
3783,695,s11
3784,696,s1
3785,696,s2
3786,696,s3
3787,696,s5
3788,696,s7
3789,696,s9
3790,696,s10
3791,696,s11
3792,697,s1
3793,697,s2
3794,697,s3
3795,697,s5
3796,697,s7
3797,697,s9
3798,697,s10
3799,697,s11
3800,698,s1
3801,698,s2
3802,698,s3
3803,698,s4
3804,698,s4
3805,698,s3
3806,698,s4
3807,698,s3
3808,698,s11
3809,699,s1
3810,699,s11
3811,700,s1
3812,700,s2
3813,700,s3
3814,700,s5
3815,700,s7
3816,700,s9
3817,700,s10
3818,700,s11
3819,701,s1
3820,701,s2
3821,701,s3
3822,701,s3
3823,701,s5
3824,701,s7
3825,701,s9
3826,701,s10
3827,701,s11
3828,702,s1
3829,702,s11
3830,703,s1
3831,703,s11
3832,704,s1
3833,704,s11
3834,705,s1
3835,705,s2
3836,705,s3
3837,705,s5
3838,705,s7
3839,705,s9
3840,705,s10
3841,705,s2
3842,705,s3
3843,705,s3
3844,705,s5
3845,705,s7
3846,705,s8
3847,705,s9
3848,705,s10
3849,705,s11
3850,706,s1
3851,706,s2
3852,706,s3
3853,706,s3
3854,706,s4
3855,706,s3
3856,706,s11
3857,707,s1
3858,707,s2
3859,707,s3
3860,707,s3
3861,707,s11
3862,708,s1
3863,708,s11
3864,709,s1
3865,709,s11
3866,710,s1
3867,710,s2
3868,710,s3
3869,710,s3
3870,710,s4
3871,710,s11
3872,711,s1
3873,711,s11
3874,712,s1
3875,712,s2
3876,712,s3
3877,712,s11
3878,713,s1
3879,713,s2
3880,713,s3
3881,713,s5
3882,713,s7
3883,713,s6
3884,713,s11
3885,714,s1
3886,714,s2
3887,714,s3
3888,714,s11
3889,715,s1
3890,715,s2
3891,715,s3
3892,715,s3
3893,715,s5
3894,715,s7
3895,715,s9
3896,715,s10
3897,715,s11
3898,716,s1
3899,716,s2
3900,716,s3
3901,716,s3
3902,716,s4
3903,716,s5
3904,716,s7
3905,716,s9
3906,716,s10
3907,716,s11
3908,717,s1
3909,717,s11
3910,718,s1
3911,718,s11
3912,719,s1
3913,719,s11
3914,720,s1
3915,720,s2
3916,720,s3
3917,720,s11
3918,721,s1
3919,721,s2
3920,721,s3
3921,721,s5
3922,721,s2
3923,721,s3
3924,721,s11
3925,722,s1
3926,722,s11
3927,723,s1
3928,723,s2
3929,723,s3
3930,723,s3
3931,723,s3
3932,723,s4
3933,723,s5
3934,723,s2
3935,723,s3
3936,723,s4
3937,723,s5
3938,723,s2
3939,723,s3
3940,723,s4
3941,723,s5
3942,723,s7
3943,723,s8
3944,723,s9
3945,723,s10
3946,723,s11
3947,724,s1
3948,724,s2
3949,724,s3
3950,724,s3
3951,724,s5
3952,724,s7
3953,724,s9
3954,724,s10
3955,724,s2
3956,724,s3
3957,724,s3
3958,724,s5
3959,724,s7
3960,724,s6
3961,724,s11
3962,725,s1
3963,725,s2
3964,725,s3
3965,725,s3
3966,725,s4
3967,725,s3
3968,725,s3
3969,725,s11
3970,726,s1
3971,726,s11
3972,727,s1
3973,727,s11
3974,728,s1
3975,728,s11
3976,729,s1
3977,729,s2
3978,729,s3
3979,729,s5
3980,729,s2
3981,729,s3
3982,729,s4
3983,729,s3
3984,729,s3
3985,729,s4
3986,729,s5
3987,729,s7
3988,729,s9
3989,729,s10
3990,729,s11
3991,730,s1
3992,730,s2
3993,730,s3
3994,730,s4
3995,730,s4
3996,730,s11
3997,731,s1
3998,731,s2
3999,731,s3
4000,731,s4
4001,731,s3
4002,731,s5
4003,731,s7
4004,731,s9
4005,731,s10
4006,731,s11
4007,732,s1
4008,732,s11
4009,733,s1
4010,733,s2
4011,733,s3
4012,733,s5
4013,733,s7
4014,733,s6
4015,733,s11
4016,734,s1
4017,734,s2
4018,734,s3
4019,734,s5
4020,734,s7
4021,734,s9
4022,734,s10
4023,734,s11
4024,735,s1
4025,735,s2
4026,735,s3
4027,735,s3
4028,735,s4
4029,735,s5
4030,735,s7
4031,735,s9
4032,735,s10
4033,735,s11
4034,736,s1
4035,736,s2
4036,736,s3
4037,736,s5
4038,736,s2
4039,736,s3
4040,736,s11
4041,737,s1
4042,737,s11
4043,738,s1
4044,738,s2
4045,738,s3
4046,738,s5
4047,738,s7
4048,738,s9
4049,738,s8
4050,738,s11
4051,739,s1
4052,739,s11
4053,740,s1
4054,740,s2
4055,740,s3
4056,740,s4
4057,740,s11
4058,741,s1
4059,741,s11
4060,742,s1
4061,742,s2
4062,742,s3
4063,742,s5
4064,742,s7
4065,742,s9
4066,742,s10
4067,742,s11
4068,743,s1
4069,743,s11
4070,744,s1
4071,744,s2
4072,744,s3
4073,744,s5
4074,744,s7
4075,744,s9
4076,744,s10
4077,744,s11
4078,745,s1
4079,745,s2
4080,745,s3
4081,745,s4
4082,745,s4
4083,745,s4
4084,745,s4
4085,745,s3
4086,745,s4
4087,745,s4
4088,745,s3
4089,745,s5
4090,745,s7
4091,745,s9
4092,745,s10
4093,745,s11
4094,746,s1
4095,746,s2
4096,746,s3
4097,746,s5
4098,746,s2
4099,746,s3
4100,746,s4
4101,746,s5
4102,746,s7
4103,746,s9
4104,746,s10
4105,746,s11
4106,747,s1
4107,747,s11
4108,748,s1
4109,748,s11
4110,749,s1
4111,749,s11
4112,750,s1
4113,750,s11
4114,751,s1
4115,751,s2
4116,751,s3
4117,751,s4
4118,751,s5
4119,751,s7
4120,751,s9
4121,751,s10
4122,751,s11
4123,752,s1
4124,752,s2
4125,752,s3
4126,752,s4
4127,752,s3
4128,752,s4
4129,752,s4
4130,752,s5
4131,752,s7
4132,752,s9
4133,752,s10
4134,752,s11
4135,753,s1
4136,753,s2
4137,753,s3
4138,753,s11
4139,754,s1
4140,754,s11
4141,755,s1
4142,755,s2
4143,755,s3
4144,755,s5
4145,755,s7
4146,755,s9
4147,755,s10
4148,755,s2
4149,755,s3
4150,755,s11
4151,756,s1
4152,756,s2
4153,756,s3
4154,756,s4
4155,756,s4
4156,756,s3
4157,756,s11
4158,757,s1
4159,757,s2
4160,757,s3
4161,757,s4
4162,757,s5
4163,757,s7
4164,757,s8
4165,757,s9
4166,757,s8
4167,757,s11
4168,758,s1
4169,758,s2
4170,758,s11
4171,759,s1
4172,759,s11
4173,760,s1
4174,760,s11
4175,761,s1
4176,761,s2
4177,761,s3
4178,761,s5
4179,761,s2
4180,761,s3
4181,761,s11
4182,762,s1
4183,762,s2
4184,762,s3
4185,762,s4
4186,762,s5
4187,762,s7
4188,762,s6
4189,762,s11
4190,763,s1
4191,763,s11
4192,764,s1
4193,764,s2
4194,764,s3
4195,764,s4
4196,764,s5
4197,764,s2
4198,764,s3
4199,764,s3
4200,764,s3
4201,764,s4
4202,764,s5
4203,764,s7
4204,764,s9
4205,764,s10
4206,764,s2
4207,764,s3
4208,764,s5
4209,764,s6
4210,764,s11
4211,765,s1
4212,765,s11
4213,766,s1
4214,766,s2
4215,766,s3
4216,766,s11
4217,767,s1
4218,767,s11
4219,768,s1
4220,768,s2
4221,768,s3
4222,768,s3
4223,768,s5
4224,768,s7
4225,768,s9
4226,768,s10
4227,768,s11
4228,769,s1
4229,769,s2
4230,769,s3
4231,769,s3
4232,769,s4
4233,769,s4
4234,769,s3
4235,769,s3
4236,769,s4
4237,769,s5
4238,769,s7
4239,769,s9
4240,769,s10
4241,769,s11
4242,770,s1
4243,770,s2
4244,770,s3
4245,770,s3
4246,770,s11
4247,771,s1
4248,771,s11
4249,772,s1
4250,772,s11
4251,773,s1
4252,773,s11
4253,774,s1
4254,774,s2
4255,774,s3
4256,774,s4
4257,774,s3
4258,774,s4
4259,774,s3
4260,774,s3
4261,774,s3
4262,774,s5
4263,774,s7
4264,774,s9
4265,774,s10
4266,774,s11
4267,775,s1
4268,775,s11
4269,776,s1
4270,776,s2
4271,776,s3
4272,776,s3
4273,776,s5
4274,776,s7
4275,776,s9
4276,776,s10
4277,776,s11
4278,777,s1
4279,777,s11
4280,778,s1
4281,778,s11
4282,779,s1
4283,779,s11
4284,780,s1
4285,780,s2
4286,780,s3
4287,780,s3
4288,780,s4
4289,780,s5
4290,780,s2
4291,780,s3
4292,780,s3
4293,780,s5
4294,780,s7
4295,780,s9
4296,780,s8
4297,780,s9
4298,780,s10
4299,780,s11
4300,781,s1
4301,781,s2
4302,781,s3
4303,781,s4
4304,781,s3
4305,781,s3
4306,781,s11
4307,782,s1
4308,782,s11
4309,783,s1
4310,783,s11
4311,784,s1
4312,784,s11
4313,785,s1
4314,785,s11
4315,786,s1
4316,786,s11
4317,787,s1
4318,787,s2
4319,787,s3
4320,787,s3
4321,787,s4
4322,787,s11
4323,788,s1
4324,788,s11
4325,789,s1
4326,789,s11
4327,790,s1
4328,790,s11
4329,791,s1
4330,791,s2
4331,791,s3
4332,791,s4
4333,791,s3
4334,791,s4
4335,791,s5
4336,791,s7
4337,791,s9
4338,791,s10
4339,791,s11
4340,792,s1
4341,792,s11
4342,793,s1
4343,793,s11
4344,794,s1
4345,794,s2
4346,794,s3
4347,794,s5
4348,794,s7
4349,794,s9
4350,794,s10
4351,794,s11
4352,795,s1
4353,795,s11
4354,796,s1
4355,796,s2
4356,796,s3
4357,796,s5
4358,796,s7
4359,796,s9
4360,796,s10
4361,796,s11
4362,797,s1
4363,797,s11
4364,798,s1
4365,798,s2
4366,798,s3
4367,798,s4
4368,798,s5
4369,798,s7
4370,798,s9
4371,798,s10
4372,798,s2
4373,798,s11
4374,799,s1
4375,799,s11
4376,800,s1
4377,800,s2
4378,800,s3
4379,800,s3
4380,800,s4
4381,800,s4
4382,800,s11
4383,801,s1
4384,801,s11
4385,802,s1
4386,802,s11
4387,803,s1
4388,803,s11
4389,804,s1
4390,804,s2
4391,804,s3
4392,804,s4
4393,804,s4
4394,804,s5
4395,804,s7
4396,804,s9
4397,804,s10
4398,804,s11
4399,805,s1
4400,805,s2
4401,805,s3
4402,805,s5
4403,805,s7
4404,805,s6
4405,805,s11
4406,806,s1
4407,806,s2
4408,806,s3
4409,806,s3
4410,806,s3
4411,806,s4
4412,806,s5
4413,806,s7
4414,806,s9
4415,806,s10
4416,806,s2
4417,806,s3
4418,806,s5
4419,806,s7
4420,806,s9
4421,806,s10
4422,806,s11
4423,807,s1
4424,807,s11
4425,808,s1
4426,808,s2
4427,808,s3
4428,808,s4
4429,808,s4
4430,808,s3
4431,808,s3
4432,808,s5
4433,808,s7
4434,808,s9
4435,808,s10
4436,808,s11
4437,809,s1
4438,809,s2
4439,809,s3
4440,809,s3
4441,809,s3
4442,809,s3
4443,809,s5
4444,809,s7
4445,809,s9
4446,809,s10
4447,809,s11
4448,810,s1
4449,810,s2
4450,810,s3
4451,810,s3
4452,810,s5
4453,810,s7
4454,810,s9
4455,810,s10
4456,810,s11
4457,811,s1
4458,811,s2
4459,811,s3
4460,811,s11
4461,812,s1
4462,812,s2
4463,812,s3
4464,812,s11
4465,813,s1
4466,813,s11
4467,814,s1
4468,814,s2
4469,814,s3
4470,814,s3
4471,814,s5
4472,814,s7
4473,814,s9
4474,814,s10
4475,814,s11
4476,815,s1
4477,815,s2
4478,815,s3
4479,815,s3
4480,815,s3
4481,815,s5
4482,815,s7
4483,815,s9
4484,815,s10
4485,815,s11
4486,816,s1
4487,816,s11
4488,817,s1
4489,817,s11
4490,818,s1
4491,818,s2
4492,818,s3
4493,818,s11
4494,819,s1
4495,819,s2
4496,819,s11
4497,820,s1
4498,820,s2
4499,820,s3
4500,820,s11
4501,821,s1
4502,821,s11
4503,822,s1
4504,822,s2
4505,822,s3
4506,822,s3
4507,822,s3
4508,822,s3
4509,822,s4
4510,822,s11
4511,823,s1
4512,823,s11
4513,824,s1
4514,824,s2
4515,824,s11
4516,825,s1
4517,825,s11
4518,826,s1
4519,826,s2
4520,826,s3
4521,826,s11
4522,827,s1
4523,827,s2
4524,827,s3
4525,827,s3
4526,827,s11
4527,828,s1
4528,828,s11
4529,829,s1
4530,829,s11
4531,830,s1
4532,830,s11
4533,831,s1
4534,831,s11
4535,832,s1
4536,832,s2
4537,832,s11
4538,833,s1
4539,833,s2
4540,833,s3
4541,833,s3
4542,833,s11
4543,834,s1
4544,834,s11
4545,835,s1
4546,835,s2
4547,835,s3
4548,835,s11
4549,836,s1
4550,836,s2
4551,836,s3
4552,836,s4
4553,836,s4
4554,836,s3
4555,836,s5
4556,836,s2
4557,836,s11
4558,837,s1
4559,837,s2
4560,837,s11
4561,838,s1
4562,838,s2
4563,838,s3
4564,838,s3
4565,838,s4
4566,838,s5
4567,838,s7
4568,838,s9
4569,838,s10
4570,838,s2
4571,838,s11
4572,839,s1
4573,839,s11
4574,840,s1
4575,840,s11
4576,841,s1
4577,841,s11
4578,842,s1
4579,842,s2
4580,842,s3
4581,842,s3
4582,842,s11
4583,843,s1
4584,843,s2
4585,843,s3
4586,843,s4
4587,843,s4
4588,843,s3
4589,843,s3
4590,843,s4
4591,843,s5
4592,843,s7
4593,843,s9
4594,843,s10
4595,843,s11
4596,844,s1
4597,844,s2
4598,844,s11
4599,845,s1
4600,845,s2
4601,845,s3
4602,845,s4
4603,845,s5
4604,845,s7
4605,845,s9
4606,845,s10
4607,845,s11
4608,846,s1
4609,846,s2
4610,846,s3
4611,846,s11
4612,847,s1
4613,847,s2
4614,847,s3
4615,847,s11
4616,848,s1
4617,848,s2
4618,848,s11
4619,849,s1
4620,849,s2
4621,849,s11
4622,850,s1
4623,850,s11
4624,851,s1
4625,851,s11
4626,852,s1
4627,852,s2
4628,852,s3
4629,852,s11
4630,853,s1
4631,853,s2
4632,853,s3
4633,853,s4
4634,853,s5
4635,853,s7
4636,853,s8
4637,853,s9
4638,853,s10
4639,853,s11
4640,854,s1
4641,854,s2
4642,854,s3
4643,854,s5
4644,854,s7
4645,854,s9
4646,854,s10
4647,854,s2
4648,854,s3
4649,854,s4
4650,854,s3
4651,854,s5
4652,854,s6
4653,854,s11
4654,855,s1
4655,855,s2
4656,855,s3
4657,855,s4
4658,855,s5
4659,855,s7
4660,855,s9
4661,855,s10
4662,855,s11
4663,856,s1
4664,856,s2
4665,856,s3
4666,856,s4
4667,856,s11
4668,857,s1
4669,857,s2
4670,857,s3
4671,857,s11
4672,858,s1
4673,858,s11
4674,859,s1
4675,859,s11
4676,860,s1
4677,860,s2
4678,860,s3
4679,860,s4
4680,860,s5
4681,860,s7
4682,860,s9
4683,860,s10
4684,860,s11
4685,861,s1
4686,861,s2
4687,861,s3
4688,861,s4
4689,861,s4
4690,861,s4
4691,861,s11
4692,862,s1
4693,862,s2
4694,862,s3
4695,862,s5
4696,862,s2
4697,862,s3
4698,862,s3
4699,862,s5
4700,862,s7
4701,862,s9
4702,862,s10
4703,862,s2
4704,862,s3
4705,862,s3
4706,862,s11
4707,863,s1
4708,863,s2
4709,863,s3
4710,863,s4
4711,863,s11
4712,864,s1
4713,864,s2
4714,864,s3
4715,864,s4
4716,864,s11
4717,865,s1
4718,865,s11
4719,866,s1
4720,866,s11
4721,867,s1
4722,867,s2
4723,867,s3
4724,867,s5
4725,867,s7
4726,867,s9
4727,867,s10
4728,867,s11
4729,868,s1
4730,868,s2
4731,868,s3
4732,868,s3
4733,868,s5
4734,868,s7
4735,868,s9
4736,868,s10
4737,868,s11
4738,869,s1
4739,869,s11
4740,870,s1
4741,870,s11
4742,871,s1
4743,871,s11
4744,872,s1
4745,872,s11
4746,873,s1
4747,873,s11
4748,874,s1
4749,874,s11
4750,875,s1
4751,875,s2
4752,875,s3
4753,875,s3
4754,875,s4
4755,875,s5
4756,875,s7
4757,875,s9
4758,875,s10
4759,875,s11
4760,876,s1
4761,876,s11
4762,877,s1
4763,877,s11
4764,878,s1
4765,878,s11
4766,879,s1
4767,879,s2
4768,879,s3
4769,879,s3
4770,879,s3
4771,879,s5
4772,879,s7
4773,879,s9
4774,879,s10
4775,879,s11
4776,880,s1
4777,880,s11
4778,881,s1
4779,881,s2
4780,881,s3
4781,881,s11
4782,882,s1
4783,882,s2
4784,882,s3
4785,882,s4
4786,882,s3
4787,882,s5
4788,882,s2
4789,882,s3
4790,882,s3
4791,882,s5
4792,882,s2
4793,882,s3
4794,882,s5
4795,882,s2
4796,882,s3
4797,882,s3
4798,882,s3
4799,882,s5
4800,882,s7
4801,882,s9
4802,882,s10
4803,882,s11
4804,883,s1
4805,883,s2
4806,883,s3
4807,883,s11
4808,884,s1
4809,884,s11
4810,885,s1
4811,885,s2
4812,885,s3
4813,885,s3
4814,885,s11
4815,886,s1
4816,886,s2
4817,886,s3
4818,886,s5
4819,886,s7
4820,886,s9
4821,886,s10
4822,886,s11
4823,887,s1
4824,887,s11
4825,888,s1
4826,888,s11
4827,889,s1
4828,889,s11
4829,890,s1
4830,890,s2
4831,890,s11
4832,891,s1
4833,891,s2
4834,891,s3
4835,891,s5
4836,891,s7
4837,891,s8
4838,891,s9
4839,891,s10
4840,891,s11
4841,892,s1
4842,892,s11
4843,893,s1
4844,893,s11
4845,894,s1
4846,894,s11
4847,895,s1
4848,895,s11
4849,896,s1
4850,896,s2
4851,896,s3
4852,896,s4
4853,896,s5
4854,896,s2
4855,896,s11
4856,897,s1
4857,897,s2
4858,897,s3
4859,897,s5
4860,897,s7
4861,897,s9
4862,897,s10
4863,897,s11
4864,898,s1
4865,898,s11
4866,899,s1
4867,899,s2
4868,899,s3
4869,899,s4
4870,899,s5
4871,899,s7
4872,899,s9
4873,899,s10
4874,899,s11
4875,900,s1
4876,900,s2
4877,900,s3
4878,900,s5
4879,900,s7
4880,900,s9
4881,900,s10
4882,900,s11
4883,901,s1
4884,901,s11
4885,902,s1
4886,902,s11
4887,903,s1
4888,903,s11
4889,904,s1
4890,904,s11
4891,905,s1
4892,905,s11
4893,906,s1
4894,906,s2
4895,906,s3
4896,906,s4
4897,906,s3
4898,906,s3
4899,906,s3
4900,906,s3
4901,906,s3
4902,906,s5
4903,906,s7
4904,906,s9
4905,906,s10
4906,906,s11
4907,907,s1
4908,907,s2
4909,907,s3
4910,907,s5
4911,907,s7
4912,907,s9
4913,907,s8
4914,907,s9
4915,907,s10
4916,907,s11
4917,908,s1
4918,908,s11
4919,909,s1
4920,909,s11
4921,910,s1
4922,910,s2
4923,910,s3
4924,910,s5
4925,910,s7
4926,910,s9
4927,910,s10
4928,910,s11
4929,911,s1
4930,911,s2
4931,911,s3
4932,911,s5
4933,911,s7
4934,911,s9
4935,911,s10
4936,911,s2
4937,911,s3
4938,911,s4
4939,911,s11
4940,912,s1
4941,912,s2
4942,912,s3
4943,912,s4
4944,912,s5
4945,912,s2
4946,912,s3
4947,912,s3
4948,912,s11
4949,913,s1
4950,913,s11
4951,914,s1
4952,914,s11
4953,915,s1
4954,915,s11
4955,916,s1
4956,916,s2
4957,916,s3
4958,916,s11
4959,917,s1
4960,917,s2
4961,917,s3
4962,917,s11
4963,918,s1
4964,918,s11
4965,919,s1
4966,919,s2
4967,919,s3
4968,919,s11
4969,920,s1
4970,920,s2
4971,920,s3
4972,920,s4
4973,920,s5
4974,920,s7
4975,920,s9
4976,920,s10
4977,920,s11
4978,921,s1
4979,921,s2
4980,921,s3
4981,921,s5
4982,921,s7
4983,921,s9
4984,921,s10
4985,921,s11
4986,922,s1
4987,922,s2
4988,922,s3
4989,922,s3
4990,922,s3
4991,922,s4
4992,922,s11
4993,923,s1
4994,923,s2
4995,923,s3
4996,923,s4
4997,923,s4
4998,923,s11
4999,924,s1
5000,924,s2
5001,924,s3
5002,924,s3
5003,924,s5
5004,924,s7
5005,924,s9
5006,924,s10
5007,924,s2
5008,924,s3
5009,924,s3
5010,924,s3
5011,924,s3
5012,924,s4
5013,924,s5
5014,924,s7
5015,924,s9
5016,924,s10
5017,924,s11
5018,925,s1
5019,925,s11
5020,926,s1
5021,926,s2
5022,926,s3
5023,926,s3
5024,926,s3
5025,926,s3
5026,926,s5
5027,926,s7
5028,926,s9
5029,926,s10
5030,926,s11
5031,927,s1
5032,927,s11
5033,928,s1
5034,928,s11
5035,929,s1
5036,929,s11
5037,930,s1
5038,930,s11
5039,931,s1
5040,931,s2
5041,931,s3
5042,931,s5
5043,931,s7
5044,931,s9
5045,931,s10
5046,931,s11
5047,932,s1
5048,932,s11
5049,933,s1
5050,933,s2
5051,933,s3
5052,933,s5
5053,933,s2
5054,933,s3
5055,933,s4
5056,933,s3
5057,933,s5
5058,933,s7
5059,933,s8
5060,933,s9
5061,933,s10
5062,933,s2
5063,933,s11
5064,934,s1
5065,934,s2
5066,934,s3
5067,934,s3
5068,934,s5
5069,934,s2
5070,934,s3
5071,934,s3
5072,934,s11
5073,935,s1
5074,935,s11
5075,936,s1
5076,936,s11
5077,937,s1
5078,937,s2
5079,937,s3
5080,937,s4
5081,937,s11
5082,938,s1
5083,938,s2
5084,938,s3
5085,938,s5
5086,938,s7
5087,938,s9
5088,938,s10
5089,938,s11
5090,939,s1
5091,939,s11
5092,940,s1
5093,940,s11
5094,941,s1
5095,941,s2
5096,941,s3
5097,941,s5
5098,941,s7
5099,941,s9
5100,941,s10
5101,941,s2
5102,941,s3
5103,941,s11
5104,942,s1
5105,942,s2
5106,942,s3
5107,942,s4
5108,942,s5
5109,942,s7
5110,942,s9
5111,942,s10
5112,942,s11
5113,943,s1
5114,943,s2
5115,943,s3
5116,943,s11
5117,944,s1
5118,944,s2
5119,944,s11
5120,945,s1
5121,945,s2
5122,945,s3
5123,945,s4
5124,945,s3
5125,945,s5
5126,945,s7
5127,945,s9
5128,945,s10
5129,945,s11
5130,946,s1
5131,946,s11
5132,947,s1
5133,947,s11
5134,948,s1
5135,948,s11
5136,949,s1
5137,949,s11
5138,950,s1
5139,950,s2
5140,950,s3
5141,950,s4
5142,950,s3
5143,950,s5
5144,950,s7
5145,950,s9
5146,950,s10
5147,950,s11
5148,951,s1
5149,951,s2
5150,951,s3
5151,951,s3
5152,951,s5
5153,951,s7
5154,951,s9
5155,951,s10
5156,951,s2
5157,951,s3
5158,951,s4
5159,951,s11
5160,952,s1
5161,952,s11
5162,953,s1
5163,953,s2
5164,953,s3
5165,953,s3
5166,953,s11
5167,954,s1
5168,954,s2
5169,954,s3
5170,954,s5
5171,954,s7
5172,954,s9
5173,954,s10
5174,954,s2
5175,954,s3
5176,954,s4
5177,954,s4
5178,954,s11
5179,955,s1
5180,955,s2
5181,955,s3
5182,955,s4
5183,955,s3
5184,955,s11
5185,956,s1
5186,956,s11
5187,957,s1
5188,957,s2
5189,957,s3
5190,957,s11
5191,958,s1
5192,958,s2
5193,958,s3
5194,958,s4
5195,958,s4
5196,958,s4
5197,958,s5
5198,958,s7
5199,958,s6
5200,958,s11
5201,959,s1
5202,959,s2
5203,959,s3
5204,959,s5
5205,959,s7
5206,959,s9
5207,959,s10
5208,959,s11
5209,960,s1
5210,960,s11
5211,961,s1
5212,961,s2
5213,961,s3
5214,961,s4
5215,961,s4
5216,961,s4
5217,961,s5
5218,961,s7
5219,961,s9
5220,961,s10
5221,961,s11
5222,962,s1
5223,962,s2
5224,962,s3
5225,962,s11
5226,963,s1
5227,963,s11
5228,964,s1
5229,964,s2
5230,964,s3
5231,964,s4
5232,964,s5
5233,964,s7
5234,964,s9
5235,964,s10
5236,964,s11
5237,965,s1
5238,965,s2
5239,965,s3
5240,965,s3
5241,965,s5
5242,965,s7
5243,965,s9
5244,965,s10
5245,965,s11
5246,966,s1
5247,966,s2
5248,966,s11
5249,967,s1
5250,967,s11
5251,968,s1
5252,968,s2
5253,968,s3
5254,968,s3
5255,968,s4
5256,968,s11
5257,969,s1
5258,969,s2
5259,969,s11
5260,970,s1
5261,970,s11
5262,971,s1
5263,971,s2
5264,971,s3
5265,971,s4
5266,971,s11
5267,972,s1
5268,972,s11
5269,973,s1
5270,973,s11
5271,974,s1
5272,974,s2
5273,974,s3
5274,974,s4
5275,974,s11
5276,975,s1
5277,975,s11
5278,976,s1
5279,976,s11
5280,977,s1
5281,977,s11
5282,978,s1
5283,978,s2
5284,978,s3
5285,978,s4
5286,978,s5
5287,978,s7
5288,978,s9
5289,978,s10
5290,978,s11
5291,979,s1
5292,979,s2
5293,979,s3
5294,979,s3
5295,979,s11
5296,980,s1
5297,980,s11
5298,981,s1
5299,981,s2
5300,981,s3
5301,981,s5
5302,981,s2
5303,981,s3
5304,981,s5
5305,981,s2
5306,981,s3
5307,981,s3
5308,981,s11
5309,982,s1
5310,982,s2
5311,982,s3
5312,982,s4
5313,982,s5
5314,982,s2
5315,982,s3
5316,982,s5
5317,982,s7
5318,982,s9
5319,982,s10
5320,982,s2
5321,982,s3
5322,982,s4
5323,982,s4
5324,982,s5
5325,982,s7
5326,982,s9
5327,982,s10
5328,982,s11
5329,983,s1
5330,983,s11
5331,984,s1
5332,984,s2
5333,984,s3
5334,984,s11
5335,985,s1
5336,985,s11
5337,986,s1
5338,986,s11
5339,987,s1
5340,987,s11
5341,988,s1
5342,988,s2
5343,988,s3
5344,988,s11
5345,989,s1
5346,989,s2
5347,989,s3
5348,989,s4
5349,989,s3
5350,989,s5
5351,989,s7
5352,989,s9
5353,989,s8
5354,989,s9
5355,989,s10
5356,989,s11
5357,990,s1
5358,990,s11
5359,991,s1
5360,991,s11
5361,992,s1
5362,992,s2
5363,992,s11
5364,993,s1
5365,993,s11
5366,994,s1
5367,994,s2
5368,994,s3
5369,994,s3
5370,994,s3
5371,994,s11
5372,995,s1
5373,995,s11
5374,996,s1
5375,996,s11
5376,997,s1
5377,997,s11
5378,998,s1
5379,998,s11
5380,999,s1
5381,999,s11
